image_path,subject_id,behavior,condition,lighting,timestamp,face_detected,ear,mar,jaw_ratio,yaw,pitch,roll,brightness
S01/glasses/attentive/S01_attentive_glasses_000000.jpg,S01,attentive,glasses,glasses,,1,0.29583,0.45173,0.43839,-27.946,-178.668,-177.181,131.43
S01/glasses/attentive/S01_attentive_glasses_000001.jpg,S01,attentive,glasses,glasses,,1,0.33204,0.45207,0.43361,-27.479,-176.794,-177.661,131.64
S01/glasses/attentive/S01_attentive_glasses_000002.jpg,S01,attentive,glasses,glasses,,1,0.31737,0.45346,0.4478,-27.487,-177.07,-178.048,132.53
S01/glasses/attentive/S01_attentive_glasses_000003.jpg,S01,attentive,glasses,glasses,,1,0.32287,0.45217,0.44831,-28.338,-177.092,-177.648,132.84
S01/glasses/attentive/S01_attentive_glasses_000004.jpg,S01,attentive,glasses,glasses,,1,0.31998,0.4512,0.44639,-27.146,-178.448,-177.007,132.96
S01/glasses/attentive/S01_attentive_glasses_000005.jpg,S01,attentive,glasses,glasses,,1,0.30549,0.45537,0.44973,-28.01,-177.794,-177.25,133.55
S01/glasses/attentive/S01_attentive_glasses_000006.jpg,S01,attentive,glasses,glasses,,1,0.321,0.45414,0.44008,-30.297,-177.307,-176.853,134.36
S01/glasses/attentive/S01_attentive_glasses_000007.jpg,S01,attentive,glasses,glasses,,1,0.31769,0.45227,0.44795,-27.04,-176.235,-177.15,135.2
S01/glasses/attentive/S01_attentive_glasses_000008.jpg,S01,attentive,glasses,glasses,,1,0.29313,0.45249,0.48393,-27.932,-178.305,-177.183,135.76
S01/glasses/attentive/S01_attentive_glasses_000009.jpg,S01,attentive,glasses,glasses,,1,0.29137,0.45288,0.4923,-27.064,-175.822,-178.558,135.64
S01/glasses/attentive/S01_attentive_glasses_000010.jpg,S01,attentive,glasses,glasses,,1,0.31567,0.45002,0.48235,-27.7,-179.489,-176.455,135.97
S01/glasses/attentive/S01_attentive_glasses_000011.jpg,S01,attentive,glasses,glasses,,1,0.30126,0.45425,0.47547,-28.805,-179.559,-175.648,135.58
S01/glasses/attentive/S01_attentive_glasses_000012.jpg,S01,attentive,glasses,glasses,,1,0.3005,0.45163,0.47778,-28.426,-179.604,-175.333,135.08
S01/glasses/attentive/S01_attentive_glasses_000013.jpg,S01,attentive,glasses,glasses,,1,0.30584,0.45132,0.47373,-28.703,-179.458,-175.211,135.27
S01/glasses/attentive/S01_attentive_glasses_000014.jpg,S01,attentive,glasses,glasses,,1,0.30183,0.45342,0.47202,-28.962,179.489,-175.343,134.76
S01/glasses/attentive/S01_attentive_glasses_000015.jpg,S01,attentive,glasses,glasses,,1,0.31752,0.45231,0.46871,-29.616,179.455,-175.132,134.62
S01/glasses/attentive/S01_attentive_glasses_000016.jpg,S01,attentive,glasses,glasses,,1,0.31923,0.45126,0.483,-29.405,179.519,-175.129,134.73
S01/glasses/attentive/S01_attentive_glasses_000017.jpg,S01,attentive,glasses,glasses,,1,0.30435,0.4556,0.47152,-28.497,178.95,-175.321,134.29
S01/glasses/attentive/S01_attentive_glasses_000018.jpg,S01,attentive,glasses,glasses,,1,0.31623,0.45253,0.46564,-30.089,178.922,-175.35,134.37
S01/glasses/attentive/S01_attentive_glasses_000019.jpg,S01,attentive,glasses,glasses,,1,0.31625,0.45518,0.46319,-29.22,179.204,-175.071,134.29
S01/glasses/attentive/S01_attentive_glasses_000020.jpg,S01,attentive,glasses,glasses,,1,0.31277,0.45528,0.47869,-28.897,179.347,-175.112,134.3
S01/glasses/attentive/S01_attentive_glasses_000021.jpg,S01,attentive,glasses,glasses,,1,0.31509,0.45372,0.47986,-28.695,179.294,-174.536,134.21
S01/glasses/attentive/S01_attentive_glasses_000022.jpg,S01,attentive,glasses,glasses,,1,0.30249,0.45373,0.47464,-28.959,-179.689,-174.628,134.37
S01/glasses/attentive/S01_attentive_glasses_000023.jpg,S01,attentive,glasses,glasses,,1,0.30506,0.4544,0.47312,-29.275,179.842,-174.991,134.26
S01/glasses/attentive/S01_attentive_glasses_000024.jpg,S01,attentive,glasses,glasses,,1,0.32521,0.45491,0.47921,-28.304,179.861,-174.743,134.31
S01/glasses/attentive/S01_attentive_glasses_000025.jpg,S01,attentive,glasses,glasses,,1,0.31211,0.45149,0.47513,-28.778,-179.331,-175.437,134.36
S01/glasses/attentive/S01_attentive_glasses_000026.jpg,S01,attentive,glasses,glasses,,1,0.30058,0.45354,0.47678,-29.062,-179.438,-174.775,134.35
S01/glasses/attentive/S01_attentive_glasses_000027.jpg,S01,attentive,glasses,glasses,,1,0.32208,0.45476,0.46806,-29.33,-179.861,-175.06,134.39
S01/glasses/attentive/S01_attentive_glasses_000028.jpg,S01,attentive,glasses,glasses,,1,0.32133,0.45391,0.47514,-29.008,-179.742,-175.02,134.43
S01/glasses/attentive/S01_attentive_glasses_000029.jpg,S01,attentive,glasses,glasses,,1,0.32117,0.45373,0.46904,-28.442,179.831,-174.948,134.47
S01/glasses/attentive/S01_attentive_glasses_000030.jpg,S01,attentive,glasses,glasses,,1,0.31456,0.45227,0.48111,-27.348,-178.474,-175.033,134.59
S01/glasses/attentive/S01_attentive_glasses_000031.jpg,S01,attentive,glasses,glasses,,1,0.31668,0.45177,0.47776,-27.709,-179.458,-175.142,134.62
S01/glasses/attentive/S01_attentive_glasses_000032.jpg,S01,attentive,glasses,glasses,,1,0.30669,0.45051,0.46639,-28.19,-178.373,-175.826,134.75
S01/glasses/attentive/S01_attentive_glasses_000033.jpg,S01,attentive,glasses,glasses,,1,0.32222,0.45303,0.46814,-29.179,-177.563,-175.875,134.7
S01/glasses/attentive/S01_attentive_glasses_000034.jpg,S01,attentive,glasses,glasses,,1,0.30524,0.45385,0.46547,-28.19,-178.572,-175.695,134.78
S01/glasses/attentive/S01_attentive_glasses_000035.jpg,S01,attentive,glasses,glasses,,1,0.33169,0.45216,0.47218,-26.886,-179.146,-175.512,134.68
S01/glasses/attentive/S01_attentive_glasses_000036.jpg,S01,attentive,glasses,glasses,,1,0.29732,0.45653,0.47009,-28.224,-179.929,-175.286,134.67
S01/glasses/attentive/S01_attentive_glasses_000037.jpg,S01,attentive,glasses,glasses,,1,0.30823,0.45448,0.46923,-28.405,-179.017,-174.954,134.64
S01/glasses/attentive/S01_attentive_glasses_000038.jpg,S01,attentive,glasses,glasses,,1,0.31328,0.44987,0.46467,-27.421,-178.488,-175.066,134.52
S01/glasses/attentive/S01_attentive_glasses_000039.jpg,S01,attentive,glasses,glasses,,1,0.31812,0.45449,0.47499,-27.54,-179.503,-175.333,134.46
S01/glasses/attentive/S01_attentive_glasses_000040.jpg,S01,attentive,glasses,glasses,,1,0.31736,0.45183,0.4734,-28.141,-179.148,-175.362,134.44
S01/glasses/attentive/S01_attentive_glasses_000041.jpg,S01,attentive,glasses,glasses,,1,0.31055,0.45241,0.47973,-27.651,-179.466,-174.966,134.45
S01/glasses/attentive/S01_attentive_glasses_000042.jpg,S01,attentive,glasses,glasses,,1,0.31028,0.45179,0.46677,-28.334,-178.756,-175.207,134.29
S01/glasses/attentive/S01_attentive_glasses_000043.jpg,S01,attentive,glasses,glasses,,1,0.30475,0.45468,0.46485,-28.637,-179.234,-174.846,134.4
S01/glasses/attentive/S01_attentive_glasses_000044.jpg,S01,attentive,glasses,glasses,,1,0.30831,0.45214,0.47244,-28.232,-178.416,-175.138,134.3
S01/glasses/attentive/S01_attentive_glasses_000045.jpg,S01,attentive,glasses,glasses,,1,0.31056,0.45413,0.46949,-28.214,-179.407,-174.991,134.46
S01/glasses/attentive/S01_attentive_glasses_000046.jpg,S01,attentive,glasses,glasses,,1,0.31783,0.45178,0.47531,-28.756,-178.267,-175.469,134.43
S01/glasses/attentive/S01_attentive_glasses_000047.jpg,S01,attentive,glasses,glasses,,1,0.33157,0.45155,0.47598,-29.583,-179.202,-174.422,134.42
S01/glasses/attentive/S01_attentive_glasses_000048.jpg,S01,attentive,glasses,glasses,,1,0.30811,0.45234,0.47398,-28.519,-178.362,-175.223,134.42
S01/glasses/attentive/S01_attentive_glasses_000049.jpg,S01,attentive,glasses,glasses,,1,0.31471,0.4537,0.46987,-28.099,-179.995,-175.073,134.43
S01/glasses/attentive/S01_attentive_glasses_000050.jpg,S01,attentive,glasses,glasses,,1,0.31222,0.45471,0.47491,-29.955,-179.246,-174.295,134.39
S01/glasses/attentive/S01_attentive_glasses_000051.jpg,S01,attentive,glasses,glasses,,1,0.30168,0.45181,0.47186,-28.593,-179.67,-174.423,134.59
S01/glasses/attentive/S01_attentive_glasses_000052.jpg,S01,attentive,glasses,glasses,,1,0.31718,0.45514,0.46657,-28.268,-179.438,-174.832,134.54
S01/glasses/attentive/S01_attentive_glasses_000053.jpg,S01,attentive,glasses,glasses,,1,0.31158,0.45127,0.46562,-27.818,-179.498,-175.088,134.54
S01/glasses/attentive/S01_attentive_glasses_000054.jpg,S01,attentive,glasses,glasses,,1,0.32204,0.45272,0.46647,-27.915,-179.771,-174.756,134.51
S01/glasses/attentive/S01_attentive_glasses_000055.jpg,S01,attentive,glasses,glasses,,1,0.31414,0.45192,0.46396,-28.254,-179.563,-174.541,134.62
S01/glasses/attentive/S01_attentive_glasses_000056.jpg,S01,attentive,glasses,glasses,,1,0.31234,0.45289,0.47066,-28.643,179.793,-174.776,134.51
S01/glasses/attentive/S01_attentive_glasses_000057.jpg,S01,attentive,glasses,glasses,,1,0.30057,0.4532,0.46457,-30.031,-179.358,-174.688,134.59
S01/glasses/attentive/S01_attentive_glasses_000058.jpg,S01,attentive,glasses,glasses,,1,0.31581,0.45542,0.47303,-29.616,179.942,-174.688,134.64
S01/glasses/attentive/S01_attentive_glasses_000059.jpg,S01,attentive,glasses,glasses,,1,0.30513,0.45565,0.46504,-28.441,179.417,-174.051,134.63
S01/glasses/attentive/S01_attentive_glasses_000060.jpg,S01,attentive,glasses,glasses,,1,0.31671,0.45429,0.47643,-29.261,179.932,-174.631,134.68
S01/glasses/attentive/S01_attentive_glasses_000061.jpg,S01,attentive,glasses,glasses,,1,0.30785,0.45303,0.46245,-29.089,-178.544,-174.842,134.79
S01/glasses/attentive/S01_attentive_glasses_000062.jpg,S01,attentive,glasses,glasses,,1,0.30827,0.45369,0.47009,-29.156,-177.912,-175.142,135.09
S01/glasses/attentive/S01_attentive_glasses_000063.jpg,S01,attentive,glasses,glasses,,1,0.31573,0.45394,0.46959,-28.819,-178.836,-175.136,135.33
S01/glasses/attentive/S01_attentive_glasses_000064.jpg,S01,attentive,glasses,glasses,,1,0.3259,0.45088,0.48725,-26.791,-178.401,-174.804,135.75
S01/glasses/attentive/S01_attentive_glasses_000065.jpg,S01,attentive,glasses,glasses,,1,0.31802,0.45478,0.47605,-27.399,-179.358,-175.427,136.0
S01/glasses/attentive/S01_attentive_glasses_000066.jpg,S01,attentive,glasses,glasses,,1,0.32921,0.45457,0.47821,-28.038,-177.833,-175.309,136.12
S01/glasses/attentive/S01_attentive_glasses_000067.jpg,S01,attentive,glasses,glasses,,1,0.32461,0.45157,0.48308,-26.996,-177.277,-175.437,136.23
S01/glasses/attentive/S01_attentive_glasses_000068.jpg,S01,attentive,glasses,glasses,,1,0.31587,0.45099,0.48392,-26.9,-179.54,-175.026,136.4
S01/glasses/attentive/S01_attentive_glasses_000069.jpg,S01,attentive,glasses,glasses,,1,0.31638,0.45406,0.47997,-26.968,-178.936,-174.568,136.57
S01/glasses/attentive/S01_attentive_glasses_000070.jpg,S01,attentive,glasses,glasses,,1,0.31761,0.45228,0.48561,-26.647,-179.343,-174.576,136.48
S01/glasses/attentive/S01_attentive_glasses_000071.jpg,S01,attentive,glasses,glasses,,1,0.32016,0.452,0.48375,-26.931,-178.668,-174.623,136.46
S01/glasses/attentive/S01_attentive_glasses_000072.jpg,S01,attentive,glasses,glasses,,1,0.32653,0.45379,0.48168,-27.111,-179.339,-174.615,136.51
S01/glasses/attentive/S01_attentive_glasses_000073.jpg,S01,attentive,glasses,glasses,,1,0.33,0.4507,0.49061,-25.977,-177.573,-175.127,136.47
S01/glasses/attentive/S01_attentive_glasses_000074.jpg,S01,attentive,glasses,glasses,,1,0.32427,0.45093,0.47711,-26.867,-179.445,-175.158,136.4
S01/glasses/attentive/S01_attentive_glasses_000075.jpg,S01,attentive,glasses,glasses,,1,0.31877,0.45409,0.47976,-27.413,-179.694,-174.978,136.42
S01/glasses/attentive/S01_attentive_glasses_000076.jpg,S01,attentive,glasses,glasses,,1,0.30496,0.45361,0.4709,-27.68,-178.594,-174.789,136.36
S01/glasses/attentive/S01_attentive_glasses_000077.jpg,S01,attentive,glasses,glasses,,1,0.31457,0.45333,0.47233,-27.649,179.944,-175.112,136.27
S01/glasses/attentive/S01_attentive_glasses_000078.jpg,S01,attentive,glasses,glasses,,1,0.31822,0.45167,0.47832,-26.697,-179.108,-174.817,136.31
S01/glasses/attentive/S01_attentive_glasses_000079.jpg,S01,attentive,glasses,glasses,,1,0.33412,0.45119,0.47303,-28.505,-178.321,-174.804,136.17
S01/glasses/attentive/S01_attentive_glasses_000080.jpg,S01,attentive,glasses,glasses,,1,0.32349,0.45249,0.47915,-26.97,-177.99,-175.24,136.19
S01/glasses/attentive/S01_attentive_glasses_000081.jpg,S01,attentive,glasses,glasses,,1,0.32799,0.45269,0.47843,-27.211,-178.855,-175.313,136.19
S01/glasses/attentive/S01_attentive_glasses_000082.jpg,S01,attentive,glasses,glasses,,1,0.33114,0.45261,0.47947,-26.676,179.869,-175.311,136.14
S01/glasses/attentive/S01_attentive_glasses_000083.jpg,S01,attentive,glasses,glasses,,1,0.31578,0.45174,0.4765,-27.636,-178.672,-175.632,136.19
S01/glasses/attentive/S01_attentive_glasses_000084.jpg,S01,attentive,glasses,glasses,,1,0.32644,0.45187,0.47942,-26.535,-177.714,-176.073,136.26
S01/glasses/attentive/S01_attentive_glasses_000085.jpg,S01,attentive,glasses,glasses,,1,0.32169,0.45121,0.48494,-26.893,-179.475,-175.109,136.18
S01/glasses/attentive/S01_attentive_glasses_000086.jpg,S01,attentive,glasses,glasses,,1,0.31361,0.453,0.48523,-27.191,-178.809,-175.172,136.29
S01/glasses/attentive/S01_attentive_glasses_000087.jpg,S01,attentive,glasses,glasses,,1,0.27377,0.45212,0.48201,-26.626,-177.581,-176.028,136.27
S01/glasses/attentive/S01_attentive_glasses_000088.jpg,S01,attentive,glasses,glasses,,1,0.30403,0.45105,0.48127,-27.022,-178.738,-175.038,136.3
S01/glasses/attentive/S01_attentive_glasses_000089.jpg,S01,attentive,glasses,glasses,,1,0.3094,0.45287,0.47898,-26.786,-179.484,-174.901,136.26
S01/glasses/attentive/S01_attentive_glasses_000090.jpg,S01,attentive,glasses,glasses,,1,0.31976,0.45253,0.47698,-27.437,-178.732,-175.24,136.28
S01/glasses/attentive/S01_attentive_glasses_000091.jpg,S01,attentive,glasses,glasses,,1,0.31565,0.45138,0.47723,-27.038,-178.449,-175.054,136.26
S01/glasses/attentive/S01_attentive_glasses_000092.jpg,S01,attentive,glasses,glasses,,1,0.32657,0.45244,0.48459,-27.14,-178.625,-174.54,136.33
S01/glasses/attentive/S01_attentive_glasses_000093.jpg,S01,attentive,glasses,glasses,,1,0.32897,0.45184,0.47903,-26.23,-177.656,-175.188,136.26
S01/glasses/attentive/S01_attentive_glasses_000094.jpg,S01,attentive,glasses,glasses,,1,0.32764,0.45176,0.48956,-26.367,-178.339,-175.364,136.29
S01/glasses/attentive/S01_attentive_glasses_000095.jpg,S01,attentive,glasses,glasses,,1,0.30665,0.45367,0.48364,-25.992,-178.672,-174.957,136.3
S01/glasses/attentive/S01_attentive_glasses_000096.jpg,S01,attentive,glasses,glasses,,1,0.30717,0.45347,0.48364,-25.769,-178.19,-175.328,136.19
S01/glasses/attentive/S01_attentive_glasses_000097.jpg,S01,attentive,glasses,glasses,,1,0.31631,0.45262,0.47812,-26.554,-178.811,-175.078,136.3
S01/glasses/attentive/S01_attentive_glasses_000098.jpg,S01,attentive,glasses,glasses,,1,0.3137,0.45324,0.48903,-24.189,-178.797,-175.249,136.24
S01/glasses/attentive/S01_attentive_glasses_000099.jpg,S01,attentive,glasses,glasses,,1,0.32176,0.4507,0.4832,-25.394,-178.388,-175.533,136.24
S01/glasses/attentive/S01_attentive_glasses_000100.jpg,S01,attentive,glasses,glasses,,1,0.3186,0.4525,0.48831,-25.3,-178.871,-174.991,136.27
S01/glasses/attentive/S01_attentive_glasses_000101.jpg,S01,attentive,glasses,glasses,,1,0.31644,0.45353,0.47841,-27.525,-177.66,-175.15,136.24
S01/glasses/attentive/S01_attentive_glasses_000102.jpg,S01,attentive,glasses,glasses,,1,0.32292,0.45252,0.48945,-26.33,-179.163,-174.649,136.31
S01/glasses/attentive/S01_attentive_glasses_000103.jpg,S01,attentive,glasses,glasses,,1,0.31524,0.45617,0.49229,-25.735,-179.03,-174.783,136.47
S01/glasses/attentive/S01_attentive_glasses_000104.jpg,S01,attentive,glasses,glasses,,1,0.31809,0.45139,0.5012,-24.575,-177.585,-175.874,136.53
S01/glasses/attentive/S01_attentive_glasses_000105.jpg,S01,attentive,glasses,glasses,,1,0.31863,0.45176,0.48786,-25.732,-178.001,-175.365,136.59
S01/glasses/attentive/S01_attentive_glasses_000106.jpg,S01,attentive,glasses,glasses,,1,0.31872,0.45204,0.47984,-25.225,-177.591,-175.18,136.69
S01/glasses/attentive/S01_attentive_glasses_000107.jpg,S01,attentive,glasses,glasses,,1,0.31474,0.45257,0.47538,-24.867,-178.492,-175.023,136.66
S01/glasses/attentive/S01_attentive_glasses_000108.jpg,S01,attentive,glasses,glasses,,1,0.3044,0.45104,0.48202,-25.612,-178.147,-175.353,136.57
S01/glasses/attentive/S01_attentive_glasses_000109.jpg,S01,attentive,glasses,glasses,,1,0.31382,0.4526,0.48361,-25.603,-177.826,-175.099,136.67
S01/glasses/attentive/S01_attentive_glasses_000110.jpg,S01,attentive,glasses,glasses,,1,0.31932,0.45372,0.47913,-24.928,-178.158,-175.183,136.54
S01/glasses/attentive/S01_attentive_glasses_000111.jpg,S01,attentive,glasses,glasses,,1,0.31267,0.45248,0.47669,-27.815,-177.982,-175.103,136.49
S01/glasses/attentive/S01_attentive_glasses_000112.jpg,S01,attentive,glasses,glasses,,1,0.31907,0.45112,0.48122,-26.601,-178.106,-175.127,136.51
S01/glasses/attentive/S01_attentive_glasses_000113.jpg,S01,attentive,glasses,glasses,,1,0.31824,0.45036,0.47681,-26.551,-178.534,-174.769,136.43
S01/glasses/attentive/S01_attentive_glasses_000114.jpg,S01,attentive,glasses,glasses,,1,0.31755,0.45172,0.48607,-26.235,-179.142,-175.129,136.46
S01/glasses/attentive/S01_attentive_glasses_000115.jpg,S01,attentive,glasses,glasses,,1,0.31866,0.45106,0.47708,-25.448,-177.472,-175.576,136.5
S01/glasses/attentive/S01_attentive_glasses_000116.jpg,S01,attentive,glasses,glasses,,1,0.31251,0.45012,0.49427,-25.134,-178.373,-175.586,136.51
S01/glasses/attentive/S01_attentive_glasses_000117.jpg,S01,attentive,glasses,glasses,,1,0.32554,0.45274,0.49136,-25.93,-176.915,-175.909,136.44
S01/glasses/attentive/S01_attentive_glasses_000118.jpg,S01,attentive,glasses,glasses,,1,0.32664,0.4512,0.49408,-25.832,-178.485,-175.732,136.42
S01/glasses/attentive/S01_attentive_glasses_000119.jpg,S01,attentive,glasses,glasses,,1,0.30886,0.45238,0.48469,-25.35,-178.247,-175.494,136.37
S01/glasses/attentive/S01_attentive_glasses_000120.jpg,S01,attentive,glasses,glasses,,1,0.32109,0.45236,0.48543,-27.066,-176.857,-175.878,136.36
S01/glasses/attentive/S01_attentive_glasses_000121.jpg,S01,attentive,glasses,glasses,,1,0.3143,0.45205,0.48311,-26.055,-177.583,-175.442,136.35
S01/glasses/attentive/S01_attentive_glasses_000122.jpg,S01,attentive,glasses,glasses,,1,0.32537,0.45358,0.48147,-25.621,-178.972,-175.003,136.32
S01/glasses/attentive/S01_attentive_glasses_000123.jpg,S01,attentive,glasses,glasses,,1,0.31065,0.45432,0.47723,-27.241,-179.165,-175.074,136.3
S01/glasses/attentive/S01_attentive_glasses_000124.jpg,S01,attentive,glasses,glasses,,1,0.3172,0.45347,0.49974,-26.039,-177.93,-175.229,136.34
S01/glasses/attentive/S01_attentive_glasses_000125.jpg,S01,attentive,glasses,glasses,,1,0.32383,0.45254,0.48245,-25.063,-177.561,-175.467,136.22
S01/glasses/attentive/S01_attentive_glasses_000126.jpg,S01,attentive,glasses,glasses,,1,0.32949,0.45081,0.48249,-26.712,-178.958,-174.951,136.32
S01/glasses/attentive/S01_attentive_glasses_000127.jpg,S01,attentive,glasses,glasses,,1,0.32904,0.45187,0.4891,-25.698,-177.74,-175.707,136.26
S01/glasses/attentive/S01_attentive_glasses_000128.jpg,S01,attentive,glasses,glasses,,1,0.31554,0.45186,0.4842,-26.879,-179.178,-174.958,136.25
S01/glasses/attentive/S01_attentive_glasses_000129.jpg,S01,attentive,glasses,glasses,,1,0.3235,0.45231,0.47968,-25.816,-178.781,-174.682,136.23
S01/glasses/attentive/S01_attentive_glasses_000130.jpg,S01,attentive,glasses,glasses,,1,0.32106,0.45313,0.48876,-26.856,-178.127,-175.108,136.26
S01/glasses/attentive/S01_attentive_glasses_000131.jpg,S01,attentive,glasses,glasses,,1,0.32295,0.45083,0.49152,-24.693,-177.842,-175.954,136.24
S01/glasses/attentive/S01_attentive_glasses_000132.jpg,S01,attentive,glasses,glasses,,1,0.31986,0.45598,0.48447,-27.145,-177.782,-175.325,136.27
S01/glasses/attentive/S01_attentive_glasses_000133.jpg,S01,attentive,glasses,glasses,,1,0.31171,0.45211,0.49201,-26.365,-179.34,-174.974,136.24
S01/glasses/attentive/S01_attentive_glasses_000134.jpg,S01,attentive,glasses,glasses,,1,0.31334,0.45312,0.48491,-25.497,-179.015,-175.262,136.29
S01/glasses/attentive/S01_attentive_glasses_000135.jpg,S01,attentive,glasses,glasses,,1,0.33325,0.4543,0.48762,-25.682,-177.785,-175.317,136.29
S01/glasses/attentive/S01_attentive_glasses_000136.jpg,S01,attentive,glasses,glasses,,1,0.31463,0.45493,0.48228,-25.442,-178.904,-175.002,136.21
S01/glasses/attentive/S01_attentive_glasses_000137.jpg,S01,attentive,glasses,glasses,,1,0.31034,0.45048,0.48457,-25.951,-177.538,-175.529,136.24
S01/glasses/attentive/S01_attentive_glasses_000138.jpg,S01,attentive,glasses,glasses,,1,0.32572,0.453,0.48634,-26.452,-177.68,-175.115,136.24
S01/glasses/attentive/S01_attentive_glasses_000139.jpg,S01,attentive,glasses,glasses,,1,0.3149,0.45284,0.49017,-25.607,-179.608,-174.81,136.34
S01/glasses/attentive/S01_attentive_glasses_000140.jpg,S01,attentive,glasses,glasses,,1,0.33775,0.45075,0.48789,-25.71,-178.814,-175.823,136.29
S01/glasses/attentive/S01_attentive_glasses_000141.jpg,S01,attentive,glasses,glasses,,1,0.32533,0.45359,0.48995,-26.345,-179.416,-175.18,136.35
S01/glasses/attentive/S01_attentive_glasses_000142.jpg,S01,attentive,glasses,glasses,,1,0.31604,0.45181,0.4867,-26.302,-179.087,-175.208,136.31
S01/glasses/attentive/S01_attentive_glasses_000143.jpg,S01,attentive,glasses,glasses,,1,0.32977,0.45187,0.48468,-26.15,-179.79,-174.938,136.37
S01/glasses/attentive/S01_attentive_glasses_000144.jpg,S01,attentive,glasses,glasses,,1,0.30549,0.45102,0.48485,-26.574,-178.079,-175.31,136.4
S01/glasses/attentive/S01_attentive_glasses_000145.jpg,S01,attentive,glasses,glasses,,1,0.32091,0.45106,0.48901,-26.342,-178.049,-175.373,136.47
S01/glasses/attentive/S01_attentive_glasses_000146.jpg,S01,attentive,glasses,glasses,,1,0.32529,0.45369,0.48706,-26.828,-177.742,-175.295,136.5
S01/glasses/attentive/S01_attentive_glasses_000147.jpg,S01,attentive,glasses,glasses,,1,0.32222,0.45068,0.48378,-27.012,-176.252,-175.972,136.52
S01/glasses/attentive/S01_attentive_glasses_000148.jpg,S01,attentive,glasses,glasses,,1,0.31286,0.45318,0.4881,-25.513,-179.298,-174.974,136.59
S01/glasses/attentive/S01_attentive_glasses_000149.jpg,S01,attentive,glasses,glasses,,1,0.32316,0.45243,0.48166,-26.853,-178.771,-174.793,136.68
S01/glasses/drowsy/S01_drowsy_glasses_000000.jpg,S01,drowsy,glasses,glasses,,1,0.30264,0.45083,0.49735,-20.057,-176.293,179.252,141.27
S01/glasses/drowsy/S01_drowsy_glasses_000001.jpg,S01,drowsy,glasses,glasses,,1,0.2909,0.45339,0.51196,-17.731,-177.164,179.54,141.24
S01/glasses/drowsy/S01_drowsy_glasses_000002.jpg,S01,drowsy,glasses,glasses,,1,0.30191,0.45243,0.50196,-20.224,-176.291,-179.621,141.39
S01/glasses/drowsy/S01_drowsy_glasses_000003.jpg,S01,drowsy,glasses,glasses,,1,0.30627,0.45228,0.48425,-19.372,-176.287,179.085,140.89
S01/glasses/drowsy/S01_drowsy_glasses_000004.jpg,S01,drowsy,glasses,glasses,,1,0.31802,0.45104,0.48249,-22.877,-177.412,-179.405,141.08
S01/glasses/drowsy/S01_drowsy_glasses_000005.jpg,S01,drowsy,glasses,glasses,,1,0.30451,0.45081,0.49173,-23.002,-176.174,-179.683,141.05
S01/glasses/drowsy/S01_drowsy_glasses_000006.jpg,S01,drowsy,glasses,glasses,,1,0.26434,0.45346,0.48834,-23.186,-177.633,-178.264,141.06
S01/glasses/drowsy/S01_drowsy_glasses_000007.jpg,S01,drowsy,glasses,glasses,,1,0.2742,0.44987,0.49665,-23.93,-179.009,-177.407,141.0
S01/glasses/drowsy/S01_drowsy_glasses_000008.jpg,S01,drowsy,glasses,glasses,,1,0.26324,0.45184,0.5003,-23.538,-177.809,-177.416,141.1
S01/glasses/drowsy/S01_drowsy_glasses_000009.jpg,S01,drowsy,glasses,glasses,,1,0.26273,0.4511,0.49713,-22.824,-179.122,-177.193,141.06
S01/glasses/drowsy/S01_drowsy_glasses_000010.jpg,S01,drowsy,glasses,glasses,,1,0.28162,0.45087,0.50457,-23.31,-179.755,-177.634,141.11
S01/glasses/drowsy/S01_drowsy_glasses_000011.jpg,S01,drowsy,glasses,glasses,,1,0.27109,0.4512,0.49038,-26.008,-178.399,-177.984,141.12
S01/glasses/drowsy/S01_drowsy_glasses_000012.jpg,S01,drowsy,glasses,glasses,,1,0.25658,0.45003,0.4935,-25.244,-179.142,-177.709,141.17
S01/glasses/drowsy/S01_drowsy_glasses_000013.jpg,S01,drowsy,glasses,glasses,,1,0.25677,0.45062,0.49614,-25.007,-178.354,-177.967,141.18
S01/glasses/drowsy/S01_drowsy_glasses_000014.jpg,S01,drowsy,glasses,glasses,,1,0.26514,0.45064,0.49145,-21.512,-178.956,-177.773,141.17
S01/glasses/drowsy/S01_drowsy_glasses_000015.jpg,S01,drowsy,glasses,glasses,,1,0.28075,0.44921,0.49747,-24.403,-177.645,-177.252,141.18
S01/glasses/drowsy/S01_drowsy_glasses_000016.jpg,S01,drowsy,glasses,glasses,,1,0.27097,0.4495,0.49529,-24.469,-178.87,-177.309,141.23
S01/glasses/drowsy/S01_drowsy_glasses_000017.jpg,S01,drowsy,glasses,glasses,,1,0.2842,0.45005,0.49711,-25.414,-177.865,-177.712,141.26
S01/glasses/drowsy/S01_drowsy_glasses_000018.jpg,S01,drowsy,glasses,glasses,,1,0.26111,0.45443,0.49549,-26.292,-178.772,-177.411,141.28
S01/glasses/drowsy/S01_drowsy_glasses_000019.jpg,S01,drowsy,glasses,glasses,,1,0.2757,0.45332,0.4857,-27.31,-179.257,-177.02,141.24
S01/glasses/drowsy/S01_drowsy_glasses_000020.jpg,S01,drowsy,glasses,glasses,,1,0.26973,0.45285,0.48876,-26.846,-177.217,-178.103,141.21
S01/glasses/drowsy/S01_drowsy_glasses_000021.jpg,S01,drowsy,glasses,glasses,,1,0.28588,0.45406,0.47628,-26.306,-178.611,-176.923,141.17
S01/glasses/drowsy/S01_drowsy_glasses_000022.jpg,S01,drowsy,glasses,glasses,,1,0.24124,0.45434,0.47291,-28.381,-179.254,-177.37,141.01
S01/glasses/drowsy/S01_drowsy_glasses_000023.jpg,S01,drowsy,glasses,glasses,,1,0.2242,0.45412,0.4642,-27.768,-178.493,-177.137,140.91
S01/glasses/drowsy/S01_drowsy_glasses_000024.jpg,S01,drowsy,glasses,glasses,,1,0.24669,0.45088,0.46857,-26.714,-176.77,-178.237,140.9
S01/glasses/drowsy/S01_drowsy_glasses_000025.jpg,S01,drowsy,glasses,glasses,,1,0.24628,0.45368,0.46502,-28.73,-178.121,-177.04,140.92
S01/glasses/drowsy/S01_drowsy_glasses_000026.jpg,S01,drowsy,glasses,glasses,,1,0.2785,0.45092,0.47459,-25.855,-178.299,-177.682,141.02
S01/glasses/drowsy/S01_drowsy_glasses_000027.jpg,S01,drowsy,glasses,glasses,,1,0.28795,0.45412,0.48779,-27.938,-178.682,-178.14,141.12
S01/glasses/drowsy/S01_drowsy_glasses_000028.jpg,S01,drowsy,glasses,glasses,,1,0.28471,0.45209,0.48965,-25.855,-179.764,-177.565,141.25
S01/glasses/drowsy/S01_drowsy_glasses_000029.jpg,S01,drowsy,glasses,glasses,,1,0.26849,0.45207,0.49948,-25.264,-178.361,-178.173,141.38
S01/glasses/drowsy/S01_drowsy_glasses_000030.jpg,S01,drowsy,glasses,glasses,,1,0.23071,0.45337,0.52932,-22.226,179.712,-177.984,141.46
S01/glasses/drowsy/S01_drowsy_glasses_000031.jpg,S01,drowsy,glasses,glasses,,1,0.22402,0.44856,0.54853,-21.841,179.244,-176.847,141.51
S01/glasses/drowsy/S01_drowsy_glasses_000032.jpg,S01,drowsy,glasses,glasses,,1,0.20997,0.45196,0.55174,-21.238,-179.277,-177.601,141.59
S01/glasses/drowsy/S01_drowsy_glasses_000033.jpg,S01,drowsy,glasses,glasses,,1,0.21952,0.44894,0.55489,-19.589,-177.176,-177.613,141.71
S01/glasses/drowsy/S01_drowsy_glasses_000034.jpg,S01,drowsy,glasses,glasses,,1,0.21291,0.44915,0.57954,-15.156,178.818,-175.238,141.78
S01/glasses/drowsy/S01_drowsy_glasses_000035.jpg,S01,drowsy,glasses,glasses,,1,0.21683,0.45318,0.58313,-20.259,-178.433,-176.97,141.89
S01/glasses/drowsy/S01_drowsy_glasses_000036.jpg,S01,drowsy,glasses,glasses,,1,0.25087,0.44631,0.58858,-15.305,178.928,-176.144,141.99
S01/glasses/drowsy/S01_drowsy_glasses_000037.jpg,S01,drowsy,glasses,glasses,,1,0.22331,0.45279,0.58257,-16.846,178.507,-175.821,142.05
S01/glasses/drowsy/S01_drowsy_glasses_000038.jpg,S01,drowsy,glasses,glasses,,1,0.22804,0.45188,0.58675,-16.628,178.617,-176.879,142.03
S01/glasses/drowsy/S01_drowsy_glasses_000039.jpg,S01,drowsy,glasses,glasses,,1,0.2103,0.45228,0.58348,-13.645,174.657,-175.348,142.02
S01/glasses/drowsy/S01_drowsy_glasses_000040.jpg,S01,drowsy,glasses,glasses,,1,0.22682,0.45362,0.59533,-16.268,175.284,-175.504,142.01
S01/glasses/drowsy/S01_drowsy_glasses_000041.jpg,S01,drowsy,glasses,glasses,,1,0.22218,0.45001,0.57909,-19.752,-178.976,-175.883,142.03
S01/glasses/drowsy/S01_drowsy_glasses_000042.jpg,S01,drowsy,glasses,glasses,,1,0.21484,0.45148,0.59006,-18.19,178.115,-174.892,141.98
S01/glasses/drowsy/S01_drowsy_glasses_000043.jpg,S01,drowsy,glasses,glasses,,1,0.23782,0.4475,0.58807,-13.797,176.395,-176.029,141.95
S01/glasses/drowsy/S01_drowsy_glasses_000044.jpg,S01,drowsy,glasses,glasses,,1,0.22503,0.44762,0.58714,-17.574,177.271,-174.538,141.92
S01/glasses/drowsy/S01_drowsy_glasses_000045.jpg,S01,drowsy,glasses,glasses,,1,0.19839,0.44825,0.5952,-18.196,178.43,-175.353,141.99
S01/glasses/drowsy/S01_drowsy_glasses_000046.jpg,S01,drowsy,glasses,glasses,,1,0.18811,0.44617,0.58451,-14.662,177.788,-175.491,142.02
S01/glasses/drowsy/S01_drowsy_glasses_000047.jpg,S01,drowsy,glasses,glasses,,1,0.20965,0.45157,0.57165,-18.601,176.984,-174.939,142.0
S01/glasses/drowsy/S01_drowsy_glasses_000048.jpg,S01,drowsy,glasses,glasses,,1,0.21439,0.45494,0.58616,-18.525,178.358,-175.281,142.05
S01/glasses/drowsy/S01_drowsy_glasses_000049.jpg,S01,drowsy,glasses,glasses,,1,0.20003,0.45175,0.6004,-17.465,176.74,-175.444,142.11
S01/glasses/drowsy/S01_drowsy_glasses_000050.jpg,S01,drowsy,glasses,glasses,,1,0.21022,0.45384,0.59349,-15.294,174.054,-175.02,142.18
S01/glasses/drowsy/S01_drowsy_glasses_000051.jpg,S01,drowsy,glasses,glasses,,1,0.18745,0.45619,0.58185,-13.963,176.362,-174.846,142.24
S01/glasses/drowsy/S01_drowsy_glasses_000052.jpg,S01,drowsy,glasses,glasses,,1,0.17152,0.45226,0.58181,-19.62,177.033,-174.861,142.15
S01/glasses/drowsy/S01_drowsy_glasses_000053.jpg,S01,drowsy,glasses,glasses,,1,0.23708,0.44984,0.5699,-16.358,178.425,-175.471,141.92
S01/glasses/drowsy/S01_drowsy_glasses_000054.jpg,S01,drowsy,glasses,glasses,,1,0.20269,0.45208,0.53911,-21.643,179.967,-176.767,141.57
S01/glasses/drowsy/S01_drowsy_glasses_000055.jpg,S01,drowsy,glasses,glasses,,1,0.24265,0.44928,0.52046,-20.821,-177.832,-177.721,141.43
S01/glasses/drowsy/S01_drowsy_glasses_000056.jpg,S01,drowsy,glasses,glasses,,1,0.21858,0.44966,0.51743,-21.911,179.827,-177.963,141.31
S01/glasses/drowsy/S01_drowsy_glasses_000057.jpg,S01,drowsy,glasses,glasses,,1,0.22045,0.451,0.5234,-23.498,179.505,-177.134,141.33
S01/glasses/drowsy/S01_drowsy_glasses_000058.jpg,S01,drowsy,glasses,glasses,,1,0.21028,0.45325,0.54048,-22.279,-179.107,-177.75,141.44
S01/glasses/drowsy/S01_drowsy_glasses_000059.jpg,S01,drowsy,glasses,glasses,,1,0.18173,0.45317,0.54554,-22.331,179.268,-177.032,141.5
S01/glasses/drowsy/S01_drowsy_glasses_000060.jpg,S01,drowsy,glasses,glasses,,1,0.20051,0.44739,0.56242,-19.256,-178.279,-176.958,141.65
S01/glasses/drowsy/S01_drowsy_glasses_000061.jpg,S01,drowsy,glasses,glasses,,1,0.21771,0.44835,0.58314,-14.816,177.493,-174.353,141.76
S01/glasses/drowsy/S01_drowsy_glasses_000062.jpg,S01,drowsy,glasses,glasses,,1,0.18358,0.45106,0.58205,-18.419,-179.757,-176.464,141.89
S01/glasses/drowsy/S01_drowsy_glasses_000063.jpg,S01,drowsy,glasses,glasses,,1,0.18746,0.45341,0.59082,-19.465,176.344,-175.297,142.05
S01/glasses/drowsy/S01_drowsy_glasses_000064.jpg,S01,drowsy,glasses,glasses,,1,0.18552,0.45578,0.59838,-14.071,173.012,-174.93,142.19
S01/glasses/drowsy/S01_drowsy_glasses_000065.jpg,S01,drowsy,glasses,glasses,,1,0.1961,0.45243,0.58456,-14.155,176.297,-175.26,142.36
S01/glasses/drowsy/S01_drowsy_glasses_000066.jpg,S01,drowsy,glasses,glasses,,1,0.17967,0.45872,0.58989,-15.156,173.828,-174.867,142.41
S01/glasses/drowsy/S01_drowsy_glasses_000067.jpg,S01,drowsy,glasses,glasses,,1,0.21327,0.45183,0.61338,-15.196,173.64,-174.917,142.46
S01/glasses/drowsy/S01_drowsy_glasses_000068.jpg,S01,drowsy,glasses,glasses,,1,0.1726,0.45071,0.61185,-13.54,171.656,-173.959,142.51
S01/glasses/drowsy/S01_drowsy_glasses_000069.jpg,S01,drowsy,glasses,glasses,,1,0.20476,0.45428,0.6261,-13.699,170.197,-173.311,142.55
S01/glasses/drowsy/S01_drowsy_glasses_000070.jpg,S01,drowsy,glasses,glasses,,1,0.17382,0.45338,0.61069,-14.42,171.942,-174.393,142.43
S01/glasses/drowsy/S01_drowsy_glasses_000071.jpg,S01,drowsy,glasses,glasses,,1,0.21085,0.45092,0.59347,-16.109,175.078,-174.734,142.29
S01/glasses/drowsy/S01_drowsy_glasses_000072.jpg,S01,drowsy,glasses,glasses,,1,0.18374,0.45473,0.58515,-17.394,174.345,-175.456,142.12
S01/glasses/drowsy/S01_drowsy_glasses_000073.jpg,S01,drowsy,glasses,glasses,,1,0.20846,0.45068,0.58248,-20.32,178.682,-176.263,141.91
S01/glasses/drowsy/S01_drowsy_glasses_000074.jpg,S01,drowsy,glasses,glasses,,1,0.20457,0.45331,0.5733,-18.801,-178.293,-176.89,141.75
S01/glasses/drowsy/S01_drowsy_glasses_000075.jpg,S01,drowsy,glasses,glasses,,1,0.23529,0.45103,0.57872,-18.691,179.928,-177.427,141.56
S01/glasses/drowsy/S01_drowsy_glasses_000076.jpg,S01,drowsy,glasses,glasses,,1,0.16525,0.45099,0.54143,-20.761,-179.455,-177.877,141.38
S01/glasses/drowsy/S01_drowsy_glasses_000077.jpg,S01,drowsy,glasses,glasses,,1,0.1631,0.44992,0.54031,-20.045,179.771,-177.974,141.22
S01/glasses/drowsy/S01_drowsy_glasses_000078.jpg,S01,drowsy,glasses,glasses,,1,0.19899,0.45299,0.54648,-19.365,179.469,-178.47,141.19
S01/glasses/drowsy/S01_drowsy_glasses_000079.jpg,S01,drowsy,glasses,glasses,,1,0.1309,0.45006,0.54084,-21.01,-179.861,-177.55,141.27
S01/glasses/drowsy/S01_drowsy_glasses_000080.jpg,S01,drowsy,glasses,glasses,,1,0.13865,0.45503,0.54856,-23.145,-179.263,-176.731,141.41
S01/glasses/drowsy/S01_drowsy_glasses_000081.jpg,S01,drowsy,glasses,glasses,,1,0.23719,0.44744,0.57808,-17.676,-177.88,-178.136,141.57
S01/glasses/drowsy/S01_drowsy_glasses_000082.jpg,S01,drowsy,glasses,glasses,,1,0.20862,0.45039,0.57203,-16.973,-179.766,-177.91,141.81
S01/glasses/drowsy/S01_drowsy_glasses_000083.jpg,S01,drowsy,glasses,glasses,,1,0.205,0.45984,0.58013,-18.223,175.427,-176.661,142.0
S01/glasses/drowsy/S01_drowsy_glasses_000084.jpg,S01,drowsy,glasses,glasses,,1,0.20964,0.45176,0.5869,-9.04,171.929,-176.152,142.09
S01/glasses/drowsy/S01_drowsy_glasses_000085.jpg,S01,drowsy,glasses,glasses,,1,0.16155,0.45748,0.56049,-14.861,173.462,-176.009,142.13
S01/glasses/drowsy/S01_drowsy_glasses_000086.jpg,S01,drowsy,glasses,glasses,,1,0.14968,0.45543,0.59311,-15.668,173.035,-175.221,142.16
S01/glasses/drowsy/S01_drowsy_glasses_000087.jpg,S01,drowsy,glasses,glasses,,1,0.15643,0.45788,0.58358,-16.147,174.272,-175.218,142.23
S01/glasses/drowsy/S01_drowsy_glasses_000088.jpg,S01,drowsy,glasses,glasses,,1,0.11522,0.46187,0.57406,-18.42,173.246,-176.085,142.24
S01/glasses/drowsy/S01_drowsy_glasses_000089.jpg,S01,drowsy,glasses,glasses,,1,0.14798,0.45201,0.58654,-16.054,173.25,-175.107,142.22
S01/glasses/drowsy/S01_drowsy_glasses_000090.jpg,S01,drowsy,glasses,glasses,,1,0.15162,0.45058,0.58336,-17.741,174.701,-175.739,142.2
S01/glasses/drowsy/S01_drowsy_glasses_000091.jpg,S01,drowsy,glasses,glasses,,1,0.12741,0.45578,0.56769,-17.215,174.029,-175.853,142.17
S01/glasses/drowsy/S01_drowsy_glasses_000092.jpg,S01,drowsy,glasses,glasses,,1,0.13032,0.4535,0.58043,-18.484,174.957,-176.11,142.17
S01/glasses/drowsy/S01_drowsy_glasses_000093.jpg,S01,drowsy,glasses,glasses,,1,0.17223,0.45178,0.57151,-19.607,177.211,-176.867,142.19
S01/glasses/drowsy/S01_drowsy_glasses_000094.jpg,S01,drowsy,glasses,glasses,,1,0.17748,0.45426,0.56972,-20.395,175.639,-175.142,142.15
S01/glasses/drowsy/S01_drowsy_glasses_000095.jpg,S01,drowsy,glasses,glasses,,1,0.18826,0.45566,0.55894,-16.217,177.244,-175.673,142.16
S01/glasses/drowsy/S01_drowsy_glasses_000096.jpg,S01,drowsy,glasses,glasses,,1,0.18614,0.45191,0.56988,-16.806,174.147,-175.382,142.12
S01/glasses/drowsy/S01_drowsy_glasses_000097.jpg,S01,drowsy,glasses,glasses,,1,0.17591,0.45307,0.57914,-16.815,174.424,-174.699,142.16
S01/glasses/drowsy/S01_drowsy_glasses_000098.jpg,S01,drowsy,glasses,glasses,,1,0.16159,0.45446,0.57323,-21.67,176.692,-175.83,142.23
S01/glasses/drowsy/S01_drowsy_glasses_000099.jpg,S01,drowsy,glasses,glasses,,1,0.20351,0.45365,0.59351,-19.637,176.426,-175.784,142.22
S01/glasses/drowsy/S01_drowsy_glasses_000100.jpg,S01,drowsy,glasses,glasses,,1,0.1991,0.44917,0.57698,-17.624,176.213,-175.557,142.21
S01/glasses/drowsy/S01_drowsy_glasses_000101.jpg,S01,drowsy,glasses,glasses,,1,0.20156,0.45794,0.56566,-20.83,177.129,-175.705,142.11
S01/glasses/drowsy/S01_drowsy_glasses_000102.jpg,S01,drowsy,glasses,glasses,,1,0.23835,0.47487,0.58886,-18.527,177.876,-176.624,142.13
S01/glasses/drowsy/S01_drowsy_glasses_000103.jpg,S01,drowsy,glasses,glasses,,1,0.2258,0.44953,0.56867,-16.842,176.595,-175.961,142.12
S01/glasses/drowsy/S01_drowsy_glasses_000104.jpg,S01,drowsy,glasses,glasses,,1,0.24721,0.44751,0.56656,-8.484,161.424,4.875,142.04
S01/glasses/drowsy/S01_drowsy_glasses_000105.jpg,S01,drowsy,glasses,glasses,,1,0.25387,0.45407,0.56254,-20.605,178.962,-177.191,141.99
S01/glasses/drowsy/S01_drowsy_glasses_000106.jpg,S01,drowsy,glasses,glasses,,1,0.26238,0.45719,0.58281,-21.32,179.386,-177.064,141.86
S01/glasses/drowsy/S01_drowsy_glasses_000107.jpg,S01,drowsy,glasses,glasses,,1,0.24807,0.45155,0.57181,-19.306,-179.572,-177.009,141.84
S01/glasses/drowsy/S01_drowsy_glasses_000108.jpg,S01,drowsy,glasses,glasses,,1,0.26587,0.44434,0.57038,-21.317,-176.989,-177.849,141.78
S01/glasses/drowsy/S01_drowsy_glasses_000109.jpg,S01,drowsy,glasses,glasses,,1,0.22554,0.44315,0.57923,-16.002,-179.289,-176.875,141.71
S01/glasses/drowsy/S01_drowsy_glasses_000110.jpg,S01,drowsy,glasses,glasses,,1,0.23695,0.44986,0.57026,-19.91,-178.446,-178.501,141.71
S01/glasses/drowsy/S01_drowsy_glasses_000111.jpg,S01,drowsy,glasses,glasses,,1,0.23518,0.45073,0.5606,-13.673,178.897,-176.309,141.69
S01/glasses/drowsy/S01_drowsy_glasses_000112.jpg,S01,drowsy,glasses,glasses,,1,0.19536,0.44949,0.57619,-18.049,179.667,-176.594,141.67
S01/glasses/drowsy/S01_drowsy_glasses_000113.jpg,S01,drowsy,glasses,glasses,,1,0.21525,0.45262,0.57247,-19.709,-179.659,-176.22,141.67
S01/glasses/drowsy/S01_drowsy_glasses_000114.jpg,S01,drowsy,glasses,glasses,,1,0.20595,0.44683,0.56439,-19.744,-177.492,-177.734,141.65
S01/glasses/drowsy/S01_drowsy_glasses_000115.jpg,S01,drowsy,glasses,glasses,,1,0.19835,0.45073,0.55978,-22.181,-177.019,-177.311,141.63
S01/glasses/drowsy/S01_drowsy_glasses_000116.jpg,S01,drowsy,glasses,glasses,,1,0.16826,0.45286,0.55698,-23.197,-178.206,-177.097,141.6
S01/glasses/drowsy/S01_drowsy_glasses_000117.jpg,S01,drowsy,glasses,glasses,,1,0.20447,0.44902,0.56253,-21.203,-178.27,-176.515,141.6
S01/glasses/drowsy/S01_drowsy_glasses_000118.jpg,S01,drowsy,glasses,glasses,,1,0.15182,0.45268,0.55777,-20.386,-178.718,-176.952,141.62
S01/glasses/drowsy/S01_drowsy_glasses_000119.jpg,S01,drowsy,glasses,glasses,,1,0.18049,0.44762,0.54583,-19.69,-177.673,-177.593,141.61
S01/glasses/drowsy/S01_drowsy_glasses_000120.jpg,S01,drowsy,glasses,glasses,,1,0.19391,0.45023,0.56325,-16.359,177.53,-175.563,141.6
S01/glasses/drowsy/S01_drowsy_glasses_000121.jpg,S01,drowsy,glasses,glasses,,1,0.22019,0.45228,0.56191,-20.449,-179.683,-176.951,141.56
S01/glasses/drowsy/S01_drowsy_glasses_000122.jpg,S01,drowsy,glasses,glasses,,1,0.23037,0.44863,0.55771,-21.271,-177.227,-178.024,141.51
S01/glasses/drowsy/S01_drowsy_glasses_000123.jpg,S01,drowsy,glasses,glasses,,1,0.25412,0.45223,0.54682,-21.343,-177.636,-177.497,141.54
S01/glasses/drowsy/S01_drowsy_glasses_000124.jpg,S01,drowsy,glasses,glasses,,1,0.2629,0.44959,0.5586,-21.123,-177.589,-176.759,141.54
S01/glasses/drowsy/S01_drowsy_glasses_000125.jpg,S01,drowsy,glasses,glasses,,1,0.24683,0.44948,0.55855,-23.044,-178.204,-177.651,141.5
S01/glasses/drowsy/S01_drowsy_glasses_000126.jpg,S01,drowsy,glasses,glasses,,1,0.26483,0.45227,0.54133,-24.594,-176.676,-177.685,141.49
S01/glasses/drowsy/S01_drowsy_glasses_000127.jpg,S01,drowsy,glasses,glasses,,1,0.25139,0.45238,0.54361,-20.861,-178.93,-178.127,141.49
S01/glasses/drowsy/S01_drowsy_glasses_000128.jpg,S01,drowsy,glasses,glasses,,1,0.24891,0.45239,0.56406,-20.893,-179.962,-176.372,141.49
S01/glasses/drowsy/S01_drowsy_glasses_000129.jpg,S01,drowsy,glasses,glasses,,1,0.24771,0.45083,0.54806,-23.109,-178.8,-177.319,141.46
S01/glasses/drowsy/S01_drowsy_glasses_000130.jpg,S01,drowsy,glasses,glasses,,1,0.22965,0.45094,0.5422,-24.17,-177.313,-177.419,141.41
S01/glasses/drowsy/S01_drowsy_glasses_000131.jpg,S01,drowsy,glasses,glasses,,1,0.24798,0.45358,0.54933,-22.449,-179.849,-177.472,141.4
S01/glasses/drowsy/S01_drowsy_glasses_000132.jpg,S01,drowsy,glasses,glasses,,1,0.23201,0.4505,0.52664,-22.122,-177.063,-178.547,141.37
S01/glasses/drowsy/S01_drowsy_glasses_000133.jpg,S01,drowsy,glasses,glasses,,1,0.22632,0.44811,0.54278,-20.516,-178.983,-178.294,141.34
S01/glasses/drowsy/S01_drowsy_glasses_000134.jpg,S01,drowsy,glasses,glasses,,1,0.1872,0.45353,0.53797,-22.387,-179.071,-178.496,141.32
S01/glasses/drowsy/S01_drowsy_glasses_000135.jpg,S01,drowsy,glasses,glasses,,1,0.21917,0.44946,0.53332,-19.973,-178.897,-178.749,141.32
S01/glasses/drowsy/S01_drowsy_glasses_000136.jpg,S01,drowsy,glasses,glasses,,1,0.20177,0.44694,0.52826,-21.834,-178.865,-178.202,141.31
S01/glasses/drowsy/S01_drowsy_glasses_000137.jpg,S01,drowsy,glasses,glasses,,1,0.18467,0.45019,0.52119,-21.014,-179.503,-178.551,141.31
S01/glasses/drowsy/S01_drowsy_glasses_000138.jpg,S01,drowsy,glasses,glasses,,1,0.16737,0.45173,0.51799,-21.169,-178.989,-178.206,141.38
S01/glasses/drowsy/S01_drowsy_glasses_000139.jpg,S01,drowsy,glasses,glasses,,1,0.20786,0.45245,0.5207,-21.097,-179.488,-179.05,141.37
S01/glasses/drowsy/S01_drowsy_glasses_000140.jpg,S01,drowsy,glasses,glasses,,1,0.21273,0.4498,0.53181,-19.927,-179.365,-178.144,141.41
S01/glasses/drowsy/S01_drowsy_glasses_000141.jpg,S01,drowsy,glasses,glasses,,1,0.17136,0.45425,0.5212,-21.851,-177.017,-178.496,141.41
S01/glasses/drowsy/S01_drowsy_glasses_000142.jpg,S01,drowsy,glasses,glasses,,1,0.17841,0.44997,0.51688,-21.32,-177.927,-178.111,141.42
S01/glasses/drowsy/S01_drowsy_glasses_000143.jpg,S01,drowsy,glasses,glasses,,1,0.17334,0.44971,0.51941,-22.457,-179.023,-178.21,141.47
S01/glasses/drowsy/S01_drowsy_glasses_000144.jpg,S01,drowsy,glasses,glasses,,1,0.17282,0.44946,0.53517,-19.562,179.574,-177.41,141.46
S01/glasses/drowsy/S01_drowsy_glasses_000145.jpg,S01,drowsy,glasses,glasses,,1,0.23672,0.4443,0.52878,-20.865,-178.724,-177.101,141.45
S01/glasses/drowsy/S01_drowsy_glasses_000146.jpg,S01,drowsy,glasses,glasses,,1,0.1806,0.44822,0.5279,-19.694,-179.21,-177.822,141.44
S01/glasses/drowsy/S01_drowsy_glasses_000147.jpg,S01,drowsy,glasses,glasses,,1,0.21349,0.44756,0.5283,-18.365,-179.096,-178.326,141.42
S01/glasses/drowsy/S01_drowsy_glasses_000148.jpg,S01,drowsy,glasses,glasses,,1,0.21483,0.45448,0.51599,-20.13,-178.507,-177.852,141.35
S01/glasses/drowsy/S01_drowsy_glasses_000149.jpg,S01,drowsy,glasses,glasses,,1,0.21702,0.45107,0.53431,-18.588,-178.959,-178.165,141.34
S01/glasses/yawning/S01_yawning_glasses_000000.jpg,S01,yawning,glasses,glasses,,1,0.31496,0.45429,0.49301,-25.302,-177.312,-175.081,140.46
S01/glasses/yawning/S01_yawning_glasses_000001.jpg,S01,yawning,glasses,glasses,,1,0.31,0.44902,0.49083,-24.468,-177.981,-175.286,140.56
S01/glasses/yawning/S01_yawning_glasses_000002.jpg,S01,yawning,glasses,glasses,,1,0.28595,0.45202,0.49153,-23.261,-176.155,-175.349,140.61
S01/glasses/yawning/S01_yawning_glasses_000003.jpg,S01,yawning,glasses,glasses,,1,0.31383,0.45512,0.49202,-26.906,-176.994,-174.921,140.34
S01/glasses/yawning/S01_yawning_glasses_000004.jpg,S01,yawning,glasses,glasses,,1,0.29879,0.44954,0.50726,-24.089,-177.368,-175.499,140.68
S01/glasses/yawning/S01_yawning_glasses_000005.jpg,S01,yawning,glasses,glasses,,1,0.30704,0.50061,0.50655,-24.93,-177.039,-174.994,140.58
S01/glasses/yawning/S01_yawning_glasses_000006.jpg,S01,yawning,glasses,glasses,,1,0.28742,0.56413,0.53125,-24.243,-174.655,-176.703,140.52
S01/glasses/yawning/S01_yawning_glasses_000007.jpg,S01,yawning,glasses,glasses,,1,0.30534,0.58401,0.55155,-23.273,-174.322,-178.032,140.64
S01/glasses/yawning/S01_yawning_glasses_000008.jpg,S01,yawning,glasses,glasses,,1,0.23673,0.63173,0.5704,-24.692,-174.163,-177.927,140.7
S01/glasses/yawning/S01_yawning_glasses_000009.jpg,S01,yawning,glasses,glasses,,1,0.29581,0.73267,0.58218,-26.145,-175.154,-179.678,140.63
S01/glasses/yawning/S01_yawning_glasses_000010.jpg,S01,yawning,glasses,glasses,,1,0.2833,0.70003,0.6103,-25.201,-175.9,-179.262,140.7
S01/glasses/yawning/S01_yawning_glasses_000011.jpg,S01,yawning,glasses,glasses,,1,0.29019,0.77151,0.6075,-25.242,-177.133,-179.052,140.61
S01/glasses/yawning/S01_yawning_glasses_000012.jpg,S01,yawning,glasses,glasses,,1,0.29528,0.81614,0.59773,-28.605,-179.562,-179.426,140.69
S01/glasses/yawning/S01_yawning_glasses_000013.jpg,S01,yawning,glasses,glasses,,1,0.27885,0.79318,0.61034,-27.573,-178.41,-179.897,140.8
S01/glasses/yawning/S01_yawning_glasses_000014.jpg,S01,yawning,glasses,glasses,,1,0.26444,0.8195,0.61177,-30.261,-178.054,-179.779,140.85
S01/glasses/yawning/S01_yawning_glasses_000015.jpg,S01,yawning,glasses,glasses,,1,0.28636,0.81782,0.61188,-28.905,-179.486,-178.573,140.88
S01/glasses/yawning/S01_yawning_glasses_000016.jpg,S01,yawning,glasses,glasses,,1,0.27306,0.8439,0.61062,-25.903,-175.998,179.165,141.06
S01/glasses/yawning/S01_yawning_glasses_000017.jpg,S01,yawning,glasses,glasses,,1,0.28602,0.81592,0.62146,-28.388,-175.447,179.467,141.32
S01/glasses/yawning/S01_yawning_glasses_000018.jpg,S01,yawning,glasses,glasses,,1,0.28808,0.88785,0.61957,-26.962,-177.636,-178.498,141.13
S01/glasses/yawning/S01_yawning_glasses_000019.jpg,S01,yawning,glasses,glasses,,1,0.2801,0.89861,0.60963,-28.407,-176.452,-179.149,141.08
S01/glasses/yawning/S01_yawning_glasses_000020.jpg,S01,yawning,glasses,glasses,,1,0.27696,0.88201,0.61697,-29.198,-177.117,-178.426,141.24
S01/glasses/yawning/S01_yawning_glasses_000021.jpg,S01,yawning,glasses,glasses,,1,0.20827,0.92644,0.61993,-27.014,-175.03,-179.07,141.02
S01/glasses/yawning/S01_yawning_glasses_000022.jpg,S01,yawning,glasses,glasses,,1,0.26145,0.90148,0.61155,-28.369,-175.843,-179.934,141.14
S01/glasses/yawning/S01_yawning_glasses_000023.jpg,S01,yawning,glasses,glasses,,1,0.25501,0.90092,0.60688,-27.565,-175.546,-178.742,141.13
S01/glasses/yawning/S01_yawning_glasses_000024.jpg,S01,yawning,glasses,glasses,,1,0.27613,0.88198,0.61259,-25.393,-173.49,-178.927,141.07
S01/glasses/yawning/S01_yawning_glasses_000025.jpg,S01,yawning,glasses,glasses,,1,0.27916,0.89589,0.61223,-25.926,-173.939,-178.9,141.02
S01/glasses/yawning/S01_yawning_glasses_000026.jpg,S01,yawning,glasses,glasses,,1,0.28036,0.84551,0.61175,-26.58,-173.835,-178.874,141.11
S01/glasses/yawning/S01_yawning_glasses_000027.jpg,S01,yawning,glasses,glasses,,1,0.2718,0.84213,0.61631,-25.762,-177.328,-176.931,140.91
S01/glasses/yawning/S01_yawning_glasses_000028.jpg,S01,yawning,glasses,glasses,,1,0.27649,0.864,0.61353,-23.261,-173.911,-177.158,140.81
S01/glasses/yawning/S01_yawning_glasses_000029.jpg,S01,yawning,glasses,glasses,,1,0.26851,0.84906,0.61152,-29.852,-176.164,-176.835,140.71
S01/glasses/yawning/S01_yawning_glasses_000030.jpg,S01,yawning,glasses,glasses,,1,0.28277,0.85967,0.60791,-26.535,-173.352,-178.125,140.8
S01/glasses/yawning/S01_yawning_glasses_000031.jpg,S01,yawning,glasses,glasses,,1,0.28032,0.84323,0.60186,-29.338,-177.835,-176.956,140.69
S01/glasses/yawning/S01_yawning_glasses_000032.jpg,S01,yawning,glasses,glasses,,1,0.27716,0.87033,0.59752,-29.675,-175.757,-177.56,140.73
S01/glasses/yawning/S01_yawning_glasses_000033.jpg,S01,yawning,glasses,glasses,,1,0.29886,0.83984,0.59612,-26.791,-173.41,-178.251,140.79
S01/glasses/yawning/S01_yawning_glasses_000034.jpg,S01,yawning,glasses,glasses,,1,0.28842,0.79521,0.58777,-25.551,-175.916,-177.987,140.79
S01/glasses/yawning/S01_yawning_glasses_000035.jpg,S01,yawning,glasses,glasses,,1,0.2806,0.71884,0.5762,-26.901,-176.106,-177.588,140.87
S01/glasses/yawning/S01_yawning_glasses_000036.jpg,S01,yawning,glasses,glasses,,1,0.26813,0.6833,0.58232,-24.355,179.818,-177.161,140.88
S01/glasses/yawning/S01_yawning_glasses_000037.jpg,S01,yawning,glasses,glasses,,1,0.15992,0.6862,0.5927,-22.509,175.95,-175.346,140.86
S01/glasses/yawning/S01_yawning_glasses_000038.jpg,S01,yawning,glasses,glasses,,1,0.18205,0.67679,0.59656,-23.683,178.53,-176.685,140.97
S01/glasses/yawning/S01_yawning_glasses_000039.jpg,S01,yawning,glasses,glasses,,1,0.24278,0.8037,0.60582,-24.873,-175.897,-179.065,140.89
S01/glasses/yawning/S01_yawning_glasses_000040.jpg,S01,yawning,glasses,glasses,,1,0.21946,0.85943,0.60334,-29.703,-178.855,-177.455,140.95
S01/glasses/yawning/S01_yawning_glasses_000041.jpg,S01,yawning,glasses,glasses,,1,0.22292,0.83169,0.61213,-30.172,-179.006,-177.175,141.01
S01/glasses/yawning/S01_yawning_glasses_000042.jpg,S01,yawning,glasses,glasses,,1,0.21849,0.8427,0.61795,-25.545,-176.031,-176.879,141.05
S01/glasses/yawning/S01_yawning_glasses_000043.jpg,S01,yawning,glasses,glasses,,1,0.20891,0.80292,0.63072,-27.61,-175.871,-176.009,141.08
S01/glasses/yawning/S01_yawning_glasses_000044.jpg,S01,yawning,glasses,glasses,,1,0.20368,0.77663,0.61555,-29.917,-176.798,-176.658,141.11
S01/glasses/yawning/S01_yawning_glasses_000045.jpg,S01,yawning,glasses,glasses,,1,0.21852,0.77472,0.61604,-28.517,-175.096,-177.614,141.09
S01/glasses/yawning/S01_yawning_glasses_000046.jpg,S01,yawning,glasses,glasses,,1,0.24592,0.77498,0.60567,-30.044,-175.694,-178.359,141.19
S01/glasses/yawning/S01_yawning_glasses_000047.jpg,S01,yawning,glasses,glasses,,1,0.23153,0.78873,0.62305,-32.2,-176.971,-177.742,141.26
S01/glasses/yawning/S01_yawning_glasses_000048.jpg,S01,yawning,glasses,glasses,,1,0.23407,0.75619,0.63256,-31.123,-178.572,-176.91,141.25
S01/glasses/yawning/S01_yawning_glasses_000049.jpg,S01,yawning,glasses,glasses,,1,0.25434,0.74617,0.61161,-33.013,-178.083,-177.308,141.27
S01/glasses/yawning/S01_yawning_glasses_000050.jpg,S01,yawning,glasses,glasses,,1,0.23106,0.66145,0.60186,-31.028,-177.969,-177.227,141.39
S01/glasses/yawning/S01_yawning_glasses_000051.jpg,S01,yawning,glasses,glasses,,1,0.23107,0.65453,0.6046,-30.875,-179.743,-177.375,141.33
S01/glasses/yawning/S01_yawning_glasses_000052.jpg,S01,yawning,glasses,glasses,,1,0.23249,0.60038,0.58535,-26.497,179.989,-176.818,141.26
S01/glasses/yawning/S01_yawning_glasses_000053.jpg,S01,yawning,glasses,glasses,,1,0.24482,0.57441,0.58037,-26.16,-179.032,-176.821,141.21
S01/glasses/yawning/S01_yawning_glasses_000054.jpg,S01,yawning,glasses,glasses,,1,0.11168,0.53746,0.57349,-22.896,178.045,-176.065,141.26
S01/glasses/yawning/S01_yawning_glasses_000055.jpg,S01,yawning,glasses,glasses,,1,0.16188,0.53409,0.55773,-24.097,178.396,-175.845,141.15
S01/glasses/yawning/S01_yawning_glasses_000056.jpg,S01,yawning,glasses,glasses,,1,0.22183,0.52767,0.56083,-22.032,178.863,-175.575,141.17
S01/glasses/yawning/S01_yawning_glasses_000057.jpg,S01,yawning,glasses,glasses,,1,0.23019,0.52696,0.54431,-26.842,179.732,-175.432,141.17
S01/glasses/yawning/S01_yawning_glasses_000058.jpg,S01,yawning,glasses,glasses,,1,0.2484,0.52549,0.55899,-25.7,-178.425,-175.085,141.16
S01/glasses/yawning/S01_yawning_glasses_000059.jpg,S01,yawning,glasses,glasses,,1,0.2446,0.69343,0.58967,-24.08,178.284,-174.45,141.1
S01/glasses/yawning/S01_yawning_glasses_000060.jpg,S01,yawning,glasses,glasses,,1,0.25965,0.72524,0.58557,-28.217,179.638,-174.82,141.08
S01/glasses/yawning/S01_yawning_glasses_000061.jpg,S01,yawning,glasses,glasses,,1,0.24148,0.7524,0.59518,-28.067,-178.994,-174.721,141.05
S01/glasses/yawning/S01_yawning_glasses_000062.jpg,S01,yawning,glasses,glasses,,1,0.25825,0.76441,0.60774,-25.899,-176.019,-174.77,141.05
S01/glasses/yawning/S01_yawning_glasses_000063.jpg,S01,yawning,glasses,glasses,,1,0.25211,0.76579,0.61331,-25.931,-177.067,-175.211,141.06
S01/glasses/yawning/S01_yawning_glasses_000064.jpg,S01,yawning,glasses,glasses,,1,0.24412,0.82206,0.62033,-26.827,-178.533,-175.036,141.11
S01/glasses/yawning/S01_yawning_glasses_000065.jpg,S01,yawning,glasses,glasses,,1,0.25245,0.80886,0.61541,-25.715,-174.235,-176.794,141.16
S01/glasses/yawning/S01_yawning_glasses_000066.jpg,S01,yawning,glasses,glasses,,1,0.2487,0.81855,0.61877,-27.216,-176.841,-176.049,141.24
S01/glasses/yawning/S01_yawning_glasses_000067.jpg,S01,yawning,glasses,glasses,,1,0.25877,0.82928,0.61889,-30.714,-178.88,-175.154,141.26
S01/glasses/yawning/S01_yawning_glasses_000068.jpg,S01,yawning,glasses,glasses,,1,0.22177,0.8278,0.63448,-28.889,-178.944,-175.06,141.4
S01/glasses/yawning/S01_yawning_glasses_000069.jpg,S01,yawning,glasses,glasses,,1,0.23689,0.82062,0.62915,-24.746,-174.367,-176.322,141.34
S01/glasses/yawning/S01_yawning_glasses_000070.jpg,S01,yawning,glasses,glasses,,1,0.24207,0.86847,0.6341,-25.63,-174.04,-176.99,141.29
S01/glasses/yawning/S01_yawning_glasses_000071.jpg,S01,yawning,glasses,glasses,,1,0.21954,0.86011,0.63819,-27.218,-176.989,-175.94,141.4
S01/glasses/yawning/S01_yawning_glasses_000072.jpg,S01,yawning,glasses,glasses,,1,0.2258,0.96137,0.64595,-21.369,-175.948,-176.717,141.49
S01/glasses/yawning/S01_yawning_glasses_000073.jpg,S01,yawning,glasses,glasses,,1,0.20587,0.94269,0.63959,-19.545,-176.078,-176.874,141.68
S01/glasses/yawning/S01_yawning_glasses_000074.jpg,S01,yawning,glasses,glasses,,1,0.19031,0.91865,0.64882,-22.794,-177.885,-177.15,141.87
S01/glasses/yawning/S01_yawning_glasses_000075.jpg,S01,yawning,glasses,glasses,,1,0.16958,1.05961,0.62638,-20.205,-175.304,-177.071,141.82
S01/glasses/yawning/S01_yawning_glasses_000076.jpg,S01,yawning,glasses,glasses,,1,0.14847,0.86877,0.60276,-2.968,161.897,3.638,141.78
S01/glasses/yawning/S01_yawning_glasses_000077.jpg,S01,yawning,glasses,glasses,,1,0.15926,0.87279,0.65188,-4.948,158.159,4.988,142.02
S01/glasses/yawning/S01_yawning_glasses_000078.jpg,S01,yawning,glasses,glasses,,1,0.21201,0.64165,0.55419,-31.104,-178.518,-175.853,142.17
S01/glasses/yawning/S01_yawning_glasses_000079.jpg,S01,yawning,glasses,glasses,,1,0.21503,0.6483,0.61135,-30.381,-176.815,-177.956,142.09
S01/glasses/yawning/S01_yawning_glasses_000080.jpg,S01,yawning,glasses,glasses,,1,0.20172,0.75214,0.59398,-2.856,165.365,2.971,142.08
S01/glasses/yawning/S01_yawning_glasses_000081.jpg,S01,yawning,glasses,glasses,,1,0.17764,0.76208,0.61223,-9.014,163.881,4.41,142.08
S01/glasses/yawning/S01_yawning_glasses_000082.jpg,S01,yawning,glasses,glasses,,1,0.20465,0.70947,0.57718,-4.074,169.873,4.459,142.18
S01/glasses/yawning/S01_yawning_glasses_000083.jpg,S01,yawning,glasses,glasses,,1,0.17844,0.66496,0.55627,-6.669,170.709,2.849,142.1
S01/glasses/yawning/S01_yawning_glasses_000084.jpg,S01,yawning,glasses,glasses,,1,0.16461,0.71701,0.5834,-6.978,167.789,2.876,142.06
S01/glasses/yawning/S01_yawning_glasses_000085.jpg,S01,yawning,glasses,glasses,,1,0.19076,0.77565,0.60465,-2.479,164.507,2.56,142.06
S01/glasses/yawning/S01_yawning_glasses_000086.jpg,S01,yawning,glasses,glasses,,1,0.21281,0.53387,0.52789,-27.167,-163.028,-179.211,142.06
S01/glasses/yawning/S01_yawning_glasses_000087.jpg,S01,yawning,glasses,glasses,,1,0.1692,0.60637,0.54494,13.854,168.583,2.06,142.09
S01/glasses/yawning/S01_yawning_glasses_000088.jpg,S01,yawning,glasses,glasses,,1,0.16298,0.63339,0.53966,24.886,168.154,-0.857,142.11
S01/glasses/yawning/S01_yawning_glasses_000089.jpg,S01,yawning,glasses,glasses,,1,0.18995,0.90973,0.61255,-4.317,163.411,2.321,142.11
S01/glasses/yawning/S01_yawning_glasses_000090.jpg,S01,yawning,glasses,glasses,,1,0.21358,0.71025,0.5656,-29.629,175.985,4.266,142.05
S01/glasses/yawning/S01_yawning_glasses_000091.jpg,S01,yawning,glasses,glasses,,1,0.17361,0.68097,0.54012,-11.894,174.682,3.345,142.04
S01/glasses/yawning/S01_yawning_glasses_000092.jpg,S01,yawning,glasses,glasses,,1,0.18132,0.69245,0.5451,-8.439,175.841,2.674,142.05
S01/glasses/yawning/S01_yawning_glasses_000093.jpg,S01,yawning,glasses,glasses,,1,0.21281,0.45788,0.5095,9.575,174.651,0.795,142.06
S01/glasses/yawning/S01_yawning_glasses_000094.jpg,S01,yawning,glasses,glasses,,1,0.18158,0.82381,0.57217,7.657,168.546,0.586,142.04
S01/glasses/yawning/S01_yawning_glasses_000095.jpg,S01,yawning,glasses,glasses,,1,0.17203,0.77747,0.56899,-0.087,169.815,-0.96,142.03
S01/glasses/yawning/S01_yawning_glasses_000096.jpg,S01,yawning,glasses,glasses,,1,0.19287,0.55109,0.53387,-20.892,178.127,2.457,142.05
S01/glasses/yawning/S01_yawning_glasses_000097.jpg,S01,yawning,glasses,glasses,,1,0.17864,0.44009,0.51407,6.641,170.687,-1.376,142.08
S01/glasses/yawning/S01_yawning_glasses_000098.jpg,S01,yawning,glasses,glasses,,1,0.16604,0.69706,0.5436,9.691,170.907,-0.387,142.06
S01/glasses/yawning/S01_yawning_glasses_000099.jpg,S01,yawning,glasses,glasses,,1,0.20594,0.95454,0.60345,-0.601,166.323,-0.242,141.96
S01/glasses/yawning/S01_yawning_glasses_000100.jpg,S01,yawning,glasses,glasses,,1,0.16072,0.45916,0.52722,-11.37,175.264,3.193,142.0
S01/glasses/yawning/S01_yawning_glasses_000101.jpg,S01,yawning,glasses,glasses,,1,0.18567,0.77803,0.57098,-13.47,170.799,1.891,141.95
S01/glasses/yawning/S01_yawning_glasses_000102.jpg,S01,yawning,glasses,glasses,,1,0.18632,0.89436,0.57802,-0.643,169.242,-0.268,142.15
S01/glasses/yawning/S01_yawning_glasses_000103.jpg,S01,yawning,glasses,glasses,,1,0.16311,0.8369,0.58179,-10.183,168.877,2.449,142.5
S01/glasses/yawning/S01_yawning_glasses_000104.jpg,S01,yawning,glasses,glasses,,1,0.17424,0.52022,0.54583,-14.004,169.496,5.307,142.83
S01/glasses/yawning/S01_yawning_glasses_000105.jpg,S01,yawning,glasses,glasses,,1,0.16376,0.61054,0.5416,-18.033,173.887,5.399,142.83
S01/glasses/yawning/S01_yawning_glasses_000106.jpg,S01,yawning,glasses,glasses,,1,0.17639,0.84001,0.5991,-4.175,165.837,2.069,142.88
S01/glasses/yawning/S01_yawning_glasses_000107.jpg,S01,yawning,glasses,glasses,,1,0.20086,0.8519,0.57272,-17.394,168.874,4.915,142.38
S01/glasses/yawning/S01_yawning_glasses_000108.jpg,S01,yawning,glasses,glasses,,1,0.15619,0.8629,0.60925,-27.676,-174.41,-179.893,142.5
S01/glasses/yawning/S01_yawning_glasses_000109.jpg,S01,yawning,glasses,glasses,,1,0.1786,0.98561,0.65144,-27.401,-177.677,-178.534,142.37
S01/glasses/yawning/S01_yawning_glasses_000110.jpg,S01,yawning,glasses,glasses,,1,0.15944,0.9023,0.65766,-26.14,-173.667,-179.96,142.13
S01/glasses/yawning/S01_yawning_glasses_000111.jpg,S01,yawning,glasses,glasses,,1,0.12942,0.86291,0.65097,-26.453,-175.088,-179.733,141.94
S01/glasses/yawning/S01_yawning_glasses_000112.jpg,S01,yawning,glasses,glasses,,1,0.08226,0.93625,0.61756,-8.033,160.189,3.237,141.8
S01/glasses/yawning/S01_yawning_glasses_000113.jpg,S01,yawning,glasses,glasses,,1,0.19186,0.94176,0.61597,-30.598,-178.872,-175.256,141.78
S01/glasses/yawning/S01_yawning_glasses_000114.jpg,S01,yawning,glasses,glasses,,1,0.16732,1.01203,0.61587,-26.455,-178.414,-176.873,141.63
S01/glasses/yawning/S01_yawning_glasses_000115.jpg,S01,yawning,glasses,glasses,,1,0.20531,1.035,0.6462,-24.008,-175.288,-177.588,141.52
S01/glasses/yawning/S01_yawning_glasses_000116.jpg,S01,yawning,glasses,glasses,,1,0.1936,0.90118,0.63818,-27.758,-179.142,-177.629,141.38
S01/glasses/yawning/S01_yawning_glasses_000117.jpg,S01,yawning,glasses,glasses,,1,0.16183,1.03047,0.63364,-28.705,-177.04,-176.501,141.32
S01/glasses/yawning/S01_yawning_glasses_000118.jpg,S01,yawning,glasses,glasses,,1,0.1888,0.96841,0.63347,-30.626,-177.244,-176.924,141.29
S01/glasses/yawning/S01_yawning_glasses_000119.jpg,S01,yawning,glasses,glasses,,1,0.15361,0.83446,0.62365,-26.75,-173.098,179.902,141.34
S01/glasses/yawning/S01_yawning_glasses_000120.jpg,S01,yawning,glasses,glasses,,1,0.0976,0.78243,0.63073,-22.42,-173.632,-178.106,141.38
S01/glasses/yawning/S01_yawning_glasses_000121.jpg,S01,yawning,glasses,glasses,,1,0.12973,0.73099,0.62815,-25.685,-169.524,-177.525,141.38
S01/glasses/yawning/S01_yawning_glasses_000122.jpg,S01,yawning,glasses,glasses,,1,0.1447,0.65127,0.61918,-21.919,-173.301,-177.098,141.31
S01/glasses/yawning/S01_yawning_glasses_000123.jpg,S01,yawning,glasses,glasses,,1,0.13895,0.62586,0.62106,-20.211,176.744,-174.746,141.27
S01/glasses/yawning/S01_yawning_glasses_000124.jpg,S01,yawning,glasses,glasses,,1,0.195,0.55557,0.56726,-26.409,179.068,-175.181,141.16
S01/glasses/yawning/S01_yawning_glasses_000125.jpg,S01,yawning,glasses,glasses,,1,0.23937,0.53404,0.5432,-25.439,179.575,-174.954,141.07
S01/glasses/yawning/S01_yawning_glasses_000126.jpg,S01,yawning,glasses,glasses,,1,0.26187,0.53608,0.56023,-24.493,-179.392,-175.145,141.0
S01/glasses/yawning/S01_yawning_glasses_000127.jpg,S01,yawning,glasses,glasses,,1,0.2592,0.52163,0.54233,-23.889,-178.512,-174.447,140.95
S01/glasses/yawning/S01_yawning_glasses_000128.jpg,S01,yawning,glasses,glasses,,1,0.25366,0.45297,0.51092,-24.831,-177.648,-173.799,140.93
S01/glasses/yawning/S01_yawning_glasses_000129.jpg,S01,yawning,glasses,glasses,,1,0.24648,0.45268,0.50461,-26.629,-178.446,-174.147,140.91
S01/glasses/yawning/S01_yawning_glasses_000130.jpg,S01,yawning,glasses,glasses,,1,0.25753,0.44942,0.49406,-21.954,-177.637,-174.736,140.92
S01/glasses/yawning/S01_yawning_glasses_000131.jpg,S01,yawning,glasses,glasses,,1,0.28037,0.45291,0.50769,-25.326,-177.203,-174.395,140.87
S01/glasses/yawning/S01_yawning_glasses_000132.jpg,S01,yawning,glasses,glasses,,1,0.2842,0.45201,0.50114,-25.071,-177.12,-174.801,140.96
S01/glasses/yawning/S01_yawning_glasses_000133.jpg,S01,yawning,glasses,glasses,,1,0.27212,0.4511,0.50995,-24.561,-176.272,-175.22,140.94
S01/glasses/yawning/S01_yawning_glasses_000134.jpg,S01,yawning,glasses,glasses,,1,0.2768,0.45193,0.51861,-25.149,-179.082,-175.057,140.98
S01/glasses/yawning/S01_yawning_glasses_000135.jpg,S01,yawning,glasses,glasses,,1,0.12399,0.51247,0.53748,-21.207,-178.452,-175.639,140.98
S01/glasses/yawning/S01_yawning_glasses_000136.jpg,S01,yawning,glasses,glasses,,1,0.20348,0.51172,0.52793,-23.037,-179.775,-176.357,140.98
S01/glasses/yawning/S01_yawning_glasses_000137.jpg,S01,yawning,glasses,glasses,,1,0.23704,0.55397,0.53571,-24.4,-178.582,-176.088,140.97
S01/glasses/yawning/S01_yawning_glasses_000138.jpg,S01,yawning,glasses,glasses,,1,0.26192,0.58652,0.54102,-26.118,-177.769,-176.432,141.02
S01/glasses/yawning/S01_yawning_glasses_000139.jpg,S01,yawning,glasses,glasses,,1,0.26888,0.69872,0.56085,-26.73,-177.147,-176.363,141.13
S01/glasses/yawning/S01_yawning_glasses_000140.jpg,S01,yawning,glasses,glasses,,1,0.27093,0.73754,0.58318,-26.34,-176.231,-177.547,140.97
S01/glasses/yawning/S01_yawning_glasses_000141.jpg,S01,yawning,glasses,glasses,,1,0.26781,0.76374,0.57852,-29.439,-177.907,-177.205,141.11
S01/glasses/yawning/S01_yawning_glasses_000142.jpg,S01,yawning,glasses,glasses,,1,0.28144,0.77771,0.59319,-26.775,-170.879,-177.754,141.04
S01/glasses/yawning/S01_yawning_glasses_000143.jpg,S01,yawning,glasses,glasses,,1,0.26813,0.78224,0.61017,-25.485,-173.928,-176.375,141.06
S01/glasses/yawning/S01_yawning_glasses_000144.jpg,S01,yawning,glasses,glasses,,1,0.28206,0.81823,0.60608,-25.548,-170.512,-179.304,141.06
S01/glasses/yawning/S01_yawning_glasses_000145.jpg,S01,yawning,glasses,glasses,,1,0.28001,0.79904,0.61269,-26.783,-172.327,-178.369,141.02
S01/glasses/yawning/S01_yawning_glasses_000146.jpg,S01,yawning,glasses,glasses,,1,0.27937,0.7819,0.60307,-25.644,-172.1,-178.806,140.96
S01/glasses/yawning/S01_yawning_glasses_000147.jpg,S01,yawning,glasses,glasses,,1,0.25958,0.77192,0.60466,-28.521,-174.611,-178.783,141.04
S01/glasses/yawning/S01_yawning_glasses_000148.jpg,S01,yawning,glasses,glasses,,1,0.25604,0.72597,0.60506,-27.043,-171.815,-179.399,141.06
S01/glasses/yawning/S01_yawning_glasses_000149.jpg,S01,yawning,glasses,glasses,,1,0.28142,0.71816,0.58604,-30.481,-174.536,-179.087,141.09
S01/mask/attentive/S01_attentive_mask_000000.jpg,S01,attentive,mask,mask,,1,0.3181,0.44978,0.40719,-23.319,-172.215,-176.396,120.8
S01/mask/attentive/S01_attentive_mask_000001.jpg,S01,attentive,mask,mask,,1,0.32494,0.451,0.42422,-22.826,-171.613,-176.322,120.69
S01/mask/attentive/S01_attentive_mask_000002.jpg,S01,attentive,mask,mask,,1,0.30765,0.4536,0.41391,-21.903,-172.352,-174.448,120.71
S01/mask/attentive/S01_attentive_mask_000003.jpg,S01,attentive,mask,mask,,1,0.32091,0.45329,0.40412,-22.211,-174.834,-175.085,120.52
S01/mask/attentive/S01_attentive_mask_000004.jpg,S01,attentive,mask,mask,,1,0.31914,0.45392,0.41984,-23.676,-175.099,-175.215,120.68
S01/mask/attentive/S01_attentive_mask_000005.jpg,S01,attentive,mask,mask,,1,0.3232,0.45445,0.40205,-16.618,-179.986,-175.153,120.22
S01/mask/attentive/S01_attentive_mask_000006.jpg,S01,attentive,mask,mask,,1,0.32579,0.45482,0.39435,-20.904,-177.866,-174.841,120.68
S01/mask/attentive/S01_attentive_mask_000007.jpg,S01,attentive,mask,mask,,1,0.31167,0.45137,0.42604,-17.904,173.568,-174.608,120.21
S01/mask/attentive/S01_attentive_mask_000008.jpg,S01,attentive,mask,mask,,1,0.31085,0.45296,0.41166,-19.971,-177.216,-174.839,121.2
S01/mask/attentive/S01_attentive_mask_000009.jpg,S01,attentive,mask,mask,,1,0.31824,0.45318,0.41782,-19.54,-178.225,-173.999,121.9
S01/mask/attentive/S01_attentive_mask_000010.jpg,S01,attentive,mask,mask,,1,0.32087,0.44968,0.40368,-21.13,-175.686,-174.778,122.17
S01/mask/attentive/S01_attentive_mask_000011.jpg,S01,attentive,mask,mask,,1,0.31155,0.45147,0.39942,-17.233,-173.138,-173.377,122.19
S01/mask/attentive/S01_attentive_mask_000012.jpg,S01,attentive,mask,mask,,1,0.33661,0.45261,0.39981,-19.395,-174.632,-174.328,122.24
S01/mask/attentive/S01_attentive_mask_000013.jpg,S01,attentive,mask,mask,,1,0.32232,0.45351,0.40322,-22.296,-174.054,-176.161,122.17
S01/mask/attentive/S01_attentive_mask_000014.jpg,S01,attentive,mask,mask,,1,0.31848,0.45349,0.3938,-16.649,-179.085,-173.28,122.21
S01/mask/attentive/S01_attentive_mask_000015.jpg,S01,attentive,mask,mask,,1,0.32212,0.46068,0.40289,-16.459,179.904,-173.385,122.25
S01/mask/attentive/S01_attentive_mask_000016.jpg,S01,attentive,mask,mask,,1,0.32377,0.4546,0.41359,-15.891,179.452,-174.319,122.27
S01/mask/attentive/S01_attentive_mask_000017.jpg,S01,attentive,mask,mask,,1,0.33601,0.45098,0.41129,-20.346,-177.609,-174.906,122.27
S01/mask/attentive/S01_attentive_mask_000018.jpg,S01,attentive,mask,mask,,1,0.32758,0.45291,0.4128,-16.388,178.635,-173.881,122.27
S01/mask/attentive/S01_attentive_mask_000019.jpg,S01,attentive,mask,mask,,1,0.31554,0.45487,0.42106,-20.365,-175.911,-174.674,122.3
S01/mask/attentive/S01_attentive_mask_000020.jpg,S01,attentive,mask,mask,,1,0.31678,0.45402,0.42636,-24.304,-174.326,-176.015,122.36
S01/mask/attentive/S01_attentive_mask_000021.jpg,S01,attentive,mask,mask,,1,0.32105,0.4545,0.40462,-20.257,-171.233,-176.04,122.36
S01/mask/attentive/S01_attentive_mask_000022.jpg,S01,attentive,mask,mask,,1,0.31637,0.45933,0.40974,-18.246,-177.11,-174.848,122.41
S01/mask/attentive/S01_attentive_mask_000023.jpg,S01,attentive,mask,mask,,1,0.3166,0.45371,0.41954,-24.053,-172.622,-177.553,122.38
S01/mask/attentive/S01_attentive_mask_000024.jpg,S01,attentive,mask,mask,,1,0.31817,0.45006,0.40436,-21.909,-179.959,-175.243,122.46
S01/mask/attentive/S01_attentive_mask_000025.jpg,S01,attentive,mask,mask,,1,0.31808,0.45443,0.41146,-21.702,-171.763,-176.517,122.43
S01/mask/attentive/S01_attentive_mask_000026.jpg,S01,attentive,mask,mask,,1,0.31895,0.45731,0.42065,-22.374,-171.47,-175.932,122.45
S01/mask/attentive/S01_attentive_mask_000027.jpg,S01,attentive,mask,mask,,1,0.31743,0.45459,0.40829,-22.676,-172.042,-175.925,122.42
S01/mask/attentive/S01_attentive_mask_000028.jpg,S01,attentive,mask,mask,,1,0.31618,0.45305,0.40947,-24.66,-175.503,-177.213,122.46
S01/mask/attentive/S01_attentive_mask_000029.jpg,S01,attentive,mask,mask,,1,0.32978,0.45173,0.39813,-22.723,-175.812,-175.785,122.49
S01/mask/attentive/S01_attentive_mask_000030.jpg,S01,attentive,mask,mask,,1,0.30838,0.45288,0.41353,-21.797,-174.561,-175.275,122.52
S01/mask/attentive/S01_attentive_mask_000031.jpg,S01,attentive,mask,mask,,1,0.31193,0.45103,0.42476,-23.289,-172.684,-174.705,122.51
S01/mask/attentive/S01_attentive_mask_000032.jpg,S01,attentive,mask,mask,,1,0.3179,0.45132,0.41326,-23.707,-172.116,-177.392,122.5
S01/mask/attentive/S01_attentive_mask_000033.jpg,S01,attentive,mask,mask,,1,0.31697,0.45172,0.41534,-22.9,-176.247,-175.89,122.45
S01/mask/attentive/S01_attentive_mask_000034.jpg,S01,attentive,mask,mask,,1,0.32181,0.4517,0.4048,-23.788,-172.815,-176.461,122.44
S01/mask/attentive/S01_attentive_mask_000035.jpg,S01,attentive,mask,mask,,1,0.29678,0.45298,0.3898,-22.691,-170.548,-176.414,122.5
S01/mask/attentive/S01_attentive_mask_000036.jpg,S01,attentive,mask,mask,,1,0.3121,0.45121,0.41767,-26.433,-174.214,-177.356,122.46
S01/mask/attentive/S01_attentive_mask_000037.jpg,S01,attentive,mask,mask,,1,0.32234,0.45392,0.39012,-20.418,-174.275,-176.746,122.49
S01/mask/attentive/S01_attentive_mask_000038.jpg,S01,attentive,mask,mask,,1,0.32576,0.45278,0.40496,-22.396,-175.73,-176.212,122.49
S01/mask/attentive/S01_attentive_mask_000039.jpg,S01,attentive,mask,mask,,1,0.3112,0.45359,0.41146,-21.956,-175.353,-174.634,122.49
S01/mask/attentive/S01_attentive_mask_000040.jpg,S01,attentive,mask,mask,,1,0.31052,0.45434,0.41148,-22.719,-171.558,-175.387,122.44
S01/mask/attentive/S01_attentive_mask_000041.jpg,S01,attentive,mask,mask,,1,0.31176,0.45394,0.42277,-24.415,-173.414,-176.5,122.44
S01/mask/attentive/S01_attentive_mask_000042.jpg,S01,attentive,mask,mask,,1,0.31899,0.45108,0.41743,-23.135,-177.056,-174.791,122.4
S01/mask/attentive/S01_attentive_mask_000043.jpg,S01,attentive,mask,mask,,1,0.31883,0.45817,0.3928,-21.281,-171.614,-174.912,122.4
S01/mask/attentive/S01_attentive_mask_000044.jpg,S01,attentive,mask,mask,,1,0.31275,0.453,0.40717,-22.708,-170.698,-176.074,122.36
S01/mask/attentive/S01_attentive_mask_000045.jpg,S01,attentive,mask,mask,,1,0.32691,0.46688,0.40805,-22.405,-169.955,-177.042,122.39
S01/mask/attentive/S01_attentive_mask_000046.jpg,S01,attentive,mask,mask,,1,0.33182,0.45386,0.4024,-21.183,-175.212,-175.756,122.43
S01/mask/attentive/S01_attentive_mask_000047.jpg,S01,attentive,mask,mask,,1,0.31052,0.4543,0.39837,-18.032,-173.54,-174.624,122.46
S01/mask/attentive/S01_attentive_mask_000048.jpg,S01,attentive,mask,mask,,1,0.31707,0.45416,0.40631,-14.476,-178.073,-173.192,122.42
S01/mask/attentive/S01_attentive_mask_000049.jpg,S01,attentive,mask,mask,,1,0.31574,0.45256,0.40989,-21.955,-177.135,-174.597,122.43
S01/mask/attentive/S01_attentive_mask_000050.jpg,S01,attentive,mask,mask,,1,0.32037,0.45343,0.39221,-20.948,-171.838,-176.339,122.42
S01/mask/attentive/S01_attentive_mask_000051.jpg,S01,attentive,mask,mask,,1,0.31224,0.45521,0.40831,-19.469,-171.83,-174.7,122.4
S01/mask/attentive/S01_attentive_mask_000052.jpg,S01,attentive,mask,mask,,1,0.32211,0.46009,0.41091,-19.286,-175.239,-174.63,122.43
S01/mask/attentive/S01_attentive_mask_000053.jpg,S01,attentive,mask,mask,,1,0.31318,0.45577,0.4202,-19.815,-174.542,-174.139,122.36
S01/mask/attentive/S01_attentive_mask_000054.jpg,S01,attentive,mask,mask,,1,0.32042,0.45325,0.39683,-21.212,-175.852,-174.37,122.39
S01/mask/attentive/S01_attentive_mask_000055.jpg,S01,attentive,mask,mask,,1,0.31828,0.45315,0.39787,-22.786,-178.424,-175.595,122.39
S01/mask/attentive/S01_attentive_mask_000056.jpg,S01,attentive,mask,mask,,1,0.32039,0.46064,0.39432,-18.177,-174.528,-174.178,122.42
S01/mask/attentive/S01_attentive_mask_000057.jpg,S01,attentive,mask,mask,,1,0.32483,0.45618,0.41258,-22.815,-176.988,-176.326,122.4
S01/mask/attentive/S01_attentive_mask_000058.jpg,S01,attentive,mask,mask,,1,0.32073,0.4521,0.39505,-22.319,-177.095,-176.363,122.44
S01/mask/attentive/S01_attentive_mask_000059.jpg,S01,attentive,mask,mask,,1,0.30496,0.45082,0.40946,-22.298,-170.776,-176.713,122.41
S01/mask/attentive/S01_attentive_mask_000060.jpg,S01,attentive,mask,mask,,1,0.29941,0.45622,0.39528,-16.085,-178.57,-174.599,122.47
S01/mask/attentive/S01_attentive_mask_000061.jpg,S01,attentive,mask,mask,,1,0.32121,0.45698,0.39843,-17.388,179.637,-175.278,122.41
S01/mask/attentive/S01_attentive_mask_000062.jpg,S01,attentive,mask,mask,,1,0.32039,0.45532,0.41397,-17.518,178.603,-174.443,122.44
S01/mask/attentive/S01_attentive_mask_000063.jpg,S01,attentive,mask,mask,,1,0.31575,0.45089,0.414,-17.464,173.972,-175.438,122.43
S01/mask/attentive/S01_attentive_mask_000064.jpg,S01,attentive,mask,mask,,1,0.31625,0.45276,0.40003,-21.016,-175.353,-175.21,122.43
S01/mask/attentive/S01_attentive_mask_000065.jpg,S01,attentive,mask,mask,,1,0.31575,0.45306,0.40714,-16.552,176.979,-175.185,122.46
S01/mask/attentive/S01_attentive_mask_000066.jpg,S01,attentive,mask,mask,,1,0.32006,0.45441,0.401,-16.091,-178.031,-173.78,122.48
S01/mask/attentive/S01_attentive_mask_000067.jpg,S01,attentive,mask,mask,,1,0.33301,0.4533,0.3964,-19.138,-176.376,-174.832,122.41
S01/mask/attentive/S01_attentive_mask_000068.jpg,S01,attentive,mask,mask,,1,0.30651,0.45303,0.39042,-16.003,-179.673,-173.907,122.43
S01/mask/attentive/S01_attentive_mask_000069.jpg,S01,attentive,mask,mask,,1,0.32556,0.45356,0.3991,-22.288,-176.794,-174.672,122.4
S01/mask/attentive/S01_attentive_mask_000070.jpg,S01,attentive,mask,mask,,1,0.29072,0.46231,0.39543,-17.009,-175.151,-174.252,122.46
S01/mask/attentive/S01_attentive_mask_000071.jpg,S01,attentive,mask,mask,,1,0.30638,0.45393,0.40097,-20.838,-177.164,-174.423,122.42
S01/mask/attentive/S01_attentive_mask_000072.jpg,S01,attentive,mask,mask,,1,0.31251,0.46167,0.41988,-21.962,-176.017,-174.517,122.4
S01/mask/attentive/S01_attentive_mask_000073.jpg,S01,attentive,mask,mask,,1,0.30782,0.45195,0.40279,-19.582,-179.109,-173.643,122.4
S01/mask/attentive/S01_attentive_mask_000074.jpg,S01,attentive,mask,mask,,1,0.31054,0.45284,0.40567,-23.042,-172.671,-176.791,122.37
S01/mask/attentive/S01_attentive_mask_000075.jpg,S01,attentive,mask,mask,,1,0.31531,0.45615,0.40022,-21.067,-177.148,-174.174,122.39
S01/mask/attentive/S01_attentive_mask_000076.jpg,S01,attentive,mask,mask,,1,0.30357,0.45232,0.39922,-22.419,-178.276,-174.281,122.36
S01/mask/attentive/S01_attentive_mask_000077.jpg,S01,attentive,mask,mask,,1,0.30324,0.45885,0.39387,-18.892,-176.245,-174.423,122.34
S01/mask/attentive/S01_attentive_mask_000078.jpg,S01,attentive,mask,mask,,1,0.32518,0.45116,0.40032,-23.894,-172.615,-176.437,122.34
S01/mask/attentive/S01_attentive_mask_000079.jpg,S01,attentive,mask,mask,,1,0.31191,0.4598,0.3933,-21.882,-176.559,-174.184,122.31
S01/mask/attentive/S01_attentive_mask_000080.jpg,S01,attentive,mask,mask,,1,0.29723,0.46163,0.39334,-19.987,-172.166,-174.185,122.35
S01/mask/attentive/S01_attentive_mask_000081.jpg,S01,attentive,mask,mask,,1,0.31632,0.45411,0.39949,-20.984,-174.076,-174.36,122.31
S01/mask/attentive/S01_attentive_mask_000082.jpg,S01,attentive,mask,mask,,1,0.30249,0.46895,0.38626,-17.111,-173.695,-173.871,122.38
S01/mask/attentive/S01_attentive_mask_000083.jpg,S01,attentive,mask,mask,,1,0.30057,0.45136,0.40349,-22.615,-174.874,-175.346,122.42
S01/mask/attentive/S01_attentive_mask_000084.jpg,S01,attentive,mask,mask,,1,0.31038,0.45528,0.40013,-12.016,179.461,-173.79,122.42
S01/mask/attentive/S01_attentive_mask_000085.jpg,S01,attentive,mask,mask,,1,0.30205,0.45377,0.41122,-21.995,-172.865,-175.301,122.44
S01/mask/attentive/S01_attentive_mask_000086.jpg,S01,attentive,mask,mask,,1,0.31616,0.45342,0.40124,-19.586,-179.223,-174.546,122.47
S01/mask/attentive/S01_attentive_mask_000087.jpg,S01,attentive,mask,mask,,1,0.31482,0.45171,0.40289,-21.527,-178.028,-175.667,122.44
S01/mask/attentive/S01_attentive_mask_000088.jpg,S01,attentive,mask,mask,,1,0.31158,0.4511,0.40441,-21.46,-177.902,-176.467,122.49
S01/mask/attentive/S01_attentive_mask_000089.jpg,S01,attentive,mask,mask,,1,0.31304,0.45211,0.40247,-18.139,-175.637,-174.247,122.59
S01/mask/attentive/S01_attentive_mask_000090.jpg,S01,attentive,mask,mask,,1,0.31783,0.45498,0.40281,-8.84,-179.465,-173.404,122.56
S01/mask/attentive/S01_attentive_mask_000091.jpg,S01,attentive,mask,mask,,1,0.32416,0.45206,0.41525,-19.964,-177.239,-175.138,122.54
S01/mask/attentive/S01_attentive_mask_000092.jpg,S01,attentive,mask,mask,,1,0.30845,0.45281,0.40104,-18.428,-176.608,-173.744,122.48
S01/mask/attentive/S01_attentive_mask_000093.jpg,S01,attentive,mask,mask,,1,0.31666,0.45566,0.40489,-20.341,-177.121,-174.995,122.54
S01/mask/attentive/S01_attentive_mask_000094.jpg,S01,attentive,mask,mask,,1,0.2988,0.45476,0.40572,-18.055,-177.748,-174.172,122.52
S01/mask/attentive/S01_attentive_mask_000095.jpg,S01,attentive,mask,mask,,1,0.30143,0.45582,0.40957,-17.946,-178.883,-175.012,122.52
S01/mask/attentive/S01_attentive_mask_000096.jpg,S01,attentive,mask,mask,,1,0.30466,0.4582,0.41063,-23.041,-177.857,-175.635,122.54
S01/mask/attentive/S01_attentive_mask_000097.jpg,S01,attentive,mask,mask,,1,0.31549,0.45614,0.38812,-18.645,179.024,-174.096,122.49
S01/mask/attentive/S01_attentive_mask_000098.jpg,S01,attentive,mask,mask,,1,0.31711,0.45407,0.40076,-15.277,177.445,-174.064,122.53
S01/mask/attentive/S01_attentive_mask_000099.jpg,S01,attentive,mask,mask,,1,0.31688,0.45424,0.41614,-20.952,-176.083,-175.283,122.51
S01/mask/attentive/S01_attentive_mask_000100.jpg,S01,attentive,mask,mask,,1,0.29648,0.45543,0.42527,-24.438,-176.494,-175.464,122.56
S01/mask/attentive/S01_attentive_mask_000101.jpg,S01,attentive,mask,mask,,1,0.30159,0.45307,0.41818,-20.944,-176.316,-176.56,122.54
S01/mask/attentive/S01_attentive_mask_000102.jpg,S01,attentive,mask,mask,,1,0.31188,0.45206,0.40874,-21.879,-177.024,-174.404,122.56
S01/mask/attentive/S01_attentive_mask_000103.jpg,S01,attentive,mask,mask,,1,0.3188,0.45066,0.40268,-18.54,177.458,-175.438,122.49
S01/mask/attentive/S01_attentive_mask_000104.jpg,S01,attentive,mask,mask,,1,0.32323,0.45153,0.38438,-19.493,-177.042,-175.422,122.51
S01/mask/attentive/S01_attentive_mask_000105.jpg,S01,attentive,mask,mask,,1,0.30974,0.45288,0.40737,-22.023,179.318,-174.447,122.47
S01/mask/attentive/S01_attentive_mask_000106.jpg,S01,attentive,mask,mask,,1,0.32154,0.454,0.40208,-20.404,-178.422,-175.222,122.46
S01/mask/attentive/S01_attentive_mask_000107.jpg,S01,attentive,mask,mask,,1,0.32632,0.45277,0.39476,-19.422,178.937,-173.759,122.48
S01/mask/attentive/S01_attentive_mask_000108.jpg,S01,attentive,mask,mask,,1,0.32495,0.45716,0.37967,-16.915,176.261,-175.41,122.47
S01/mask/attentive/S01_attentive_mask_000109.jpg,S01,attentive,mask,mask,,1,0.33267,0.45346,0.39509,-14.595,178.684,-174.618,122.51
S01/mask/attentive/S01_attentive_mask_000110.jpg,S01,attentive,mask,mask,,1,0.31124,0.45204,0.39114,-20.076,179.426,-174.566,122.52
S01/mask/attentive/S01_attentive_mask_000111.jpg,S01,attentive,mask,mask,,1,0.31045,0.45521,0.37998,-18.373,178.496,-175.127,122.53
S01/mask/attentive/S01_attentive_mask_000112.jpg,S01,attentive,mask,mask,,1,0.32895,0.45332,0.41042,-19.976,-170.813,-177.363,122.54
S01/mask/attentive/S01_attentive_mask_000113.jpg,S01,attentive,mask,mask,,1,0.30067,0.4562,0.40174,-19.919,-176.392,-175.059,122.56
S01/mask/attentive/S01_attentive_mask_000114.jpg,S01,attentive,mask,mask,,1,0.30756,0.45356,0.38968,-17.179,-176.885,-173.651,122.56
S01/mask/attentive/S01_attentive_mask_000115.jpg,S01,attentive,mask,mask,,1,0.3199,0.45129,0.38716,-19.083,-179.095,-175.397,122.51
S01/mask/attentive/S01_attentive_mask_000116.jpg,S01,attentive,mask,mask,,1,0.32663,0.45402,0.40188,-20.724,-172.637,-175.967,122.56
S01/mask/attentive/S01_attentive_mask_000117.jpg,S01,attentive,mask,mask,,1,0.30518,0.45737,0.40146,-18.363,-178.147,-173.137,122.55
S01/mask/attentive/S01_attentive_mask_000118.jpg,S01,attentive,mask,mask,,1,0.30626,0.45238,0.38343,-14.469,177.994,-174.168,122.59
S01/mask/attentive/S01_attentive_mask_000119.jpg,S01,attentive,mask,mask,,1,0.31354,0.45182,0.38761,-19.565,-179.875,-173.163,122.59
S01/mask/attentive/S01_attentive_mask_000120.jpg,S01,attentive,mask,mask,,1,0.31952,0.45406,0.39335,-19.271,177.817,-174.442,122.6
S01/mask/attentive/S01_attentive_mask_000121.jpg,S01,attentive,mask,mask,,1,0.32899,0.45578,0.38126,-19.239,-178.091,-174.369,122.6
S01/mask/attentive/S01_attentive_mask_000122.jpg,S01,attentive,mask,mask,,1,0.29953,0.4516,0.40493,-22.287,-174.961,-176.657,122.57
S01/mask/attentive/S01_attentive_mask_000123.jpg,S01,attentive,mask,mask,,1,0.30805,0.45367,0.42156,-24.837,-173.693,-176.183,122.62
S01/mask/attentive/S01_attentive_mask_000124.jpg,S01,attentive,mask,mask,,1,0.31494,0.45177,0.40246,-23.018,-177.882,-176.713,122.58
S01/mask/attentive/S01_attentive_mask_000125.jpg,S01,attentive,mask,mask,,1,0.30739,0.45893,0.3998,-18.521,178.404,-174.497,122.59
S01/mask/attentive/S01_attentive_mask_000126.jpg,S01,attentive,mask,mask,,1,0.31935,0.44918,0.38687,-19.766,176.706,-173.793,122.59
S01/mask/attentive/S01_attentive_mask_000127.jpg,S01,attentive,mask,mask,,1,0.3152,0.45037,0.39035,-21.178,-179.444,-174.87,122.63
S01/mask/attentive/S01_attentive_mask_000128.jpg,S01,attentive,mask,mask,,1,0.29703,0.4529,0.40337,-21.981,-177.783,-174.685,122.64
S01/mask/attentive/S01_attentive_mask_000129.jpg,S01,attentive,mask,mask,,1,0.30095,0.45846,0.39108,-20.056,-175.843,-173.647,122.65
S01/mask/attentive/S01_attentive_mask_000130.jpg,S01,attentive,mask,mask,,1,0.30281,0.4545,0.39339,-14.144,-178.967,-173.019,122.65
S01/mask/attentive/S01_attentive_mask_000131.jpg,S01,attentive,mask,mask,,1,0.30519,0.45325,0.41262,-23.166,-173.258,-174.61,122.62
S01/mask/attentive/S01_attentive_mask_000132.jpg,S01,attentive,mask,mask,,1,0.30668,0.45649,0.3976,-22.077,-171.973,-174.249,122.63
S01/mask/attentive/S01_attentive_mask_000133.jpg,S01,attentive,mask,mask,,1,0.3186,0.45455,0.415,-20.084,-173.658,-174.403,122.69
S01/mask/attentive/S01_attentive_mask_000134.jpg,S01,attentive,mask,mask,,1,0.31919,0.45256,0.42471,-21.836,-174.097,-174.314,122.68
S01/mask/attentive/S01_attentive_mask_000135.jpg,S01,attentive,mask,mask,,1,0.30106,0.45407,0.42002,-22.123,-178.582,-174.672,122.7
S01/mask/attentive/S01_attentive_mask_000136.jpg,S01,attentive,mask,mask,,1,0.3061,0.45315,0.42008,-26.553,-175.625,-176.776,122.63
S01/mask/attentive/S01_attentive_mask_000137.jpg,S01,attentive,mask,mask,,1,0.3066,0.45378,0.39363,-23.034,-170.51,-176.413,122.6
S01/mask/attentive/S01_attentive_mask_000138.jpg,S01,attentive,mask,mask,,1,0.30591,0.45298,0.41261,-21.563,-175.703,-173.721,122.51
S01/mask/attentive/S01_attentive_mask_000139.jpg,S01,attentive,mask,mask,,1,0.30363,0.4549,0.40715,-16.949,-174.693,-174.661,122.53
S01/mask/attentive/S01_attentive_mask_000140.jpg,S01,attentive,mask,mask,,1,0.30055,0.45422,0.40104,-22.001,-178.134,-174.086,122.59
S01/mask/attentive/S01_attentive_mask_000141.jpg,S01,attentive,mask,mask,,1,0.33002,0.45262,0.38059,-26.454,-173.103,-176.676,122.55
S01/mask/attentive/S01_attentive_mask_000142.jpg,S01,attentive,mask,mask,,1,0.31106,0.45461,0.41245,-20.074,-172.587,-174.499,122.6
S01/mask/attentive/S01_attentive_mask_000143.jpg,S01,attentive,mask,mask,,1,0.30135,0.45257,0.40525,-22.079,-172.654,-175.444,122.63
S01/mask/attentive/S01_attentive_mask_000144.jpg,S01,attentive,mask,mask,,1,0.29887,0.45394,0.40689,-21.66,-174.303,-174.77,122.59
S01/mask/attentive/S01_attentive_mask_000145.jpg,S01,attentive,mask,mask,,1,0.30474,0.45731,0.41889,-21.833,-176.469,-173.89,122.58
S01/mask/attentive/S01_attentive_mask_000146.jpg,S01,attentive,mask,mask,,1,0.29978,0.45891,0.39825,-18.784,-174.279,-173.209,122.6
S01/mask/attentive/S01_attentive_mask_000147.jpg,S01,attentive,mask,mask,,1,0.30125,0.45308,0.4162,-20.747,-175.683,-173.723,122.62
S01/mask/attentive/S01_attentive_mask_000148.jpg,S01,attentive,mask,mask,,1,0.29922,0.45346,0.40466,-19.777,-167.205,-173.934,122.64
S01/mask/attentive/S01_attentive_mask_000149.jpg,S01,attentive,mask,mask,,1,0.31464,0.45468,0.42573,-21.809,-175.741,-174.514,122.66
S01/mask/drowsy/S01_drowsy_mask_000000.jpg,S01,drowsy,mask,mask,,1,0.32388,0.45082,0.37319,17.403,172.479,-174.32,129.55
S01/mask/drowsy/S01_drowsy_mask_000001.jpg,S01,drowsy,mask,mask,,1,0.33032,0.44633,0.3802,11.805,173.55,-177.114,129.21
S01/mask/drowsy/S01_drowsy_mask_000002.jpg,S01,drowsy,mask,mask,,1,0.32224,0.45287,0.40864,8.655,175.644,-178.262,129.26
S01/mask/drowsy/S01_drowsy_mask_000003.jpg,S01,drowsy,mask,mask,,1,0.33317,0.44588,0.40102,21.624,174.743,-179.063,129.41
S01/mask/drowsy/S01_drowsy_mask_000004.jpg,S01,drowsy,mask,mask,,1,0.33305,0.45257,0.4224,-8.462,177.904,-176.803,129.37
S01/mask/drowsy/S01_drowsy_mask_000005.jpg,S01,drowsy,mask,mask,,1,0.3443,0.44248,0.40442,22.715,171.473,-177.202,129.51
S01/mask/drowsy/S01_drowsy_mask_000006.jpg,S01,drowsy,mask,mask,,1,0.36047,0.44945,0.40218,11.208,178.113,-179.933,129.18
S01/mask/drowsy/S01_drowsy_mask_000007.jpg,S01,drowsy,mask,mask,,1,0.35043,0.44638,0.3825,23.139,178.199,178.696,129.61
S01/mask/drowsy/S01_drowsy_mask_000008.jpg,S01,drowsy,mask,mask,,1,0.30273,0.45379,0.39277,-0.822,175.612,178.667,129.39
S01/mask/drowsy/S01_drowsy_mask_000009.jpg,S01,drowsy,mask,mask,,1,0.25493,0.45123,0.38194,-0.517,179.197,169.798,129.43
S01/mask/drowsy/S01_drowsy_mask_000010.jpg,S01,drowsy,mask,mask,,1,0.18137,0.4567,0.4025,17.794,176.126,172.257,129.52
S01/mask/drowsy/S01_drowsy_mask_000011.jpg,S01,drowsy,mask,mask,,1,0.18803,0.45297,0.39709,-12.017,176.015,173.902,129.42
S01/mask/drowsy/S01_drowsy_mask_000012.jpg,S01,drowsy,mask,mask,,1,0.22057,0.45397,0.38162,3.795,176.164,171.212,129.43
S01/mask/drowsy/S01_drowsy_mask_000013.jpg,S01,drowsy,mask,mask,,1,0.18259,0.45529,0.37209,3.175,176.405,167.878,129.43
S01/mask/drowsy/S01_drowsy_mask_000014.jpg,S01,drowsy,mask,mask,,1,0.17505,0.45199,0.40232,9.101,174.978,170.215,129.44
S01/mask/drowsy/S01_drowsy_mask_000015.jpg,S01,drowsy,mask,mask,,1,0.14789,0.45809,0.40471,0.008,174.404,175.693,129.45
S01/mask/drowsy/S01_drowsy_mask_000016.jpg,S01,drowsy,mask,mask,,1,0.15443,0.45258,0.40167,-6.604,172.998,170.094,129.49
S01/mask/drowsy/S01_drowsy_mask_000017.jpg,S01,drowsy,mask,mask,,1,0.14275,0.4537,0.39109,0.851,177.49,176.412,129.47
S01/mask/drowsy/S01_drowsy_mask_000018.jpg,S01,drowsy,mask,mask,,1,0.20913,0.45215,0.39183,14.547,177.517,169.788,129.29
S01/mask/drowsy/S01_drowsy_mask_000019.jpg,S01,drowsy,mask,mask,,1,0.20222,0.45862,0.358,6.956,-178.36,170.29,129.01
S01/mask/drowsy/S01_drowsy_mask_000020.jpg,S01,drowsy,mask,mask,,1,0.19201,0.4476,0.34589,4.899,175.157,171.103,128.74
S01/mask/drowsy/S01_drowsy_mask_000021.jpg,S01,drowsy,mask,mask,,1,0.1649,0.45792,0.37426,22.112,179.378,175.652,128.5
S01/mask/drowsy/S01_drowsy_mask_000022.jpg,S01,drowsy,mask,mask,,1,0.13319,0.49097,0.36315,17.233,177.904,178.112,128.2
S01/mask/drowsy/S01_drowsy_mask_000023.jpg,S01,drowsy,mask,mask,,1,0.11321,0.45336,0.38846,-2.456,174.315,178.711,127.98
S01/mask/drowsy/S01_drowsy_mask_000024.jpg,S01,drowsy,mask,mask,,1,0.16822,0.4493,0.32442,6.642,178.977,170.0,127.78
S01/mask/drowsy/S01_drowsy_mask_000025.jpg,S01,drowsy,mask,mask,,1,0.10731,0.45455,0.3637,10.591,175.652,178.429,127.68
S01/mask/drowsy/S01_drowsy_mask_000026.jpg,S01,drowsy,mask,mask,,1,0.10405,0.45491,0.3385,5.745,175.455,178.532,127.66
S01/mask/drowsy/S01_drowsy_mask_000027.jpg,S01,drowsy,mask,mask,,1,0.10571,0.45233,0.34586,-7.675,173.796,-178.951,127.55
S01/mask/drowsy/S01_drowsy_mask_000028.jpg,S01,drowsy,mask,mask,,1,0.11999,0.45231,0.35072,10.421,170.586,179.406,127.51
S01/mask/drowsy/S01_drowsy_mask_000029.jpg,S01,drowsy,mask,mask,,1,0.12542,0.45111,0.36217,2.929,173.965,179.266,127.56
S01/mask/drowsy/S01_drowsy_mask_000030.jpg,S01,drowsy,mask,mask,,1,0.18699,0.4508,0.32513,2.124,-179.54,169.589,127.66
S01/mask/drowsy/S01_drowsy_mask_000031.jpg,S01,drowsy,mask,mask,,1,0.18592,0.44881,0.34879,3.995,172.422,171.798,127.91
S01/mask/drowsy/S01_drowsy_mask_000032.jpg,S01,drowsy,mask,mask,,1,0.26706,0.45613,0.34951,0.646,178.666,166.67,128.15
S01/mask/drowsy/S01_drowsy_mask_000033.jpg,S01,drowsy,mask,mask,,1,0.25915,0.44714,0.36147,23.114,178.419,169.035,128.52
S01/mask/drowsy/S01_drowsy_mask_000034.jpg,S01,drowsy,mask,mask,,1,0.17014,0.45173,0.35517,15.907,173.137,173.131,128.79
S01/mask/drowsy/S01_drowsy_mask_000035.jpg,S01,drowsy,mask,mask,,1,0.19923,0.45387,0.38359,5.593,178.351,178.645,129.1
S01/mask/drowsy/S01_drowsy_mask_000036.jpg,S01,drowsy,mask,mask,,1,0.25233,0.45226,0.3775,-13.5,-176.463,178.48,129.37
S01/mask/drowsy/S01_drowsy_mask_000037.jpg,S01,drowsy,mask,mask,,1,0.1994,0.44829,0.41611,-23.634,-177.42,179.672,129.62
S01/mask/drowsy/S01_drowsy_mask_000038.jpg,S01,drowsy,mask,mask,,1,0.2023,0.454,0.39003,-18.778,-171.522,178.864,129.79
S01/mask/drowsy/S01_drowsy_mask_000039.jpg,S01,drowsy,mask,mask,,1,0.17586,0.48089,0.39935,-20.349,-169.597,177.67,129.9
S01/mask/drowsy/S01_drowsy_mask_000040.jpg,S01,drowsy,mask,mask,,1,0.26062,0.45381,0.39176,-20.585,-172.859,-177.506,129.93
S01/mask/drowsy/S01_drowsy_mask_000041.jpg,S01,drowsy,mask,mask,,1,0.23406,0.45564,0.38811,-17.689,-173.293,179.478,130.06
S01/mask/drowsy/S01_drowsy_mask_000042.jpg,S01,drowsy,mask,mask,,1,0.24493,0.45702,0.4026,-15.647,-175.522,-177.669,130.11
S01/mask/drowsy/S01_drowsy_mask_000043.jpg,S01,drowsy,mask,mask,,1,0.26562,0.45334,0.4006,-14.698,179.803,-174.886,130.13
S01/mask/drowsy/S01_drowsy_mask_000044.jpg,S01,drowsy,mask,mask,,1,0.28099,0.4636,0.39632,-21.493,-177.314,-174.776,130.09
S01/mask/drowsy/S01_drowsy_mask_000045.jpg,S01,drowsy,mask,mask,,1,0.25181,0.45432,0.39902,-21.412,-173.821,-176.257,130.08
S01/mask/drowsy/S01_drowsy_mask_000046.jpg,S01,drowsy,mask,mask,,1,0.27215,0.46255,0.40086,-23.447,-172.113,-174.694,129.9
S01/mask/drowsy/S01_drowsy_mask_000047.jpg,S01,drowsy,mask,mask,,1,0.25821,0.45456,0.40668,-10.849,178.341,-178.133,129.52
S01/mask/drowsy/S01_drowsy_mask_000048.jpg,S01,drowsy,mask,mask,,1,0.31623,0.45553,0.38157,28.96,174.636,-176.493,129.27
S01/mask/drowsy/S01_drowsy_mask_000049.jpg,S01,drowsy,mask,mask,,1,0.29447,0.43942,0.39248,23.884,171.013,-179.823,128.69
S01/mask/drowsy/S01_drowsy_mask_000050.jpg,S01,drowsy,mask,mask,,1,0.2764,0.44333,0.37227,17.31,173.84,-177.765,128.39
S01/mask/drowsy/S01_drowsy_mask_000051.jpg,S01,drowsy,mask,mask,,1,0.20189,0.45223,0.37659,5.195,176.565,-177.392,127.94
S01/mask/drowsy/S01_drowsy_mask_000052.jpg,S01,drowsy,mask,mask,,1,0.14315,0.45064,0.3728,-7.668,176.418,-178.933,127.69
S01/mask/drowsy/S01_drowsy_mask_000053.jpg,S01,drowsy,mask,mask,,1,0.18352,0.4506,0.34631,1.642,178.644,173.466,127.53
S01/mask/drowsy/S01_drowsy_mask_000054.jpg,S01,drowsy,mask,mask,,1,0.12936,0.44225,0.34387,10.253,172.715,-178.828,127.27
S01/mask/drowsy/S01_drowsy_mask_000055.jpg,S01,drowsy,mask,mask,,1,0.14816,0.44986,0.35002,4.573,173.586,177.075,127.2
S01/mask/drowsy/S01_drowsy_mask_000056.jpg,S01,drowsy,mask,mask,,1,0.13922,0.44699,0.36793,2.392,171.07,179.268,127.3
S01/mask/drowsy/S01_drowsy_mask_000057.jpg,S01,drowsy,mask,mask,,1,0.20433,0.44826,0.33471,13.349,176.164,173.247,127.39
S01/mask/drowsy/S01_drowsy_mask_000058.jpg,S01,drowsy,mask,mask,,1,0.263,0.44801,0.3513,20.436,174.752,-178.274,127.67
S01/mask/drowsy/S01_drowsy_mask_000059.jpg,S01,drowsy,mask,mask,,1,0.22914,0.44865,0.37692,4.281,169.229,177.787,127.96
S01/mask/drowsy/S01_drowsy_mask_000060.jpg,S01,drowsy,mask,mask,,1,0.26953,0.45048,0.37039,-2.506,172.856,176.803,128.34
S01/mask/drowsy/S01_drowsy_mask_000061.jpg,S01,drowsy,mask,mask,,1,0.2755,0.45433,0.41029,17.159,171.662,-178.45,128.75
S01/mask/drowsy/S01_drowsy_mask_000062.jpg,S01,drowsy,mask,mask,,1,0.29459,0.4486,0.38097,17.979,174.111,176.649,128.99
S01/mask/drowsy/S01_drowsy_mask_000063.jpg,S01,drowsy,mask,mask,,1,0.28709,0.45348,0.39172,32.678,173.399,-179.273,129.3
S01/mask/drowsy/S01_drowsy_mask_000064.jpg,S01,drowsy,mask,mask,,1,0.24908,0.44918,0.38621,-7.301,178.659,-176.566,129.59
S01/mask/drowsy/S01_drowsy_mask_000065.jpg,S01,drowsy,mask,mask,,1,0.25373,0.45441,0.39696,-11.917,-178.897,-175.362,129.74
S01/mask/drowsy/S01_drowsy_mask_000066.jpg,S01,drowsy,mask,mask,,1,0.26694,0.46189,0.3922,-13.273,-176.646,-174.901,129.86
S01/mask/drowsy/S01_drowsy_mask_000067.jpg,S01,drowsy,mask,mask,,1,0.26763,0.454,0.39586,-12.037,-173.965,-173.791,129.92
S01/mask/drowsy/S01_drowsy_mask_000068.jpg,S01,drowsy,mask,mask,,1,0.26392,0.4756,0.39633,-20.23,-171.018,-173.377,129.94
S01/mask/drowsy/S01_drowsy_mask_000069.jpg,S01,drowsy,mask,mask,,1,0.20137,0.45317,0.38853,-15.573,-173.6,-178.249,129.98
S01/mask/drowsy/S01_drowsy_mask_000070.jpg,S01,drowsy,mask,mask,,1,0.18428,0.45444,0.39097,-11.693,-173.09,179.031,129.91
S01/mask/drowsy/S01_drowsy_mask_000071.jpg,S01,drowsy,mask,mask,,1,0.18255,0.44927,0.39115,-16.415,-174.452,179.831,129.86
S01/mask/drowsy/S01_drowsy_mask_000072.jpg,S01,drowsy,mask,mask,,1,0.18245,0.45214,0.38113,-21.544,-171.268,-179.786,129.83
S01/mask/drowsy/S01_drowsy_mask_000073.jpg,S01,drowsy,mask,mask,,1,0.25583,0.45236,0.3961,-19.255,-173.481,-178.706,129.83
S01/mask/drowsy/S01_drowsy_mask_000074.jpg,S01,drowsy,mask,mask,,1,0.22668,0.45376,0.4033,-21.72,-178.065,-177.311,129.73
S01/mask/drowsy/S01_drowsy_mask_000075.jpg,S01,drowsy,mask,mask,,0,0.0,0.0,0.0,0.0,0.0,0.0,129.71
S01/mask/drowsy/S01_drowsy_mask_000076.jpg,S01,drowsy,mask,mask,,0,0.0,0.0,0.0,0.0,0.0,0.0,129.61
S01/mask/drowsy/S01_drowsy_mask_000077.jpg,S01,drowsy,mask,mask,,1,0.20855,0.44857,0.37963,24.768,177.728,176.541,129.54
S01/mask/drowsy/S01_drowsy_mask_000078.jpg,S01,drowsy,mask,mask,,1,0.20258,0.45371,0.36657,-13.786,-175.031,175.971,129.4
S01/mask/drowsy/S01_drowsy_mask_000079.jpg,S01,drowsy,mask,mask,,1,0.17561,0.44779,0.38683,-16.11,178.306,-179.31,129.33
S01/mask/drowsy/S01_drowsy_mask_000080.jpg,S01,drowsy,mask,mask,,1,0.207,0.45254,0.37674,28.493,177.982,177.282,129.26
S01/mask/drowsy/S01_drowsy_mask_000081.jpg,S01,drowsy,mask,mask,,1,0.21935,0.45333,0.38248,32.076,177.184,177.172,129.2
S01/mask/drowsy/S01_drowsy_mask_000082.jpg,S01,drowsy,mask,mask,,1,0.24345,0.4502,0.36118,31.27,178.496,176.902,129.21
S01/mask/drowsy/S01_drowsy_mask_000083.jpg,S01,drowsy,mask,mask,,1,0.1934,0.44459,0.36929,21.813,-178.456,175.518,129.21
S01/mask/drowsy/S01_drowsy_mask_000084.jpg,S01,drowsy,mask,mask,,1,0.13888,0.44995,0.39102,-7.032,177.229,177.52,129.15
S01/mask/drowsy/S01_drowsy_mask_000085.jpg,S01,drowsy,mask,mask,,1,0.1749,0.45235,0.40171,-10.986,178.754,178.91,129.13
S01/mask/drowsy/S01_drowsy_mask_000086.jpg,S01,drowsy,mask,mask,,1,0.184,0.44878,0.37115,10.561,179.169,176.926,129.09
S01/mask/drowsy/S01_drowsy_mask_000087.jpg,S01,drowsy,mask,mask,,1,0.15962,0.44815,0.38707,14.914,177.175,173.859,129.09
S01/mask/drowsy/S01_drowsy_mask_000088.jpg,S01,drowsy,mask,mask,,1,0.2028,0.44718,0.38188,23.686,177.084,176.406,129.09
S01/mask/drowsy/S01_drowsy_mask_000089.jpg,S01,drowsy,mask,mask,,1,0.2549,0.45214,0.38838,23.339,174.289,178.251,129.09
S01/mask/drowsy/S01_drowsy_mask_000090.jpg,S01,drowsy,mask,mask,,1,0.28272,0.44777,0.40008,2.153,-178.78,-178.328,129.11
S01/mask/drowsy/S01_drowsy_mask_000091.jpg,S01,drowsy,mask,mask,,1,0.27269,0.44327,0.3779,-8.349,179.47,-177.964,129.18
S01/mask/drowsy/S01_drowsy_mask_000092.jpg,S01,drowsy,mask,mask,,1,0.28634,0.44435,0.41434,-0.971,178.01,-177.618,129.21
S01/mask/drowsy/S01_drowsy_mask_000093.jpg,S01,drowsy,mask,mask,,1,0.26356,0.44897,0.39489,-4.043,177.349,-178.12,129.26
S01/mask/drowsy/S01_drowsy_mask_000094.jpg,S01,drowsy,mask,mask,,1,0.28967,0.45591,0.40493,-9.58,-177.953,-176.348,129.32
S01/mask/drowsy/S01_drowsy_mask_000095.jpg,S01,drowsy,mask,mask,,1,0.28006,0.45032,0.38854,-7.109,-179.619,-175.258,129.26
S01/mask/drowsy/S01_drowsy_mask_000096.jpg,S01,drowsy,mask,mask,,1,0.29438,0.44953,0.40774,-17.45,178.174,-177.39,129.27
S01/mask/drowsy/S01_drowsy_mask_000097.jpg,S01,drowsy,mask,mask,,1,0.31175,0.46522,0.4002,29.352,173.695,-178.788,129.22
S01/mask/drowsy/S01_drowsy_mask_000098.jpg,S01,drowsy,mask,mask,,1,0.27892,0.45053,0.38382,-9.771,179.702,-176.478,129.23
S01/mask/drowsy/S01_drowsy_mask_000099.jpg,S01,drowsy,mask,mask,,1,0.22163,0.4482,0.38203,18.413,173.078,-179.463,129.17
S01/mask/drowsy/S01_drowsy_mask_000100.jpg,S01,drowsy,mask,mask,,1,0.19021,0.45104,0.36357,8.475,174.18,-177.96,129.04
S01/mask/drowsy/S01_drowsy_mask_000101.jpg,S01,drowsy,mask,mask,,1,0.22671,0.45676,0.36849,9.098,172.405,178.586,128.98
S01/mask/drowsy/S01_drowsy_mask_000102.jpg,S01,drowsy,mask,mask,,1,0.20397,0.44499,0.33681,18.516,177.173,179.323,128.88
S01/mask/drowsy/S01_drowsy_mask_000103.jpg,S01,drowsy,mask,mask,,1,0.21241,0.45393,0.35344,11.617,179.482,171.903,128.86
S01/mask/drowsy/S01_drowsy_mask_000104.jpg,S01,drowsy,mask,mask,,1,0.17629,0.45795,0.36917,9.135,175.033,177.259,128.82
S01/mask/drowsy/S01_drowsy_mask_000105.jpg,S01,drowsy,mask,mask,,1,0.16164,0.44971,0.35565,11.053,174.354,175.094,128.79
S01/mask/drowsy/S01_drowsy_mask_000106.jpg,S01,drowsy,mask,mask,,1,0.19143,0.45553,0.34821,14.449,168.232,179.004,128.84
S01/mask/drowsy/S01_drowsy_mask_000107.jpg,S01,drowsy,mask,mask,,1,0.23761,0.45849,0.35905,12.02,173.198,174.524,128.93
S01/mask/drowsy/S01_drowsy_mask_000108.jpg,S01,drowsy,mask,mask,,1,0.29571,0.45331,0.38232,25.538,174.163,-178.777,129.06
S01/mask/drowsy/S01_drowsy_mask_000109.jpg,S01,drowsy,mask,mask,,1,0.28781,0.44654,0.40206,24.781,173.327,-177.799,129.06
S01/mask/drowsy/S01_drowsy_mask_000110.jpg,S01,drowsy,mask,mask,,1,0.29499,0.4516,0.40294,26.802,170.294,-179.595,129.11
S01/mask/drowsy/S01_drowsy_mask_000111.jpg,S01,drowsy,mask,mask,,1,0.24664,0.44875,0.42001,17.626,168.37,-178.692,129.09
S01/mask/drowsy/S01_drowsy_mask_000112.jpg,S01,drowsy,mask,mask,,1,0.20499,0.45449,0.37466,22.851,175.31,-177.739,129.03
S01/mask/drowsy/S01_drowsy_mask_000113.jpg,S01,drowsy,mask,mask,,1,0.14359,0.44916,0.36975,14.136,174.346,179.838,128.96
S01/mask/drowsy/S01_drowsy_mask_000114.jpg,S01,drowsy,mask,mask,,1,0.14632,0.4503,0.35529,9.907,174.629,174.684,128.95
S01/mask/drowsy/S01_drowsy_mask_000115.jpg,S01,drowsy,mask,mask,,1,0.13276,0.45391,0.38908,7.893,170.955,-179.325,128.94
S01/mask/drowsy/S01_drowsy_mask_000116.jpg,S01,drowsy,mask,mask,,1,0.12842,0.45887,0.394,17.871,170.996,179.474,128.9
S01/mask/drowsy/S01_drowsy_mask_000117.jpg,S01,drowsy,mask,mask,,1,0.15867,0.45251,0.37822,18.007,170.88,175.772,128.83
S01/mask/drowsy/S01_drowsy_mask_000118.jpg,S01,drowsy,mask,mask,,1,0.14641,0.45621,0.36769,18.092,172.2,178.864,128.84
S01/mask/drowsy/S01_drowsy_mask_000119.jpg,S01,drowsy,mask,mask,,1,0.16519,0.45069,0.36454,2.233,178.872,176.065,128.8
S01/mask/drowsy/S01_drowsy_mask_000120.jpg,S01,drowsy,mask,mask,,1,0.14144,0.45495,0.34899,13.59,171.942,176.261,128.83
S01/mask/drowsy/S01_drowsy_mask_000121.jpg,S01,drowsy,mask,mask,,1,0.13247,0.45145,0.37396,3.805,173.399,175.672,128.85
S01/mask/drowsy/S01_drowsy_mask_000122.jpg,S01,drowsy,mask,mask,,1,0.18602,0.4511,0.35009,9.473,171.621,169.792,128.88
S01/mask/drowsy/S01_drowsy_mask_000123.jpg,S01,drowsy,mask,mask,,1,0.17332,0.44937,0.34381,3.381,174.366,171.24,128.97
S01/mask/drowsy/S01_drowsy_mask_000124.jpg,S01,drowsy,mask,mask,,1,0.14474,0.4505,0.37879,5.505,177.405,175.143,129.05
S01/mask/drowsy/S01_drowsy_mask_000125.jpg,S01,drowsy,mask,mask,,1,0.17453,0.45436,0.37424,9.271,-175.493,175.747,129.06
S01/mask/drowsy/S01_drowsy_mask_000126.jpg,S01,drowsy,mask,mask,,1,0.13714,0.46209,0.39643,1.4,173.772,175.959,129.08
S01/mask/drowsy/S01_drowsy_mask_000127.jpg,S01,drowsy,mask,mask,,1,0.12858,0.48321,0.37691,12.73,174.356,177.654,129.03
S01/mask/drowsy/S01_drowsy_mask_000128.jpg,S01,drowsy,mask,mask,,1,0.15512,0.4492,0.38119,21.157,173.153,178.425,128.99
S01/mask/drowsy/S01_drowsy_mask_000129.jpg,S01,drowsy,mask,mask,,1,0.13563,0.45536,0.36769,7.5,174.27,-176.374,128.99
S01/mask/drowsy/S01_drowsy_mask_000130.jpg,S01,drowsy,mask,mask,,1,0.1836,0.45358,0.37609,-1.707,177.177,175.465,128.95
S01/mask/drowsy/S01_drowsy_mask_000131.jpg,S01,drowsy,mask,mask,,1,0.21313,0.45115,0.34807,6.261,175.307,172.432,128.92
S01/mask/drowsy/S01_drowsy_mask_000132.jpg,S01,drowsy,mask,mask,,1,0.16872,0.45699,0.36751,-4.552,172.663,175.221,128.89
S01/mask/drowsy/S01_drowsy_mask_000133.jpg,S01,drowsy,mask,mask,,1,0.18269,0.45561,0.3543,12.865,177.196,173.507,128.88
S01/mask/drowsy/S01_drowsy_mask_000134.jpg,S01,drowsy,mask,mask,,1,0.19303,0.44804,0.35439,13.992,174.985,176.301,128.96
S01/mask/drowsy/S01_drowsy_mask_000135.jpg,S01,drowsy,mask,mask,,1,0.21128,0.45154,0.37238,3.125,171.696,173.644,128.95
S01/mask/drowsy/S01_drowsy_mask_000136.jpg,S01,drowsy,mask,mask,,1,0.27905,0.4514,0.38632,17.647,172.914,178.651,129.04
S01/mask/drowsy/S01_drowsy_mask_000137.jpg,S01,drowsy,mask,mask,,1,0.22549,0.45649,0.43339,15.123,171.637,178.904,129.1
S01/mask/drowsy/S01_drowsy_mask_000138.jpg,S01,drowsy,mask,mask,,1,0.22595,0.45314,0.39117,-7.017,171.03,-177.876,129.18
S01/mask/drowsy/S01_drowsy_mask_000139.jpg,S01,drowsy,mask,mask,,1,0.23157,0.45323,0.4003,12.587,168.242,-179.449,129.23
S01/mask/drowsy/S01_drowsy_mask_000140.jpg,S01,drowsy,mask,mask,,1,0.27758,0.44798,0.40147,12.622,178.195,-177.995,129.27
S01/mask/drowsy/S01_drowsy_mask_000141.jpg,S01,drowsy,mask,mask,,1,0.28855,0.45414,0.37559,-1.705,-178.092,-176.032,129.3
S01/mask/drowsy/S01_drowsy_mask_000142.jpg,S01,drowsy,mask,mask,,1,0.2884,0.44733,0.36685,22.492,174.324,-177.69,129.34
S01/mask/drowsy/S01_drowsy_mask_000143.jpg,S01,drowsy,mask,mask,,1,0.27987,0.4417,0.40285,24.446,170.246,-176.938,129.43
S01/mask/drowsy/S01_drowsy_mask_000144.jpg,S01,drowsy,mask,mask,,1,0.28024,0.44837,0.38598,21.26,175.724,-175.412,129.49
S01/mask/drowsy/S01_drowsy_mask_000145.jpg,S01,drowsy,mask,mask,,1,0.27389,0.44778,0.38582,3.717,178.797,-175.756,129.58
S01/mask/drowsy/S01_drowsy_mask_000146.jpg,S01,drowsy,mask,mask,,1,0.23434,0.44736,0.39109,19.575,171.125,-177.606,129.62
S01/mask/drowsy/S01_drowsy_mask_000147.jpg,S01,drowsy,mask,mask,,1,0.25868,0.45576,0.41202,17.868,173.662,-177.395,129.69
S01/mask/drowsy/S01_drowsy_mask_000148.jpg,S01,drowsy,mask,mask,,1,0.27237,0.44443,0.40223,20.209,174.654,-177.361,129.65
S01/mask/drowsy/S01_drowsy_mask_000149.jpg,S01,drowsy,mask,mask,,1,0.25451,0.45339,0.40331,10.792,175.841,-175.161,129.66
S01/mask/yawning/S01_yawning_mask_000000.jpg,S01,yawning,mask,mask,,1,0.31632,0.44751,0.35944,-11.652,-171.729,-176.004,126.47
S01/mask/yawning/S01_yawning_mask_000001.jpg,S01,yawning,mask,mask,,1,0.34112,0.47498,0.37254,-2.833,-168.33,4.862,126.48
S01/mask/yawning/S01_yawning_mask_000002.jpg,S01,yawning,mask,mask,,1,0.35151,0.45301,0.36343,-5.679,-177.367,-175.89,126.62
S01/mask/yawning/S01_yawning_mask_000003.jpg,S01,yawning,mask,mask,,1,0.34899,0.44297,0.38237,-10.331,-176.65,-176.277,126.59
S01/mask/yawning/S01_yawning_mask_000004.jpg,S01,yawning,mask,mask,,1,0.35836,0.44947,0.37879,3.641,-172.863,5.298,126.72
S01/mask/yawning/S01_yawning_mask_000005.jpg,S01,yawning,mask,mask,,1,0.35056,0.46813,0.38527,2.459,-171.021,4.05,126.73
S01/mask/yawning/S01_yawning_mask_000006.jpg,S01,yawning,mask,mask,,1,0.35019,0.46438,0.38643,-8.218,-177.854,-177.23,126.72
S01/mask/yawning/S01_yawning_mask_000007.jpg,S01,yawning,mask,mask,,1,0.35673,0.46109,0.37529,-15.624,-179.01,-176.945,126.65
S01/mask/yawning/S01_yawning_mask_000008.jpg,S01,yawning,mask,mask,,1,0.33464,0.45969,0.39497,-8.723,-176.426,-176.569,126.35
S01/mask/yawning/S01_yawning_mask_000009.jpg,S01,yawning,mask,mask,,1,0.34955,0.45079,0.38745,-1.368,-172.671,3.341,126.5
S01/mask/yawning/S01_yawning_mask_000010.jpg,S01,yawning,mask,mask,,1,0.34418,0.45185,0.37657,-5.047,-167.277,2.753,125.73
S01/mask/yawning/S01_yawning_mask_000011.jpg,S01,yawning,mask,mask,,1,0.34169,0.45122,0.38944,-2.323,174.359,179.835,126.53
S01/mask/yawning/S01_yawning_mask_000012.jpg,S01,yawning,mask,mask,,1,0.34854,0.45635,0.36989,-4.27,177.355,-176.905,125.77
S01/mask/yawning/S01_yawning_mask_000013.jpg,S01,yawning,mask,mask,,1,0.34794,0.44704,0.37323,-15.38,179.978,-175.333,126.4
S01/mask/yawning/S01_yawning_mask_000014.jpg,S01,yawning,mask,mask,,1,0.33405,0.4528,0.39185,-6.622,178.542,-173.901,125.7
S01/mask/yawning/S01_yawning_mask_000015.jpg,S01,yawning,mask,mask,,1,0.34003,0.4588,0.38619,-5.424,179.821,-175.309,125.95
S01/mask/yawning/S01_yawning_mask_000016.jpg,S01,yawning,mask,mask,,1,0.33263,0.48878,0.39571,-1.245,173.666,-176.15,126.15
S01/mask/yawning/S01_yawning_mask_000017.jpg,S01,yawning,mask,mask,,1,0.34434,0.44792,0.38303,-6.387,-171.066,4.328,126.59
S01/mask/yawning/S01_yawning_mask_000018.jpg,S01,yawning,mask,mask,,1,0.33791,0.46383,0.38624,-6.983,172.891,-173.4,127.15
S01/mask/yawning/S01_yawning_mask_000019.jpg,S01,yawning,mask,mask,,1,0.3407,0.44495,0.41652,-5.85,173.935,-173.268,126.73
S01/mask/yawning/S01_yawning_mask_000020.jpg,S01,yawning,mask,mask,,1,0.29873,0.45321,0.40016,2.209,168.697,-172.246,127.35
S01/mask/yawning/S01_yawning_mask_000021.jpg,S01,yawning,mask,mask,,1,0.30568,0.44653,0.43939,10.718,165.359,-173.83,127.36
S01/mask/yawning/S01_yawning_mask_000022.jpg,S01,yawning,mask,mask,,1,0.30801,0.44477,0.41135,15.397,162.663,-175.176,127.24
S01/mask/yawning/S01_yawning_mask_000023.jpg,S01,yawning,mask,mask,,1,0.31798,0.44727,0.43599,-10.581,176.236,-173.558,127.23
S01/mask/yawning/S01_yawning_mask_000024.jpg,S01,yawning,mask,mask,,1,0.31452,0.45144,0.40537,-11.039,-179.107,-174.397,127.1
S01/mask/yawning/S01_yawning_mask_000025.jpg,S01,yawning,mask,mask,,1,0.32043,0.44804,0.43593,12.87,165.298,-176.193,126.86
S01/mask/yawning/S01_yawning_mask_000026.jpg,S01,yawning,mask,mask,,1,0.30597,0.44765,0.4483,-7.154,171.406,-174.096,126.71
S01/mask/yawning/S01_yawning_mask_000027.jpg,S01,yawning,mask,mask,,1,0.31129,0.44506,0.44661,-8.76,170.655,-174.335,126.71
S01/mask/yawning/S01_yawning_mask_000028.jpg,S01,yawning,mask,mask,,1,0.30523,0.45141,0.48037,-16.289,172.231,-174.25,126.73
S01/mask/yawning/S01_yawning_mask_000029.jpg,S01,yawning,mask,mask,,1,0.30748,0.45552,0.47378,-16.795,173.031,-174.515,127.06
S01/mask/yawning/S01_yawning_mask_000030.jpg,S01,yawning,mask,mask,,1,0.3091,0.45664,0.4789,-0.008,170.4,-174.143,127.35
S01/mask/yawning/S01_yawning_mask_000031.jpg,S01,yawning,mask,mask,,1,0.31021,0.47718,0.46931,-16.024,176.411,-176.47,127.43
S01/mask/yawning/S01_yawning_mask_000032.jpg,S01,yawning,mask,mask,,1,0.29398,0.45509,0.44704,-17.323,172.491,-176.386,127.37
S01/mask/yawning/S01_yawning_mask_000033.jpg,S01,yawning,mask,mask,,1,0.26389,0.45186,0.49462,-4.2,172.392,-174.513,127.61
S01/mask/yawning/S01_yawning_mask_000034.jpg,S01,yawning,mask,mask,,1,0.27518,0.45521,0.48601,-5.048,172.216,-173.384,127.52
S01/mask/yawning/S01_yawning_mask_000035.jpg,S01,yawning,mask,mask,,1,0.25064,0.45479,0.50808,8.483,166.605,-175.19,128.17
S01/mask/yawning/S01_yawning_mask_000036.jpg,S01,yawning,mask,mask,,1,0.28204,0.50958,0.4767,-2.57,176.981,-172.547,128.08
S01/mask/yawning/S01_yawning_mask_000037.jpg,S01,yawning,mask,mask,,1,0.28697,0.45184,0.47747,-18.259,179.228,-175.536,128.51
S01/mask/yawning/S01_yawning_mask_000038.jpg,S01,yawning,mask,mask,,1,0.28766,0.45566,0.47349,-13.843,-171.218,-174.35,128.4
S01/mask/yawning/S01_yawning_mask_000039.jpg,S01,yawning,mask,mask,,1,0.26148,0.45115,0.49722,-14.697,-178.579,-175.576,128.58
S01/mask/yawning/S01_yawning_mask_000040.jpg,S01,yawning,mask,mask,,1,0.23162,0.44846,0.47164,-7.273,-174.502,-172.35,128.6
S01/mask/yawning/S01_yawning_mask_000041.jpg,S01,yawning,mask,mask,,1,0.22557,0.47859,0.50704,-9.425,174.45,-173.679,128.38
S01/mask/yawning/S01_yawning_mask_000042.jpg,S01,yawning,mask,mask,,1,0.23096,0.5211,0.48522,-11.307,-178.638,-173.579,128.64
S01/mask/yawning/S01_yawning_mask_000043.jpg,S01,yawning,mask,mask,,1,0.26356,0.44951,0.46036,-17.114,-178.065,-173.24,128.67
S01/mask/yawning/S01_yawning_mask_000044.jpg,S01,yawning,mask,mask,,1,0.27194,0.46656,0.50487,-1.986,173.377,-175.191,128.94
S01/mask/yawning/S01_yawning_mask_000045.jpg,S01,yawning,mask,mask,,1,0.25254,0.47651,0.49848,-12.97,174.866,-172.323,129.08
S01/mask/yawning/S01_yawning_mask_000046.jpg,S01,yawning,mask,mask,,1,0.24765,0.45614,0.50919,-16.36,170.83,-173.877,129.05
S01/mask/yawning/S01_yawning_mask_000047.jpg,S01,yawning,mask,mask,,1,0.26425,0.48225,0.49421,-13.69,175.064,-173.931,129.22
S01/mask/yawning/S01_yawning_mask_000048.jpg,S01,yawning,mask,mask,,1,0.26703,0.51603,0.47792,-8.982,179.862,-174.746,129.22
S01/mask/yawning/S01_yawning_mask_000049.jpg,S01,yawning,mask,mask,,1,0.26131,0.49226,0.48835,-13.839,173.321,-174.291,129.22
S01/mask/yawning/S01_yawning_mask_000050.jpg,S01,yawning,mask,mask,,1,0.25674,0.45935,0.47888,-7.245,171.183,-174.121,129.16
S01/mask/yawning/S01_yawning_mask_000051.jpg,S01,yawning,mask,mask,,1,0.26397,0.45013,0.47646,-10.193,171.751,-173.898,129.21
S01/mask/yawning/S01_yawning_mask_000052.jpg,S01,yawning,mask,mask,,1,0.23914,0.45157,0.48628,-2.456,169.595,-175.045,129.25
S01/mask/yawning/S01_yawning_mask_000053.jpg,S01,yawning,mask,mask,,1,0.23913,0.45162,0.4627,-7.057,171.0,-174.068,129.21
S01/mask/yawning/S01_yawning_mask_000054.jpg,S01,yawning,mask,mask,,1,0.18466,0.45676,0.47254,10.091,171.936,177.937,129.39
S01/mask/yawning/S01_yawning_mask_000055.jpg,S01,yawning,mask,mask,,1,0.22426,0.48616,0.47639,-14.654,176.821,-172.284,130.92
S01/mask/yawning/S01_yawning_mask_000056.jpg,S01,yawning,mask,mask,,1,0.25767,0.45771,0.42017,9.409,174.443,-175.207,129.22
S01/mask/yawning/S01_yawning_mask_000057.jpg,S01,yawning,mask,mask,,1,0.25164,0.46935,0.51698,-16.625,175.03,-176.102,131.1
S01/mask/yawning/S01_yawning_mask_000058.jpg,S01,yawning,mask,mask,,1,0.29833,0.45922,0.45751,25.307,169.868,179.916,130.6
S01/mask/yawning/S01_yawning_mask_000059.jpg,S01,yawning,mask,mask,,1,0.3076,0.46028,0.43007,33.95,177.024,179.933,130.16
S01/mask/yawning/S01_yawning_mask_000060.jpg,S01,yawning,mask,mask,,1,0.32414,0.4532,0.41204,25.146,171.121,-179.671,130.98
S01/mask/yawning/S01_yawning_mask_000061.jpg,S01,yawning,mask,mask,,1,0.33407,0.46052,0.38673,24.279,176.455,176.764,130.94
S01/mask/yawning/S01_yawning_mask_000062.jpg,S01,yawning,mask,mask,,1,0.26969,0.4708,0.42543,12.733,165.947,179.682,131.16
S01/mask/yawning/S01_yawning_mask_000063.jpg,S01,yawning,mask,mask,,1,0.26903,0.45243,0.40093,7.715,170.995,-177.972,131.25
S01/mask/yawning/S01_yawning_mask_000064.jpg,S01,yawning,mask,mask,,1,0.34661,0.44611,0.40212,15.669,165.777,-174.329,131.25
S01/mask/yawning/S01_yawning_mask_000065.jpg,S01,yawning,mask,mask,,1,0.29385,0.45525,0.43627,24.31,158.195,-174.929,130.97
S01/mask/yawning/S01_yawning_mask_000066.jpg,S01,yawning,mask,mask,,1,0.29153,0.44732,0.42562,11.783,162.224,-174.143,130.11
S01/mask/yawning/S01_yawning_mask_000067.jpg,S01,yawning,mask,mask,,1,0.29057,0.48062,0.43085,7.621,169.03,-174.092,129.72
S01/mask/yawning/S01_yawning_mask_000068.jpg,S01,yawning,mask,mask,,1,0.2762,0.46612,0.42942,9.469,165.327,-173.558,129.51
S01/mask/yawning/S01_yawning_mask_000069.jpg,S01,yawning,mask,mask,,1,0.29549,0.46484,0.41154,-12.696,177.154,-173.981,128.98
S01/mask/yawning/S01_yawning_mask_000070.jpg,S01,yawning,mask,mask,,1,0.28091,0.47552,0.42243,-9.902,172.471,-175.06,128.39
S01/mask/yawning/S01_yawning_mask_000071.jpg,S01,yawning,mask,mask,,1,0.28445,0.45667,0.40801,-16.578,179.51,-174.254,127.85
S01/mask/yawning/S01_yawning_mask_000072.jpg,S01,yawning,mask,mask,,1,0.30347,0.45885,0.39727,-14.181,175.374,-175.33,127.72
S01/mask/yawning/S01_yawning_mask_000073.jpg,S01,yawning,mask,mask,,1,0.2903,0.45861,0.4183,-9.239,177.08,-174.677,127.63
S01/mask/yawning/S01_yawning_mask_000074.jpg,S01,yawning,mask,mask,,1,0.26482,0.45779,0.42739,-6.342,173.663,-171.753,127.67
S01/mask/yawning/S01_yawning_mask_000075.jpg,S01,yawning,mask,mask,,1,0.26799,0.46059,0.44842,-10.922,178.066,-172.744,127.45
S01/mask/yawning/S01_yawning_mask_000076.jpg,S01,yawning,mask,mask,,1,0.26524,0.4594,0.44495,11.183,162.548,-174.823,126.92
S01/mask/yawning/S01_yawning_mask_000077.jpg,S01,yawning,mask,mask,,1,0.26474,0.45354,0.43788,-1.894,170.271,-173.242,126.33
S01/mask/yawning/S01_yawning_mask_000078.jpg,S01,yawning,mask,mask,,1,0.25316,0.45516,0.43059,11.227,163.143,-175.564,125.62
S01/mask/yawning/S01_yawning_mask_000079.jpg,S01,yawning,mask,mask,,1,0.25642,0.45208,0.4411,15.897,164.809,-175.176,125.25
S01/mask/yawning/S01_yawning_mask_000080.jpg,S01,yawning,mask,mask,,1,0.25063,0.45786,0.44167,1.732,172.859,-172.957,124.95
S01/mask/yawning/S01_yawning_mask_000081.jpg,S01,yawning,mask,mask,,1,0.24249,0.45415,0.44741,13.895,164.98,-177.46,124.83
S01/mask/yawning/S01_yawning_mask_000082.jpg,S01,yawning,mask,mask,,1,0.24866,0.45604,0.45389,8.093,161.69,-175.913,124.9
S01/mask/yawning/S01_yawning_mask_000083.jpg,S01,yawning,mask,mask,,1,0.25934,0.46708,0.45844,4.729,170.13,-173.522,125.23
S01/mask/yawning/S01_yawning_mask_000084.jpg,S01,yawning,mask,mask,,1,0.26216,0.47867,0.46255,-8.123,172.368,-173.28,125.66
S01/mask/yawning/S01_yawning_mask_000085.jpg,S01,yawning,mask,mask,,1,0.2771,0.50788,0.44682,-7.292,174.953,-175.151,126.13
S01/mask/yawning/S01_yawning_mask_000086.jpg,S01,yawning,mask,mask,,1,0.23997,0.45052,0.49192,-11.901,178.751,-172.84,126.43
S01/mask/yawning/S01_yawning_mask_000087.jpg,S01,yawning,mask,mask,,1,0.11545,0.47105,0.44818,-7.09,174.808,-174.552,126.53
S01/mask/yawning/S01_yawning_mask_000088.jpg,S01,yawning,mask,mask,,1,0.22745,0.46142,0.46402,-5.221,173.753,-173.729,126.63
S01/mask/yawning/S01_yawning_mask_000089.jpg,S01,yawning,mask,mask,,1,0.26609,0.45124,0.45782,-4.144,171.389,-174.985,126.75
S01/mask/yawning/S01_yawning_mask_000090.jpg,S01,yawning,mask,mask,,1,0.31241,0.45309,0.4243,-4.365,168.267,-179.178,126.99
S01/mask/yawning/S01_yawning_mask_000091.jpg,S01,yawning,mask,mask,,1,0.27816,0.45204,0.43497,3.507,171.091,-178.226,127.02
S01/mask/yawning/S01_yawning_mask_000092.jpg,S01,yawning,mask,mask,,1,0.28395,0.45012,0.45828,-2.521,170.632,-174.333,126.78
S01/mask/yawning/S01_yawning_mask_000093.jpg,S01,yawning,mask,mask,,1,0.2958,0.45226,0.45248,-12.986,173.275,-175.64,126.65
S01/mask/yawning/S01_yawning_mask_000094.jpg,S01,yawning,mask,mask,,1,0.30537,0.45021,0.45226,-7.979,176.332,-173.86,126.68
S01/mask/yawning/S01_yawning_mask_000095.jpg,S01,yawning,mask,mask,,1,0.29584,0.45022,0.43558,-13.838,177.116,-176.695,126.78
S01/mask/yawning/S01_yawning_mask_000096.jpg,S01,yawning,mask,mask,,1,0.26142,0.44575,0.42062,-1.136,173.542,-173.939,126.69
S01/mask/yawning/S01_yawning_mask_000097.jpg,S01,yawning,mask,mask,,1,0.27631,0.45208,0.42323,-6.088,-179.229,3.159,126.37
S01/mask/yawning/S01_yawning_mask_000098.jpg,S01,yawning,mask,mask,,1,0.16111,0.45288,0.37309,-3.945,176.985,-171.006,125.84
S01/mask/yawning/S01_yawning_mask_000099.jpg,S01,yawning,mask,mask,,1,0.28046,0.45325,0.38737,-15.35,-172.917,-175.746,125.62
S01/mask/yawning/S01_yawning_mask_000100.jpg,S01,yawning,mask,mask,,1,0.29208,0.47565,0.37394,-11.798,-174.934,-177.707,126.25
S01/mask/yawning/S01_yawning_mask_000101.jpg,S01,yawning,mask,mask,,1,0.29333,0.45907,0.37534,-14.396,-172.788,-177.764,127.08
S01/mask/yawning/S01_yawning_mask_000102.jpg,S01,yawning,mask,mask,,1,0.30885,0.46107,0.39099,-13.023,-174.132,-178.171,128.06
S01/mask/yawning/S01_yawning_mask_000103.jpg,S01,yawning,mask,mask,,1,0.31712,0.44522,0.39836,-18.37,-176.076,-175.93,128.76
S01/mask/yawning/S01_yawning_mask_000104.jpg,S01,yawning,mask,mask,,1,0.30634,0.46063,0.40652,-15.755,-178.458,-174.701,129.13
S01/mask/yawning/S01_yawning_mask_000105.jpg,S01,yawning,mask,mask,,1,0.32394,0.44674,0.41993,-13.338,-177.634,-171.723,129.54
S01/mask/yawning/S01_yawning_mask_000106.jpg,S01,yawning,mask,mask,,1,0.34148,0.44531,0.40473,-16.115,-178.8,-170.097,129.86
S01/mask/yawning/S01_yawning_mask_000107.jpg,S01,yawning,mask,mask,,1,0.336,0.5117,0.43645,-13.557,-174.055,-171.566,130.1
S01/mask/yawning/S01_yawning_mask_000108.jpg,S01,yawning,mask,mask,,1,0.33153,0.45532,0.41469,-11.763,178.664,-173.109,129.63
S01/mask/yawning/S01_yawning_mask_000109.jpg,S01,yawning,mask,mask,,1,0.3326,0.51103,0.40984,-3.02,178.103,-173.172,129.52
S01/mask/yawning/S01_yawning_mask_000110.jpg,S01,yawning,mask,mask,,1,0.33202,0.44921,0.41896,-15.218,-178.859,-170.719,130.22
S01/mask/yawning/S01_yawning_mask_000111.jpg,S01,yawning,mask,mask,,1,0.32896,0.45197,0.47069,-19.1,179.43,-172.855,132.99
S01/mask/yawning/S01_yawning_mask_000112.jpg,S01,yawning,mask,mask,,1,0.31153,0.44883,0.4983,-17.653,178.973,-173.691,136.8
S01/mask/yawning/S01_yawning_mask_000113.jpg,S01,yawning,mask,mask,,1,0.30786,0.45135,0.49455,-17.778,177.522,-174.711,135.49
S01/mask/yawning/S01_yawning_mask_000114.jpg,S01,yawning,mask,mask,,1,0.31133,0.4521,0.46909,-21.522,179.593,-175.34,134.97
S01/mask/yawning/S01_yawning_mask_000115.jpg,S01,yawning,mask,mask,,1,0.31414,0.44952,0.44303,-21.339,-178.954,-176.782,134.61
S01/mask/yawning/S01_yawning_mask_000116.jpg,S01,yawning,mask,mask,,1,0.32487,0.45357,0.42935,-23.708,-179.947,-177.145,134.44
S01/mask/yawning/S01_yawning_mask_000117.jpg,S01,yawning,mask,mask,,1,0.32786,0.45451,0.43777,-24.596,-179.918,-178.486,134.78
S01/mask/yawning/S01_yawning_mask_000118.jpg,S01,yawning,mask,mask,,1,0.33849,0.44982,0.45277,-24.309,-179.884,-178.933,136.05
S01/mask/yawning/S01_yawning_mask_000119.jpg,S01,yawning,mask,mask,,1,0.31961,0.45386,0.44321,-20.245,-179.663,-179.567,137.78
S01/mask/yawning/S01_yawning_mask_000120.jpg,S01,yawning,mask,mask,,1,0.31461,0.45214,0.44604,-20.602,-179.999,-179.844,137.05
S01/mask/yawning/S01_yawning_mask_000121.jpg,S01,yawning,mask,mask,,1,0.33383,0.45186,0.43379,-20.278,-179.753,-178.663,135.51
S01/mask/yawning/S01_yawning_mask_000122.jpg,S01,yawning,mask,mask,,1,0.3381,0.45154,0.41894,-21.424,-178.826,-178.492,135.17
S01/mask/yawning/S01_yawning_mask_000123.jpg,S01,yawning,mask,mask,,1,0.342,0.45474,0.40452,-19.458,-177.744,-176.616,135.33
S01/mask/yawning/S01_yawning_mask_000124.jpg,S01,yawning,mask,mask,,1,0.33273,0.4525,0.42267,-23.344,-175.574,-177.884,132.66
S01/mask/yawning/S01_yawning_mask_000125.jpg,S01,yawning,mask,mask,,1,0.31059,0.45785,0.45608,-20.754,179.004,-176.059,129.16
S01/mask/yawning/S01_yawning_mask_000126.jpg,S01,yawning,mask,mask,,1,0.31186,0.44844,0.44535,-0.888,174.605,2.155,126.63
S01/mask/yawning/S01_yawning_mask_000127.jpg,S01,yawning,mask,mask,,1,0.17184,0.45454,0.44722,-0.976,171.503,0.736,125.76
S01/mask/yawning/S01_yawning_mask_000128.jpg,S01,yawning,mask,mask,,1,0.28488,0.45533,0.43138,-19.349,-177.329,-174.234,124.49
S01/mask/yawning/S01_yawning_mask_000129.jpg,S01,yawning,mask,mask,,1,0.30735,0.45525,0.37648,-6.669,-178.761,-174.808,123.68
S01/mask/yawning/S01_yawning_mask_000130.jpg,S01,yawning,mask,mask,,1,0.31704,0.45232,0.37019,-8.248,179.405,-174.082,123.55
S01/mask/yawning/S01_yawning_mask_000131.jpg,S01,yawning,mask,mask,,1,0.31495,0.45942,0.38126,1.925,172.83,-177.675,123.14
S01/mask/yawning/S01_yawning_mask_000132.jpg,S01,yawning,mask,mask,,1,0.30991,0.45247,0.40243,-10.583,-178.412,-173.617,122.17
S01/mask/yawning/S01_yawning_mask_000133.jpg,S01,yawning,mask,mask,,1,0.32829,0.46416,0.3949,-9.962,-174.427,-177.636,121.24
S01/mask/yawning/S01_yawning_mask_000134.jpg,S01,yawning,mask,mask,,1,0.33054,0.45602,0.36305,-10.649,177.965,179.379,121.18
S01/mask/yawning/S01_yawning_mask_000135.jpg,S01,yawning,mask,mask,,1,0.31716,0.44996,0.37404,-8.405,171.478,177.456,121.42
S01/mask/yawning/S01_yawning_mask_000136.jpg,S01,yawning,mask,mask,,1,0.327,0.44694,0.40114,-2.173,171.575,-179.828,122.1
S01/mask/yawning/S01_yawning_mask_000137.jpg,S01,yawning,mask,mask,,1,0.31522,0.45498,0.39371,-10.856,-173.465,-0.747,122.32
S01/mask/yawning/S01_yawning_mask_000138.jpg,S01,yawning,mask,mask,,1,0.30233,0.45353,0.39402,6.496,171.226,179.207,122.39
S01/mask/yawning/S01_yawning_mask_000139.jpg,S01,yawning,mask,mask,,1,0.23109,0.45776,0.35668,13.334,-179.786,172.15,122.2
S01/mask/yawning/S01_yawning_mask_000140.jpg,S01,yawning,mask,mask,,1,0.33498,0.45647,0.36761,21.611,178.952,171.847,122.74
S01/mask/yawning/S01_yawning_mask_000141.jpg,S01,yawning,mask,mask,,1,0.26732,0.45117,0.36722,13.717,179.441,167.046,123.12
S01/mask/yawning/S01_yawning_mask_000142.jpg,S01,yawning,mask,mask,,1,0.33638,0.4513,0.37686,9.855,175.204,171.128,123.2
S01/mask/yawning/S01_yawning_mask_000143.jpg,S01,yawning,mask,mask,,1,0.32067,0.45322,0.38003,13.345,170.282,177.164,122.48
S01/mask/yawning/S01_yawning_mask_000144.jpg,S01,yawning,mask,mask,,1,0.31706,0.4582,0.4028,6.921,172.894,-177.168,122.02
S01/mask/yawning/S01_yawning_mask_000145.jpg,S01,yawning,mask,mask,,1,0.31529,0.45278,0.4122,7.15,172.86,177.398,122.1
S01/mask/yawning/S01_yawning_mask_000146.jpg,S01,yawning,mask,mask,,1,0.30955,0.4555,0.38249,12.702,172.112,176.765,122.99
S01/mask/yawning/S01_yawning_mask_000147.jpg,S01,yawning,mask,mask,,1,0.3071,0.458,0.41077,14.02,168.558,175.613,123.51
S01/mask/yawning/S01_yawning_mask_000148.jpg,S01,yawning,mask,mask,,1,0.30098,0.45979,0.4268,10.393,162.782,176.454,123.57
S01/mask/yawning/S01_yawning_mask_000149.jpg,S01,yawning,mask,mask,,1,0.30183,0.45728,0.42749,7.947,179.756,-2.562,123.68
S01/normal/attentive/S01_attentive_normal_000000.jpg,S01,attentive,normal,normal,,1,0.30269,0.45264,0.40144,-22.543,178.421,-179.5,153.83
S01/normal/attentive/S01_attentive_normal_000001.jpg,S01,attentive,normal,normal,,1,0.33918,0.4529,0.39824,-22.378,178.829,-179.578,157.04
S01/normal/attentive/S01_attentive_normal_000002.jpg,S01,attentive,normal,normal,,1,0.33653,0.45288,0.40973,-21.97,178.875,-178.898,162.98
S01/normal/attentive/S01_attentive_normal_000003.jpg,S01,attentive,normal,normal,,1,0.33799,0.45366,0.41755,-25.118,176.635,-177.3,153.99
S01/normal/attentive/S01_attentive_normal_000004.jpg,S01,attentive,normal,normal,,1,0.32151,0.45305,0.44985,-23.725,175.856,-175.737,157.09
S01/normal/attentive/S01_attentive_normal_000005.jpg,S01,attentive,normal,normal,,1,0.32239,0.45203,0.47287,-26.866,174.464,-174.2,163.71
S01/normal/attentive/S01_attentive_normal_000006.jpg,S01,attentive,normal,normal,,1,0.32306,0.45096,0.47191,-27.078,174.883,-174.359,165.17
S01/normal/attentive/S01_attentive_normal_000007.jpg,S01,attentive,normal,normal,,1,0.31974,0.4517,0.47875,-26.715,175.72,-174.155,165.3
S01/normal/attentive/S01_attentive_normal_000008.jpg,S01,attentive,normal,normal,,1,0.29373,0.45019,0.47566,-27.125,175.44,-174.515,165.12
S01/normal/attentive/S01_attentive_normal_000009.jpg,S01,attentive,normal,normal,,1,0.31101,0.45097,0.47012,-27.513,175.488,-174.342,165.28
S01/normal/attentive/S01_attentive_normal_000010.jpg,S01,attentive,normal,normal,,1,0.31974,0.45251,0.46389,-28.183,174.881,-173.679,162.55
S01/normal/attentive/S01_attentive_normal_000011.jpg,S01,attentive,normal,normal,,1,0.32794,0.45346,0.4449,-27.808,176.151,-172.98,158.99
S01/normal/attentive/S01_attentive_normal_000012.jpg,S01,attentive,normal,normal,,1,0.32793,0.45044,0.44568,-28.648,174.353,-172.964,155.01
S01/normal/attentive/S01_attentive_normal_000013.jpg,S01,attentive,normal,normal,,1,0.33395,0.45117,0.44717,-28.861,175.548,-173.281,159.24
S01/normal/attentive/S01_attentive_normal_000014.jpg,S01,attentive,normal,normal,,1,0.32783,0.45226,0.44513,-29.493,175.699,-172.939,157.35
S01/normal/attentive/S01_attentive_normal_000015.jpg,S01,attentive,normal,normal,,1,0.34093,0.45156,0.44556,-29.364,175.787,-172.545,157.0
S01/normal/attentive/S01_attentive_normal_000016.jpg,S01,attentive,normal,normal,,1,0.33121,0.45255,0.44445,-29.904,174.883,-172.472,156.8
S01/normal/attentive/S01_attentive_normal_000017.jpg,S01,attentive,normal,normal,,1,0.32907,0.45476,0.44396,-29.613,175.293,-172.475,156.73
S01/normal/attentive/S01_attentive_normal_000018.jpg,S01,attentive,normal,normal,,1,0.32599,0.4531,0.44263,-29.671,174.731,-172.632,156.63
S01/normal/attentive/S01_attentive_normal_000019.jpg,S01,attentive,normal,normal,,1,0.33277,0.45304,0.43636,-29.942,175.19,-172.621,156.95
S01/normal/attentive/S01_attentive_normal_000020.jpg,S01,attentive,normal,normal,,1,0.33949,0.45248,0.43917,-29.092,175.187,-172.921,156.59
S01/normal/attentive/S01_attentive_normal_000021.jpg,S01,attentive,normal,normal,,1,0.33245,0.45389,0.44011,-29.581,175.103,-172.358,156.13
S01/normal/attentive/S01_attentive_normal_000022.jpg,S01,attentive,normal,normal,,1,0.27824,0.45006,0.46171,-29.424,175.469,-172.207,155.71
S01/normal/attentive/S01_attentive_normal_000023.jpg,S01,attentive,normal,normal,,1,0.31302,0.4523,0.46748,-29.616,175.362,-170.139,154.79
S01/normal/attentive/S01_attentive_normal_000024.jpg,S01,attentive,normal,normal,,1,0.32235,0.45305,0.4512,-29.947,174.081,-171.677,151.99
S01/normal/attentive/S01_attentive_normal_000025.jpg,S01,attentive,normal,normal,,1,0.32999,0.45176,0.44544,-29.172,174.755,-174.25,153.31
S01/normal/attentive/S01_attentive_normal_000026.jpg,S01,attentive,normal,normal,,1,0.27982,0.45173,0.44939,-30.198,174.56,-173.63,153.0
S01/normal/attentive/S01_attentive_normal_000027.jpg,S01,attentive,normal,normal,,1,0.31568,0.45209,0.44633,-30.119,174.95,-173.122,152.01
S01/normal/attentive/S01_attentive_normal_000028.jpg,S01,attentive,normal,normal,,1,0.32501,0.45447,0.44355,-29.829,174.949,-172.668,152.76
S01/normal/attentive/S01_attentive_normal_000029.jpg,S01,attentive,normal,normal,,1,0.32613,0.45264,0.43487,-29.214,175.294,-172.675,152.69
S01/normal/attentive/S01_attentive_normal_000030.jpg,S01,attentive,normal,normal,,1,0.32441,0.45422,0.43568,-29.757,175.538,-172.925,152.48
S01/normal/attentive/S01_attentive_normal_000031.jpg,S01,attentive,normal,normal,,1,0.25777,0.45348,0.44291,-29.967,174.268,-173.134,152.61
S01/normal/attentive/S01_attentive_normal_000032.jpg,S01,attentive,normal,normal,,1,0.32254,0.45364,0.43686,-29.178,175.078,-173.099,152.44
S01/normal/attentive/S01_attentive_normal_000033.jpg,S01,attentive,normal,normal,,1,0.32855,0.45265,0.43626,-28.85,175.455,-173.658,152.73
S01/normal/attentive/S01_attentive_normal_000034.jpg,S01,attentive,normal,normal,,1,0.33291,0.45453,0.43569,-28.432,175.861,-174.215,152.61
S01/normal/attentive/S01_attentive_normal_000035.jpg,S01,attentive,normal,normal,,1,0.33065,0.4526,0.43119,-29.196,175.607,-174.886,152.0
S01/normal/attentive/S01_attentive_normal_000036.jpg,S01,attentive,normal,normal,,1,0.29436,0.45305,0.43769,-29.705,175.458,-175.822,151.23
S01/normal/attentive/S01_attentive_normal_000037.jpg,S01,attentive,normal,normal,,1,0.32677,0.45221,0.42552,-30.651,173.809,-175.738,149.35
S01/normal/attentive/S01_attentive_normal_000038.jpg,S01,attentive,normal,normal,,1,0.32489,0.45255,0.43124,-31.214,174.321,-177.318,148.97
S01/normal/attentive/S01_attentive_normal_000039.jpg,S01,attentive,normal,normal,,1,0.33331,0.45364,0.4279,-31.855,174.093,-177.929,148.83
S01/normal/attentive/S01_attentive_normal_000040.jpg,S01,attentive,normal,normal,,1,0.33469,0.45281,0.418,-31.642,174.383,-177.597,149.66
S01/normal/attentive/S01_attentive_normal_000041.jpg,S01,attentive,normal,normal,,1,0.32873,0.45283,0.41505,-30.321,175.071,-176.361,149.17
S01/normal/attentive/S01_attentive_normal_000042.jpg,S01,attentive,normal,normal,,1,0.33549,0.45327,0.41156,-29.959,175.492,-175.375,150.12
S01/normal/attentive/S01_attentive_normal_000043.jpg,S01,attentive,normal,normal,,1,0.19748,0.45022,0.43841,-27.01,174.853,-174.736,152.22
S01/normal/attentive/S01_attentive_normal_000044.jpg,S01,attentive,normal,normal,,1,0.31153,0.45173,0.45866,-28.034,174.752,-174.886,154.61
S01/normal/attentive/S01_attentive_normal_000045.jpg,S01,attentive,normal,normal,,1,0.30773,0.45233,0.46601,-29.272,174.174,-174.129,156.87
S01/normal/attentive/S01_attentive_normal_000046.jpg,S01,attentive,normal,normal,,1,0.31032,0.45132,0.50165,-26.977,174.624,-174.373,158.38
S01/normal/attentive/S01_attentive_normal_000047.jpg,S01,attentive,normal,normal,,1,0.30907,0.45066,0.47927,-28.663,174.274,-173.999,159.14
S01/normal/attentive/S01_attentive_normal_000048.jpg,S01,attentive,normal,normal,,1,0.32395,0.45047,0.46928,-28.603,175.556,-173.336,161.1
S01/normal/attentive/S01_attentive_normal_000049.jpg,S01,attentive,normal,normal,,1,0.32215,0.45052,0.46629,-26.9,176.053,-173.565,162.22
S01/normal/attentive/S01_attentive_normal_000050.jpg,S01,attentive,normal,normal,,1,0.32514,0.45173,0.46586,-27.964,175.923,-173.079,161.72
S01/normal/attentive/S01_attentive_normal_000051.jpg,S01,attentive,normal,normal,,1,0.31991,0.45226,0.46589,-26.972,176.482,-173.493,161.95
S01/normal/attentive/S01_attentive_normal_000052.jpg,S01,attentive,normal,normal,,1,0.3154,0.4513,0.46862,-27.199,176.669,-174.246,161.87
S01/normal/attentive/S01_attentive_normal_000053.jpg,S01,attentive,normal,normal,,1,0.2935,0.45062,0.45848,-27.883,176.715,-174.961,161.71
S01/normal/attentive/S01_attentive_normal_000054.jpg,S01,attentive,normal,normal,,1,0.31327,0.45097,0.45632,-27.227,177.106,-175.243,161.76
S01/normal/attentive/S01_attentive_normal_000055.jpg,S01,attentive,normal,normal,,1,0.31326,0.452,0.45705,-27.364,177.057,-175.387,161.53
S01/normal/attentive/S01_attentive_normal_000056.jpg,S01,attentive,normal,normal,,1,0.32722,0.4518,0.45362,-27.673,177.018,-175.205,161.53
S01/normal/attentive/S01_attentive_normal_000057.jpg,S01,attentive,normal,normal,,1,0.31908,0.45209,0.45929,-27.088,176.717,-175.176,161.57
S01/normal/attentive/S01_attentive_normal_000058.jpg,S01,attentive,normal,normal,,1,0.32101,0.45179,0.45618,-26.58,177.176,-175.34,161.47
S01/normal/attentive/S01_attentive_normal_000059.jpg,S01,attentive,normal,normal,,1,0.32429,0.45181,0.45424,-26.614,177.122,-175.262,161.45
S01/normal/attentive/S01_attentive_normal_000060.jpg,S01,attentive,normal,normal,,1,0.32232,0.45212,0.45698,-26.772,177.327,-175.395,161.47
S01/normal/attentive/S01_attentive_normal_000061.jpg,S01,attentive,normal,normal,,1,0.32563,0.45273,0.45667,-26.987,176.902,-175.114,161.47
S01/normal/attentive/S01_attentive_normal_000062.jpg,S01,attentive,normal,normal,,1,0.32173,0.45187,0.45397,-26.816,177.029,-175.553,161.42
S01/normal/attentive/S01_attentive_normal_000063.jpg,S01,attentive,normal,normal,,1,0.32729,0.45176,0.45068,-27.387,177.264,-175.48,161.51
S01/normal/attentive/S01_attentive_normal_000064.jpg,S01,attentive,normal,normal,,1,0.32671,0.45226,0.45132,-27.365,177.186,-175.234,161.5
S01/normal/attentive/S01_attentive_normal_000065.jpg,S01,attentive,normal,normal,,1,0.32592,0.45295,0.45171,-27.175,176.914,-175.168,161.43
S01/normal/attentive/S01_attentive_normal_000066.jpg,S01,attentive,normal,normal,,1,0.32275,0.45227,0.45177,-26.995,177.273,-175.294,161.49
S01/normal/attentive/S01_attentive_normal_000067.jpg,S01,attentive,normal,normal,,1,0.29935,0.45212,0.456,-27.301,176.743,-175.183,161.4
S01/normal/attentive/S01_attentive_normal_000068.jpg,S01,attentive,normal,normal,,1,0.31447,0.4528,0.45441,-27.323,176.519,-175.393,161.16
S01/normal/attentive/S01_attentive_normal_000069.jpg,S01,attentive,normal,normal,,1,0.32137,0.45184,0.44545,-27.141,176.993,-175.106,160.91
S01/normal/attentive/S01_attentive_normal_000070.jpg,S01,attentive,normal,normal,,1,0.3202,0.45216,0.44869,-27.353,176.988,-175.09,161.14
S01/normal/attentive/S01_attentive_normal_000071.jpg,S01,attentive,normal,normal,,1,0.32289,0.45265,0.44602,-27.451,176.998,-174.805,160.92
S01/normal/attentive/S01_attentive_normal_000072.jpg,S01,attentive,normal,normal,,1,0.32927,0.45256,0.44477,-27.153,177.264,-174.792,160.87
S01/normal/attentive/S01_attentive_normal_000073.jpg,S01,attentive,normal,normal,,1,0.32831,0.45334,0.44637,-27.573,176.832,-174.676,160.87
S01/normal/attentive/S01_attentive_normal_000074.jpg,S01,attentive,normal,normal,,1,0.26623,0.45192,0.45362,-26.96,176.375,-175.073,160.82
S01/normal/attentive/S01_attentive_normal_000075.jpg,S01,attentive,normal,normal,,1,0.30732,0.45159,0.44767,-27.273,177.499,-174.772,160.62
S01/normal/attentive/S01_attentive_normal_000076.jpg,S01,attentive,normal,normal,,1,0.31692,0.45327,0.45418,-26.382,176.993,-174.501,160.44
S01/normal/attentive/S01_attentive_normal_000077.jpg,S01,attentive,normal,normal,,1,0.32102,0.45378,0.44599,-27.079,177.011,-174.574,160.25
S01/normal/attentive/S01_attentive_normal_000078.jpg,S01,attentive,normal,normal,,1,0.32632,0.45232,0.44497,-26.819,176.985,-174.624,160.06
S01/normal/attentive/S01_attentive_normal_000079.jpg,S01,attentive,normal,normal,,1,0.32257,0.45291,0.44774,-26.308,176.974,-174.235,160.02
S01/normal/attentive/S01_attentive_normal_000080.jpg,S01,attentive,normal,normal,,1,0.30643,0.45225,0.46203,-25.384,176.517,-174.207,159.75
S01/normal/attentive/S01_attentive_normal_000081.jpg,S01,attentive,normal,normal,,1,0.32372,0.45272,0.45855,-26.322,176.611,-174.435,159.59
S01/normal/attentive/S01_attentive_normal_000082.jpg,S01,attentive,normal,normal,,1,0.32272,0.45308,0.45765,-26.433,176.545,-174.339,159.55
S01/normal/attentive/S01_attentive_normal_000083.jpg,S01,attentive,normal,normal,,1,0.29824,0.45293,0.45753,-26.925,176.108,-173.868,159.49
S01/normal/attentive/S01_attentive_normal_000084.jpg,S01,attentive,normal,normal,,1,0.3087,0.45251,0.46021,-26.968,176.668,-174.377,159.43
S01/normal/attentive/S01_attentive_normal_000085.jpg,S01,attentive,normal,normal,,1,0.32676,0.45349,0.45685,-26.489,176.455,-174.479,159.35
S01/normal/attentive/S01_attentive_normal_000086.jpg,S01,attentive,normal,normal,,1,0.31009,0.45242,0.45762,-27.836,176.346,-174.255,159.82
S01/normal/attentive/S01_attentive_normal_000087.jpg,S01,attentive,normal,normal,,1,0.30754,0.45161,0.46466,-26.046,175.247,-174.042,158.17
S01/normal/attentive/S01_attentive_normal_000088.jpg,S01,attentive,normal,normal,,1,0.28469,0.45182,0.47156,-27.101,177.273,-175.092,164.31
S01/normal/attentive/S01_attentive_normal_000089.jpg,S01,attentive,normal,normal,,1,0.3263,0.45152,0.46314,-26.216,177.613,-175.191,162.12
S01/normal/attentive/S01_attentive_normal_000090.jpg,S01,attentive,normal,normal,,1,0.33222,0.45473,0.45189,-26.462,176.763,-174.683,156.52
S01/normal/attentive/S01_attentive_normal_000091.jpg,S01,attentive,normal,normal,,1,0.33012,0.45528,0.45247,-26.156,178.301,-175.082,156.51
S01/normal/attentive/S01_attentive_normal_000092.jpg,S01,attentive,normal,normal,,1,0.33102,0.4524,0.45681,-25.627,178.06,-175.483,156.83
S01/normal/attentive/S01_attentive_normal_000093.jpg,S01,attentive,normal,normal,,1,0.32739,0.45173,0.45277,-26.113,177.743,-175.305,156.79
S01/normal/attentive/S01_attentive_normal_000094.jpg,S01,attentive,normal,normal,,1,0.30898,0.45255,0.45536,-25.492,177.423,-175.472,156.88
S01/normal/attentive/S01_attentive_normal_000095.jpg,S01,attentive,normal,normal,,1,0.31334,0.45252,0.45469,-26.426,177.339,-175.036,156.77
S01/normal/attentive/S01_attentive_normal_000096.jpg,S01,attentive,normal,normal,,1,0.31111,0.45425,0.45435,-25.677,176.832,-174.683,156.72
S01/normal/attentive/S01_attentive_normal_000097.jpg,S01,attentive,normal,normal,,1,0.19558,0.45292,0.46139,-25.913,176.62,-174.53,156.76
S01/normal/attentive/S01_attentive_normal_000098.jpg,S01,attentive,normal,normal,,1,0.27786,0.45337,0.45471,-26.759,176.609,-174.94,156.69
S01/normal/attentive/S01_attentive_normal_000099.jpg,S01,attentive,normal,normal,,1,0.29209,0.4531,0.45246,-26.361,177.236,-174.885,156.54
S01/normal/attentive/S01_attentive_normal_000100.jpg,S01,attentive,normal,normal,,1,0.33256,0.45382,0.44565,-26.865,177.755,-175.161,156.07
S01/normal/attentive/S01_attentive_normal_000101.jpg,S01,attentive,normal,normal,,1,0.3306,0.45312,0.45008,-27.723,176.441,-174.311,152.12
S01/normal/attentive/S01_attentive_normal_000102.jpg,S01,attentive,normal,normal,,1,0.33316,0.4527,0.4393,-28.377,177.061,-173.301,153.12
S01/normal/attentive/S01_attentive_normal_000103.jpg,S01,attentive,normal,normal,,1,0.32952,0.45299,0.44121,-29.135,176.413,-172.867,150.46
S01/normal/attentive/S01_attentive_normal_000104.jpg,S01,attentive,normal,normal,,1,0.32974,0.45245,0.44085,-29.636,176.129,-172.151,149.62
S01/normal/attentive/S01_attentive_normal_000105.jpg,S01,attentive,normal,normal,,1,0.32753,0.45372,0.44073,-28.699,175.748,-172.386,148.44
S01/normal/attentive/S01_attentive_normal_000106.jpg,S01,attentive,normal,normal,,1,0.31985,0.45423,0.44168,-28.348,175.663,-173.524,148.7
S01/normal/attentive/S01_attentive_normal_000107.jpg,S01,attentive,normal,normal,,1,0.31717,0.4531,0.44359,-27.734,175.102,-174.44,148.36
S01/normal/attentive/S01_attentive_normal_000108.jpg,S01,attentive,normal,normal,,1,0.32636,0.45323,0.44101,-28.064,175.107,-174.74,148.36
S01/normal/attentive/S01_attentive_normal_000109.jpg,S01,attentive,normal,normal,,1,0.3232,0.45287,0.43577,-27.629,175.73,-175.614,148.82
S01/normal/attentive/S01_attentive_normal_000110.jpg,S01,attentive,normal,normal,,1,0.31166,0.45156,0.44219,-27.562,176.469,-176.117,148.64
S01/normal/attentive/S01_attentive_normal_000111.jpg,S01,attentive,normal,normal,,1,0.31854,0.45388,0.43963,-27.042,176.456,-176.044,148.35
S01/normal/attentive/S01_attentive_normal_000112.jpg,S01,attentive,normal,normal,,1,0.31001,0.45417,0.44173,-27.349,176.096,-176.031,148.31
S01/normal/attentive/S01_attentive_normal_000113.jpg,S01,attentive,normal,normal,,1,0.32089,0.45319,0.43373,-27.089,176.424,-176.095,147.92
S01/normal/attentive/S01_attentive_normal_000114.jpg,S01,attentive,normal,normal,,1,0.32276,0.45282,0.43857,-26.87,176.675,-175.982,148.15
S01/normal/attentive/S01_attentive_normal_000115.jpg,S01,attentive,normal,normal,,1,0.31278,0.45403,0.43843,-27.667,175.917,-175.891,148.14
S01/normal/attentive/S01_attentive_normal_000116.jpg,S01,attentive,normal,normal,,1,0.30851,0.45352,0.44142,-26.483,176.343,-176.416,148.79
S01/normal/attentive/S01_attentive_normal_000117.jpg,S01,attentive,normal,normal,,1,0.30144,0.45314,0.445,-27.255,174.985,-175.449,149.07
S01/normal/attentive/S01_attentive_normal_000118.jpg,S01,attentive,normal,normal,,1,0.23329,0.4514,0.47564,-24.174,174.621,-175.303,147.97
S01/normal/attentive/S01_attentive_normal_000119.jpg,S01,attentive,normal,normal,,1,0.30789,0.45204,0.45211,-26.713,176.018,-173.017,147.99
S01/normal/attentive/S01_attentive_normal_000120.jpg,S01,attentive,normal,normal,,1,0.31209,0.45448,0.45505,-27.328,174.982,-172.925,147.38
S01/normal/attentive/S01_attentive_normal_000121.jpg,S01,attentive,normal,normal,,1,0.18226,0.45405,0.46414,-25.411,173.71,-174.2,146.72
S01/normal/attentive/S01_attentive_normal_000122.jpg,S01,attentive,normal,normal,,1,0.30622,0.45396,0.44996,-27.602,175.263,-175.057,146.93
S01/normal/attentive/S01_attentive_normal_000123.jpg,S01,attentive,normal,normal,,1,0.31477,0.45409,0.44976,-27.892,175.208,-175.661,146.69
S01/normal/attentive/S01_attentive_normal_000124.jpg,S01,attentive,normal,normal,,1,0.31599,0.45302,0.4491,-26.337,174.411,-175.844,146.31
S01/normal/attentive/S01_attentive_normal_000125.jpg,S01,attentive,normal,normal,,1,0.3107,0.4539,0.44958,-26.826,175.277,-176.329,146.34
S01/normal/attentive/S01_attentive_normal_000126.jpg,S01,attentive,normal,normal,,1,0.31997,0.45407,0.44196,-27.827,175.136,-177.047,145.84
S01/normal/attentive/S01_attentive_normal_000127.jpg,S01,attentive,normal,normal,,1,0.26322,0.45295,0.44233,-28.426,174.693,-176.496,146.14
S01/normal/attentive/S01_attentive_normal_000128.jpg,S01,attentive,normal,normal,,1,0.30689,0.45335,0.43624,-29.117,174.825,-176.016,145.85
S01/normal/attentive/S01_attentive_normal_000129.jpg,S01,attentive,normal,normal,,1,0.33516,0.45409,0.43138,-27.999,175.276,-175.523,146.03
S01/normal/attentive/S01_attentive_normal_000130.jpg,S01,attentive,normal,normal,,1,0.32806,0.45471,0.43458,-26.613,176.429,-175.35,145.71
S01/normal/attentive/S01_attentive_normal_000131.jpg,S01,attentive,normal,normal,,1,0.33079,0.45202,0.42804,-27.322,175.673,-175.035,145.8
S01/normal/attentive/S01_attentive_normal_000132.jpg,S01,attentive,normal,normal,,1,0.33408,0.45399,0.4319,-27.381,175.372,-174.656,145.72
S01/normal/attentive/S01_attentive_normal_000133.jpg,S01,attentive,normal,normal,,1,0.3372,0.45376,0.4274,-27.157,176.28,-174.775,145.69
S01/normal/attentive/S01_attentive_normal_000134.jpg,S01,attentive,normal,normal,,1,0.32858,0.45355,0.4222,-27.146,176.087,-174.114,146.04
S01/normal/attentive/S01_attentive_normal_000135.jpg,S01,attentive,normal,normal,,1,0.34138,0.45332,0.42505,-26.225,176.177,-173.662,145.67
S01/normal/attentive/S01_attentive_normal_000136.jpg,S01,attentive,normal,normal,,1,0.33733,0.45342,0.43085,-26.658,175.693,-173.5,146.06
S01/normal/attentive/S01_attentive_normal_000137.jpg,S01,attentive,normal,normal,,1,0.34133,0.45526,0.43384,-26.817,175.801,-173.455,146.13
S01/normal/attentive/S01_attentive_normal_000138.jpg,S01,attentive,normal,normal,,1,0.33728,0.45583,0.42667,-26.692,175.086,-172.891,146.03
S01/normal/attentive/S01_attentive_normal_000139.jpg,S01,attentive,normal,normal,,1,0.3303,0.45531,0.43074,-26.798,175.771,-173.414,146.38
S01/normal/attentive/S01_attentive_normal_000140.jpg,S01,attentive,normal,normal,,1,0.33234,0.45536,0.43014,-26.85,175.895,-173.586,146.22
S01/normal/attentive/S01_attentive_normal_000141.jpg,S01,attentive,normal,normal,,1,0.32519,0.45178,0.42126,-27.237,176.081,-174.189,146.45
S01/normal/attentive/S01_attentive_normal_000142.jpg,S01,attentive,normal,normal,,1,0.32309,0.45214,0.4271,-30.276,175.206,-174.654,146.26
S01/normal/attentive/S01_attentive_normal_000143.jpg,S01,attentive,normal,normal,,1,0.32916,0.45228,0.42483,-28.976,175.729,-174.935,146.63
S01/normal/attentive/S01_attentive_normal_000144.jpg,S01,attentive,normal,normal,,1,0.32296,0.45282,0.43536,-27.62,176.228,-174.412,146.23
S01/normal/attentive/S01_attentive_normal_000145.jpg,S01,attentive,normal,normal,,1,0.32923,0.45446,0.42594,-26.932,175.739,-173.858,145.88
S01/normal/attentive/S01_attentive_normal_000146.jpg,S01,attentive,normal,normal,,1,0.20637,0.45536,0.42818,-26.754,174.617,-173.484,145.89
S01/normal/attentive/S01_attentive_normal_000147.jpg,S01,attentive,normal,normal,,1,0.32092,0.45424,0.4285,-28.273,175.125,-173.355,146.1
S01/normal/attentive/S01_attentive_normal_000148.jpg,S01,attentive,normal,normal,,1,0.32415,0.45582,0.43254,-28.097,175.207,-173.506,146.0
S01/normal/attentive/S01_attentive_normal_000149.jpg,S01,attentive,normal,normal,,1,0.32733,0.45651,0.42972,-27.639,175.238,-173.501,146.14
S01/normal/attentive/S01_attentive_normal_000150.jpg,S01,attentive,normal,normal,,1,0.32869,0.45351,0.42843,-28.211,175.384,-173.641,146.38
S01/normal/attentive/S01_attentive_normal_000151.jpg,S01,attentive,normal,normal,,1,0.32331,0.45328,0.42229,-27.272,175.917,-173.996,147.03
S01/normal/attentive/S01_attentive_normal_000152.jpg,S01,attentive,normal,normal,,1,0.32305,0.45397,0.42897,-27.133,176.365,-174.329,146.91
S01/normal/attentive/S01_attentive_normal_000153.jpg,S01,attentive,normal,normal,,1,0.33309,0.45282,0.4239,-27.411,176.119,-174.018,146.91
S01/normal/attentive/S01_attentive_normal_000154.jpg,S01,attentive,normal,normal,,1,0.32678,0.45398,0.42432,-27.57,175.632,-173.891,147.04
S01/normal/attentive/S01_attentive_normal_000155.jpg,S01,attentive,normal,normal,,1,0.32764,0.4531,0.42229,-27.182,175.872,-173.912,146.93
S01/normal/attentive/S01_attentive_normal_000156.jpg,S01,attentive,normal,normal,,1,0.31966,0.45302,0.4283,-27.486,175.547,-173.617,147.04
S01/normal/attentive/S01_attentive_normal_000157.jpg,S01,attentive,normal,normal,,1,0.32845,0.45421,0.42741,-27.495,175.857,-173.735,146.73
S01/normal/attentive/S01_attentive_normal_000158.jpg,S01,attentive,normal,normal,,1,0.33284,0.4541,0.42715,-27.684,176.133,-173.767,146.67
S01/normal/attentive/S01_attentive_normal_000159.jpg,S01,attentive,normal,normal,,1,0.33612,0.45476,0.4282,-28.011,176.234,-173.732,146.61
S01/normal/attentive/S01_attentive_normal_000160.jpg,S01,attentive,normal,normal,,1,0.33545,0.4548,0.4287,-27.866,175.853,-173.709,146.49
S01/normal/attentive/S01_attentive_normal_000161.jpg,S01,attentive,normal,normal,,1,0.33442,0.4533,0.4239,-28.177,175.55,-173.412,146.54
S01/normal/attentive/S01_attentive_normal_000162.jpg,S01,attentive,normal,normal,,1,0.3324,0.45356,0.42206,-27.969,175.349,-173.313,146.62
S01/normal/attentive/S01_attentive_normal_000163.jpg,S01,attentive,normal,normal,,1,0.33509,0.45405,0.42458,-27.674,175.38,-173.493,146.42
S01/normal/attentive/S01_attentive_normal_000164.jpg,S01,attentive,normal,normal,,1,0.33376,0.45566,0.43175,-28.035,175.747,-173.332,146.19
S01/normal/attentive/S01_attentive_normal_000165.jpg,S01,attentive,normal,normal,,1,0.33531,0.454,0.42422,-28.019,175.206,-173.344,146.28
S01/normal/attentive/S01_attentive_normal_000166.jpg,S01,attentive,normal,normal,,1,0.33434,0.45378,0.42389,-27.645,176.021,-173.519,146.19
S01/normal/attentive/S01_attentive_normal_000167.jpg,S01,attentive,normal,normal,,1,0.33532,0.45499,0.42486,-28.057,175.668,-173.11,146.21
S01/normal/attentive/S01_attentive_normal_000168.jpg,S01,attentive,normal,normal,,1,0.32883,0.454,0.42815,-28.117,175.952,-173.785,146.44
S01/normal/attentive/S01_attentive_normal_000169.jpg,S01,attentive,normal,normal,,1,0.23423,0.45297,0.43114,-26.976,174.528,-173.167,146.63
S01/normal/attentive/S01_attentive_normal_000170.jpg,S01,attentive,normal,normal,,1,0.31333,0.4526,0.42015,-27.899,175.695,-173.386,146.72
S01/normal/attentive/S01_attentive_normal_000171.jpg,S01,attentive,normal,normal,,1,0.32311,0.45426,0.42276,-27.997,175.681,-173.294,146.46
S01/normal/attentive/S01_attentive_normal_000172.jpg,S01,attentive,normal,normal,,1,0.32814,0.45336,0.42008,-28.154,175.337,-173.186,146.26
S01/normal/attentive/S01_attentive_normal_000173.jpg,S01,attentive,normal,normal,,1,0.32151,0.45277,0.41906,-27.319,176.129,-173.682,146.12
S01/normal/attentive/S01_attentive_normal_000174.jpg,S01,attentive,normal,normal,,1,0.31703,0.45296,0.41952,-27.595,176.246,-173.791,146.11
S01/normal/attentive/S01_attentive_normal_000175.jpg,S01,attentive,normal,normal,,1,0.32003,0.45313,0.42163,-27.267,176.067,-173.833,145.96
S01/normal/attentive/S01_attentive_normal_000176.jpg,S01,attentive,normal,normal,,1,0.31289,0.45337,0.41738,-27.563,175.286,-173.561,146.01
S01/normal/attentive/S01_attentive_normal_000177.jpg,S01,attentive,normal,normal,,1,0.31623,0.45356,0.41938,-27.499,175.604,-173.566,145.94
S01/normal/attentive/S01_attentive_normal_000178.jpg,S01,attentive,normal,normal,,1,0.29562,0.45422,0.42895,-28.185,175.046,-173.481,145.72
S01/normal/attentive/S01_attentive_normal_000179.jpg,S01,attentive,normal,normal,,1,0.29011,0.45389,0.42592,-27.951,173.827,-173.133,146.04
S01/normal/attentive/S01_attentive_normal_000180.jpg,S01,attentive,normal,normal,,1,0.30999,0.45378,0.42542,-27.552,175.737,-173.523,146.05
S01/normal/attentive/S01_attentive_normal_000181.jpg,S01,attentive,normal,normal,,1,0.3145,0.45488,0.42462,-28.09,175.253,-173.011,145.74
S01/normal/attentive/S01_attentive_normal_000182.jpg,S01,attentive,normal,normal,,1,0.23289,0.45354,0.43405,-27.603,176.32,-173.941,145.92
S01/normal/attentive/S01_attentive_normal_000183.jpg,S01,attentive,normal,normal,,1,0.31842,0.45412,0.42134,-28.109,174.929,-173.01,145.98
S01/normal/attentive/S01_attentive_normal_000184.jpg,S01,attentive,normal,normal,,1,0.32341,0.45296,0.4218,-27.847,175.358,-173.355,146.03
S01/normal/attentive/S01_attentive_normal_000185.jpg,S01,attentive,normal,normal,,1,0.32749,0.45348,0.42436,-27.697,175.884,-173.232,146.24
S01/normal/attentive/S01_attentive_normal_000186.jpg,S01,attentive,normal,normal,,1,0.32487,0.45298,0.42384,-27.937,176.107,-173.535,146.65
S01/normal/drowsy/S01_drowsy_normal_000000.jpg,S01,drowsy,normal,normal,,1,0.29952,0.52145,0.46145,-22.859,-175.921,-173.188,97.0
S01/normal/drowsy/S01_drowsy_normal_000001.jpg,S01,drowsy,normal,normal,,1,0.31031,0.51611,0.45501,-1.421,176.109,6.654,96.93
S01/normal/drowsy/S01_drowsy_normal_000002.jpg,S01,drowsy,normal,normal,,1,0.3197,0.45067,0.45922,-22.504,-176.673,-173.143,96.33
S01/normal/drowsy/S01_drowsy_normal_000003.jpg,S01,drowsy,normal,normal,,1,0.31361,0.44788,0.45136,-24.825,-175.445,-173.736,96.04
S01/normal/drowsy/S01_drowsy_normal_000004.jpg,S01,drowsy,normal,normal,,1,0.30513,0.45553,0.46605,-25.851,-175.899,-174.047,95.94
S01/normal/drowsy/S01_drowsy_normal_000005.jpg,S01,drowsy,normal,normal,,1,0.33305,0.45086,0.4587,-26.459,-175.129,-174.109,95.72
S01/normal/drowsy/S01_drowsy_normal_000006.jpg,S01,drowsy,normal,normal,,1,0.32451,0.44653,0.47549,-25.822,-176.031,-173.973,95.58
S01/normal/drowsy/S01_drowsy_normal_000007.jpg,S01,drowsy,normal,normal,,1,0.32434,0.45189,0.47109,-26.077,-178.058,-174.072,95.51
S01/normal/drowsy/S01_drowsy_normal_000008.jpg,S01,drowsy,normal,normal,,1,0.32896,0.446,0.45477,-25.209,-174.707,-174.973,95.46
S01/normal/drowsy/S01_drowsy_normal_000009.jpg,S01,drowsy,normal,normal,,1,0.35123,0.46041,0.46237,-24.593,-174.999,-174.539,95.36
S01/normal/drowsy/S01_drowsy_normal_000010.jpg,S01,drowsy,normal,normal,,1,0.3173,0.45541,0.46757,-24.79,-176.032,-174.082,95.29
S01/normal/drowsy/S01_drowsy_normal_000011.jpg,S01,drowsy,normal,normal,,1,0.31553,0.45884,0.47014,-28.563,-176.728,-173.842,95.2
S01/normal/drowsy/S01_drowsy_normal_000012.jpg,S01,drowsy,normal,normal,,1,0.33608,0.45635,0.46225,-27.261,-177.208,-173.453,95.19
S01/normal/drowsy/S01_drowsy_normal_000013.jpg,S01,drowsy,normal,normal,,1,0.32261,0.46391,0.47365,-27.705,-178.093,-173.525,95.14
S01/normal/drowsy/S01_drowsy_normal_000014.jpg,S01,drowsy,normal,normal,,1,0.23395,0.45057,0.47105,-27.185,-176.606,-173.326,95.13
S01/normal/drowsy/S01_drowsy_normal_000015.jpg,S01,drowsy,normal,normal,,1,0.2887,0.44979,0.47762,-25.9,-176.24,-173.289,95.09
S01/normal/drowsy/S01_drowsy_normal_000016.jpg,S01,drowsy,normal,normal,,1,0.30834,0.4512,0.46736,-22.845,-176.653,-173.407,95.07
S01/normal/drowsy/S01_drowsy_normal_000017.jpg,S01,drowsy,normal,normal,,1,0.29335,0.45096,0.46692,-24.679,-177.088,-172.991,95.02
S01/normal/drowsy/S01_drowsy_normal_000018.jpg,S01,drowsy,normal,normal,,1,0.31548,0.45195,0.4669,-25.266,-177.208,-173.402,94.98
S01/normal/drowsy/S01_drowsy_normal_000019.jpg,S01,drowsy,normal,normal,,1,0.33002,0.45594,0.46379,-24.984,-176.797,-173.473,94.91
S01/normal/drowsy/S01_drowsy_normal_000020.jpg,S01,drowsy,normal,normal,,1,0.31626,0.45113,0.46169,-26.023,-176.76,-174.174,94.88
S01/normal/drowsy/S01_drowsy_normal_000021.jpg,S01,drowsy,normal,normal,,1,0.32438,0.44736,0.46784,-24.217,-176.578,-174.213,94.87
S01/normal/drowsy/S01_drowsy_normal_000022.jpg,S01,drowsy,normal,normal,,1,0.30758,0.45161,0.46913,-20.629,-176.717,-174.36,94.9
S01/normal/drowsy/S01_drowsy_normal_000023.jpg,S01,drowsy,normal,normal,,1,0.30164,0.44655,0.46922,-21.727,-177.127,-174.261,94.91
S01/normal/drowsy/S01_drowsy_normal_000024.jpg,S01,drowsy,normal,normal,,1,0.17273,0.44524,0.46959,-23.314,-176.387,-174.198,94.95
S01/normal/drowsy/S01_drowsy_normal_000025.jpg,S01,drowsy,normal,normal,,1,0.25091,0.57587,0.4953,-25.812,-176.69,-173.075,95.0
S01/normal/drowsy/S01_drowsy_normal_000026.jpg,S01,drowsy,normal,normal,,1,0.27937,0.51487,0.47708,-26.493,-175.961,-174.404,95.11
S01/normal/drowsy/S01_drowsy_normal_000027.jpg,S01,drowsy,normal,normal,,1,0.32922,0.502,0.4731,-26.115,-176.371,-174.948,95.16
S01/normal/drowsy/S01_drowsy_normal_000028.jpg,S01,drowsy,normal,normal,,1,0.31649,0.48357,0.48206,-26.968,-174.845,-174.931,95.24
S01/normal/drowsy/S01_drowsy_normal_000029.jpg,S01,drowsy,normal,normal,,1,0.3071,0.45685,0.47166,-25.6,-174.987,-174.583,95.29
S01/normal/drowsy/S01_drowsy_normal_000030.jpg,S01,drowsy,normal,normal,,1,0.33083,0.45464,0.45939,-26.747,-174.82,-175.649,95.34
S01/normal/drowsy/S01_drowsy_normal_000031.jpg,S01,drowsy,normal,normal,,1,0.19465,0.48228,0.46953,-21.686,-175.242,-176.787,95.39
S01/normal/drowsy/S01_drowsy_normal_000032.jpg,S01,drowsy,normal,normal,,1,0.16758,0.45347,0.47255,-20.576,-178.58,-175.342,95.47
S01/normal/drowsy/S01_drowsy_normal_000033.jpg,S01,drowsy,normal,normal,,1,0.1172,0.45544,0.44981,-23.02,-177.609,-175.275,95.52
S01/normal/drowsy/S01_drowsy_normal_000034.jpg,S01,drowsy,normal,normal,,1,0.17511,0.45623,0.4539,-22.352,-177.558,-176.708,95.56
S01/normal/drowsy/S01_drowsy_normal_000035.jpg,S01,drowsy,normal,normal,,1,0.11363,0.45923,0.47592,-24.426,-175.913,-175.914,95.62
S01/normal/drowsy/S01_drowsy_normal_000036.jpg,S01,drowsy,normal,normal,,1,0.12553,0.44771,0.47429,-19.641,179.871,-174.288,95.69
S01/normal/drowsy/S01_drowsy_normal_000037.jpg,S01,drowsy,normal,normal,,1,0.15432,0.46947,0.52718,-17.95,-179.579,-174.186,95.69
S01/normal/drowsy/S01_drowsy_normal_000038.jpg,S01,drowsy,normal,normal,,1,0.12484,0.57111,0.50675,-24.525,-176.737,-174.95,95.71
S01/normal/drowsy/S01_drowsy_normal_000039.jpg,S01,drowsy,normal,normal,,1,0.13044,0.60354,0.52518,-22.985,-177.279,-174.343,95.78
S01/normal/drowsy/S01_drowsy_normal_000040.jpg,S01,drowsy,normal,normal,,1,0.11309,0.59625,0.54229,-25.669,-177.806,-175.14,95.78
S01/normal/drowsy/S01_drowsy_normal_000041.jpg,S01,drowsy,normal,normal,,1,0.10817,0.57478,0.52736,-22.003,-177.348,-175.688,95.82
S01/normal/drowsy/S01_drowsy_normal_000042.jpg,S01,drowsy,normal,normal,,1,0.124,0.51744,0.50268,-21.354,-177.486,-174.198,95.82
S01/normal/drowsy/S01_drowsy_normal_000043.jpg,S01,drowsy,normal,normal,,1,0.12676,0.53902,0.50762,-14.281,-178.449,-173.394,95.81
S01/normal/drowsy/S01_drowsy_normal_000044.jpg,S01,drowsy,normal,normal,,1,0.10794,0.52351,0.49854,-22.856,-176.76,-172.63,95.8
S01/normal/drowsy/S01_drowsy_normal_000045.jpg,S01,drowsy,normal,normal,,1,0.15814,0.53637,0.50828,-19.344,-178.326,-172.665,95.83
S01/normal/drowsy/S01_drowsy_normal_000046.jpg,S01,drowsy,normal,normal,,1,0.12267,0.45073,0.49891,-25.028,-176.391,-173.956,95.83
S01/normal/drowsy/S01_drowsy_normal_000047.jpg,S01,drowsy,normal,normal,,1,0.16292,0.46992,0.5051,-26.075,-177.396,-173.006,95.85
S01/normal/drowsy/S01_drowsy_normal_000048.jpg,S01,drowsy,normal,normal,,1,0.12037,0.45566,0.50661,-20.759,-178.893,-171.721,95.85
S01/normal/drowsy/S01_drowsy_normal_000049.jpg,S01,drowsy,normal,normal,,1,0.15974,0.4556,0.50648,-26.238,179.936,-172.316,95.88
S01/normal/drowsy/S01_drowsy_normal_000050.jpg,S01,drowsy,normal,normal,,1,0.12122,0.48725,0.4989,-21.321,-179.295,-171.61,95.85
S01/normal/drowsy/S01_drowsy_normal_000051.jpg,S01,drowsy,normal,normal,,1,0.11397,0.46383,0.50939,-19.993,-179.61,-172.511,95.9
S01/normal/drowsy/S01_drowsy_normal_000052.jpg,S01,drowsy,normal,normal,,1,0.12432,0.44617,0.50459,-20.401,-179.762,-172.109,95.85
S01/normal/drowsy/S01_drowsy_normal_000053.jpg,S01,drowsy,normal,normal,,1,0.17349,0.44795,0.49086,-21.93,-178.534,-172.847,95.88
S01/normal/drowsy/S01_drowsy_normal_000054.jpg,S01,drowsy,normal,normal,,1,0.24805,0.45182,0.49105,-23.582,-176.249,-172.834,95.83
S01/normal/drowsy/S01_drowsy_normal_000055.jpg,S01,drowsy,normal,normal,,1,0.15986,0.45292,0.48177,-22.797,179.62,-171.609,95.88
S01/normal/drowsy/S01_drowsy_normal_000056.jpg,S01,drowsy,normal,normal,,1,0.19534,0.45598,0.48338,-25.236,-177.018,-173.301,95.88
S01/normal/drowsy/S01_drowsy_normal_000057.jpg,S01,drowsy,normal,normal,,1,0.2137,0.45158,0.50016,-19.619,-179.14,-171.621,95.88
S01/normal/drowsy/S01_drowsy_normal_000058.jpg,S01,drowsy,normal,normal,,1,0.23042,0.44909,0.49935,-23.573,-177.851,-172.201,95.91
S01/normal/drowsy/S01_drowsy_normal_000059.jpg,S01,drowsy,normal,normal,,1,0.19917,0.46519,0.50884,-23.067,-178.092,-172.256,95.94
S01/normal/drowsy/S01_drowsy_normal_000060.jpg,S01,drowsy,normal,normal,,1,0.2124,0.45408,0.50813,-25.292,-179.097,-172.183,95.94
S01/normal/drowsy/S01_drowsy_normal_000061.jpg,S01,drowsy,normal,normal,,1,0.20177,0.45108,0.51358,-24.764,-178.857,-172.555,95.93
S01/normal/drowsy/S01_drowsy_normal_000062.jpg,S01,drowsy,normal,normal,,1,0.18421,0.47324,0.50163,-25.703,-179.118,-171.076,95.96
S01/normal/drowsy/S01_drowsy_normal_000063.jpg,S01,drowsy,normal,normal,,1,0.17507,0.46449,0.49808,-24.467,-178.886,-171.586,95.96
S01/normal/drowsy/S01_drowsy_normal_000064.jpg,S01,drowsy,normal,normal,,1,0.18551,0.45239,0.51895,-25.567,-179.705,-171.198,95.92
S01/normal/drowsy/S01_drowsy_normal_000065.jpg,S01,drowsy,normal,normal,,1,0.20995,0.48796,0.5109,-23.511,-178.511,-172.157,95.92
S01/normal/drowsy/S01_drowsy_normal_000066.jpg,S01,drowsy,normal,normal,,1,0.17262,0.54628,0.50069,-22.668,-178.771,-171.872,95.92
S01/normal/drowsy/S01_drowsy_normal_000067.jpg,S01,drowsy,normal,normal,,1,0.17101,0.5083,0.48885,-22.253,-177.84,-172.224,95.96
S01/normal/drowsy/S01_drowsy_normal_000068.jpg,S01,drowsy,normal,normal,,1,0.2065,0.45337,0.49183,-20.764,179.543,-170.603,95.99
S01/normal/drowsy/S01_drowsy_normal_000069.jpg,S01,drowsy,normal,normal,,1,0.18705,0.46401,0.50558,-9.216,167.548,10.324,95.95
S01/normal/drowsy/S01_drowsy_normal_000070.jpg,S01,drowsy,normal,normal,,1,0.19726,0.44838,0.50297,-23.475,177.999,-169.95,95.85
S01/normal/drowsy/S01_drowsy_normal_000071.jpg,S01,drowsy,normal,normal,,1,0.19627,0.44907,0.48828,-23.68,-176.223,-171.949,95.76
S01/normal/drowsy/S01_drowsy_normal_000072.jpg,S01,drowsy,normal,normal,,1,0.20274,0.49367,0.51334,-23.61,-179.919,-171.936,95.76
S01/normal/drowsy/S01_drowsy_normal_000073.jpg,S01,drowsy,normal,normal,,1,0.14937,0.45408,0.50775,-22.14,179.093,-171.747,95.75
S01/normal/drowsy/S01_drowsy_normal_000074.jpg,S01,drowsy,normal,normal,,1,0.18504,0.45458,0.51026,-23.081,178.345,-171.227,95.81
S01/normal/drowsy/S01_drowsy_normal_000075.jpg,S01,drowsy,normal,normal,,1,0.2436,0.47304,0.51067,-20.466,179.278,-172.285,95.84
S01/normal/drowsy/S01_drowsy_normal_000076.jpg,S01,drowsy,normal,normal,,1,0.22715,0.44814,0.50808,-22.95,-178.456,-171.907,95.84
S01/normal/drowsy/S01_drowsy_normal_000077.jpg,S01,drowsy,normal,normal,,1,0.21432,0.45184,0.51026,-25.025,-177.3,-172.035,95.86
S01/normal/drowsy/S01_drowsy_normal_000078.jpg,S01,drowsy,normal,normal,,1,0.23868,0.45465,0.51565,-25.952,-178.734,-171.941,95.88
S01/normal/drowsy/S01_drowsy_normal_000079.jpg,S01,drowsy,normal,normal,,1,0.23762,0.44954,0.50461,-24.008,-179.666,-172.1,95.84
S01/normal/drowsy/S01_drowsy_normal_000080.jpg,S01,drowsy,normal,normal,,1,0.24008,0.44844,0.49633,-24.443,-178.712,-172.378,95.83
S01/normal/drowsy/S01_drowsy_normal_000081.jpg,S01,drowsy,normal,normal,,1,0.24267,0.45315,0.47777,-24.192,-177.908,-173.415,95.75
S01/normal/drowsy/S01_drowsy_normal_000082.jpg,S01,drowsy,normal,normal,,1,0.21269,0.4509,0.48711,-24.426,179.866,-171.726,95.7
S01/normal/drowsy/S01_drowsy_normal_000083.jpg,S01,drowsy,normal,normal,,1,0.1929,0.45328,0.48901,-22.998,-179.902,-171.434,95.7
S01/normal/drowsy/S01_drowsy_normal_000084.jpg,S01,drowsy,normal,normal,,1,0.17385,0.53236,0.49734,-22.046,-179.293,-173.073,95.68
S01/normal/drowsy/S01_drowsy_normal_000085.jpg,S01,drowsy,normal,normal,,1,0.22561,0.46547,0.48446,-22.845,-177.46,-172.62,95.74
S01/normal/drowsy/S01_drowsy_normal_000086.jpg,S01,drowsy,normal,normal,,1,0.1821,0.47964,0.48866,-24.67,-178.806,-172.962,95.82
S01/normal/drowsy/S01_drowsy_normal_000087.jpg,S01,drowsy,normal,normal,,1,0.20141,0.5072,0.49395,-24.694,-178.405,-171.835,95.79
S01/normal/drowsy/S01_drowsy_normal_000088.jpg,S01,drowsy,normal,normal,,1,0.20866,0.45232,0.48767,-22.6,-178.15,-173.21,95.8
S01/normal/drowsy/S01_drowsy_normal_000089.jpg,S01,drowsy,normal,normal,,1,0.22255,0.45288,0.49371,-22.534,-178.548,-172.391,95.78
S01/normal/drowsy/S01_drowsy_normal_000090.jpg,S01,drowsy,normal,normal,,1,0.2459,0.46838,0.49614,-23.731,-179.207,-172.149,95.79
S01/normal/drowsy/S01_drowsy_normal_000091.jpg,S01,drowsy,normal,normal,,1,0.22069,0.51163,0.51015,-26.267,-179.732,-172.151,95.78
S01/normal/drowsy/S01_drowsy_normal_000092.jpg,S01,drowsy,normal,normal,,1,0.24434,0.51698,0.48694,-26.621,-176.193,-173.793,95.79
S01/normal/drowsy/S01_drowsy_normal_000093.jpg,S01,drowsy,normal,normal,,1,0.25191,0.46166,0.47642,-21.215,-179.772,-172.025,95.78
S01/normal/drowsy/S01_drowsy_normal_000094.jpg,S01,drowsy,normal,normal,,1,0.20965,0.49042,0.48933,-25.461,-179.02,-172.537,95.76
S01/normal/drowsy/S01_drowsy_normal_000095.jpg,S01,drowsy,normal,normal,,1,0.22765,0.45983,0.49999,-22.962,-177.729,-172.807,95.79
S01/normal/drowsy/S01_drowsy_normal_000096.jpg,S01,drowsy,normal,normal,,1,0.2425,0.45261,0.48481,-25.769,-175.933,-173.483,95.82
S01/normal/drowsy/S01_drowsy_normal_000097.jpg,S01,drowsy,normal,normal,,1,0.24299,0.45524,0.48317,-24.288,-178.057,-173.371,95.82
S01/normal/drowsy/S01_drowsy_normal_000098.jpg,S01,drowsy,normal,normal,,1,0.24952,0.45999,0.48837,-25.988,-177.548,-173.465,95.87
S01/normal/drowsy/S01_drowsy_normal_000099.jpg,S01,drowsy,normal,normal,,1,0.24763,0.45432,0.48501,-25.992,-177.007,-173.577,95.84
S01/normal/drowsy/S01_drowsy_normal_000100.jpg,S01,drowsy,normal,normal,,1,0.26401,0.45268,0.47765,-27.639,-176.866,-174.185,95.84
S01/normal/drowsy/S01_drowsy_normal_000101.jpg,S01,drowsy,normal,normal,,1,0.25645,0.50619,0.48534,-25.194,-177.785,-174.016,95.82
S01/normal/drowsy/S01_drowsy_normal_000102.jpg,S01,drowsy,normal,normal,,1,0.25768,0.47823,0.48822,-26.804,-177.505,-174.648,95.82
S01/normal/drowsy/S01_drowsy_normal_000103.jpg,S01,drowsy,normal,normal,,1,0.25598,0.45279,0.48176,-24.33,-177.62,-173.643,95.82
S01/normal/drowsy/S01_drowsy_normal_000104.jpg,S01,drowsy,normal,normal,,1,0.27874,0.47821,0.48908,-25.078,-177.147,-173.61,95.85
S01/normal/drowsy/S01_drowsy_normal_000105.jpg,S01,drowsy,normal,normal,,1,0.26429,0.47199,0.47812,-22.966,-177.918,-173.346,95.86
S01/normal/drowsy/S01_drowsy_normal_000106.jpg,S01,drowsy,normal,normal,,1,0.2686,0.45943,0.4841,-24.005,-177.454,-173.42,95.86
S01/normal/drowsy/S01_drowsy_normal_000107.jpg,S01,drowsy,normal,normal,,1,0.27647,0.46996,0.48274,-23.857,-176.72,-174.723,95.82
S01/normal/drowsy/S01_drowsy_normal_000108.jpg,S01,drowsy,normal,normal,,1,0.25857,0.50254,0.47881,-26.389,-176.039,-174.023,95.71
S01/normal/drowsy/S01_drowsy_normal_000109.jpg,S01,drowsy,normal,normal,,1,0.25253,0.47081,0.48187,-25.504,-177.897,-174.024,95.68
S01/normal/drowsy/S01_drowsy_normal_000110.jpg,S01,drowsy,normal,normal,,1,0.25097,0.45231,0.4765,-23.811,-176.57,-174.232,95.63
S01/normal/drowsy/S01_drowsy_normal_000111.jpg,S01,drowsy,normal,normal,,1,0.27979,0.45127,0.49235,-24.325,-176.868,-173.108,95.64
S01/normal/drowsy/S01_drowsy_normal_000112.jpg,S01,drowsy,normal,normal,,1,0.24412,0.44932,0.49136,-25.694,-177.298,-173.17,95.65
S01/normal/drowsy/S01_drowsy_normal_000113.jpg,S01,drowsy,normal,normal,,1,0.27038,0.45713,0.50128,-26.046,-178.888,-173.37,95.69
S01/normal/drowsy/S01_drowsy_normal_000114.jpg,S01,drowsy,normal,normal,,1,0.22673,0.457,0.48131,-24.904,-176.946,-172.186,95.69
S01/normal/drowsy/S01_drowsy_normal_000115.jpg,S01,drowsy,normal,normal,,1,0.22513,0.45871,0.48694,-22.28,-177.647,-173.312,95.7
S01/normal/drowsy/S01_drowsy_normal_000116.jpg,S01,drowsy,normal,normal,,1,0.2119,0.44861,0.49626,-21.7,-176.897,-174.169,95.7
S01/normal/drowsy/S01_drowsy_normal_000117.jpg,S01,drowsy,normal,normal,,1,0.17247,0.44782,0.49594,-21.663,-177.976,-173.458,95.71
S01/normal/drowsy/S01_drowsy_normal_000118.jpg,S01,drowsy,normal,normal,,1,0.24292,0.45137,0.49412,-17.257,-179.692,-173.146,95.69
S01/normal/drowsy/S01_drowsy_normal_000119.jpg,S01,drowsy,normal,normal,,1,0.2149,0.46064,0.48586,-24.546,-178.539,-172.243,95.7
S01/normal/drowsy/S01_drowsy_normal_000120.jpg,S01,drowsy,normal,normal,,1,0.22436,0.4469,0.489,-22.089,-179.351,-172.415,95.71
S01/normal/drowsy/S01_drowsy_normal_000121.jpg,S01,drowsy,normal,normal,,1,0.19577,0.45051,0.49643,-22.007,-178.808,-173.379,95.69
S01/normal/drowsy/S01_drowsy_normal_000122.jpg,S01,drowsy,normal,normal,,1,0.16793,0.46221,0.49971,-17.704,-179.742,-173.195,95.72
S01/normal/drowsy/S01_drowsy_normal_000123.jpg,S01,drowsy,normal,normal,,1,0.16736,0.45576,0.51017,-21.644,-178.269,-172.157,95.74
S01/normal/drowsy/S01_drowsy_normal_000124.jpg,S01,drowsy,normal,normal,,1,0.149,0.48023,0.50144,-22.099,-179.108,-172.453,95.84
S01/normal/drowsy/S01_drowsy_normal_000125.jpg,S01,drowsy,normal,normal,,1,0.14829,0.45214,0.49779,-24.459,-179.987,-172.768,95.89
S01/normal/drowsy/S01_drowsy_normal_000126.jpg,S01,drowsy,normal,normal,,1,0.1311,0.48816,0.51293,-22.37,-179.518,-172.522,95.95
S01/normal/drowsy/S01_drowsy_normal_000127.jpg,S01,drowsy,normal,normal,,1,0.12804,0.47488,0.5142,-19.778,179.774,-172.333,95.9
S01/normal/drowsy/S01_drowsy_normal_000128.jpg,S01,drowsy,normal,normal,,1,0.09701,0.47014,0.49115,-23.658,-175.984,-172.896,95.95
S01/normal/drowsy/S01_drowsy_normal_000129.jpg,S01,drowsy,normal,normal,,1,0.13049,0.44965,0.49289,-21.48,-177.571,-173.81,95.97
S01/normal/drowsy/S01_drowsy_normal_000130.jpg,S01,drowsy,normal,normal,,1,0.10278,0.45272,0.49053,-20.4,-178.148,-172.634,96.01
S01/normal/drowsy/S01_drowsy_normal_000131.jpg,S01,drowsy,normal,normal,,1,0.10675,0.4637,0.49866,-23.015,-177.958,-173.674,96.01
S01/normal/drowsy/S01_drowsy_normal_000132.jpg,S01,drowsy,normal,normal,,1,0.08083,0.46543,0.49015,-7.702,169.753,8.043,96.06
S01/normal/drowsy/S01_drowsy_normal_000133.jpg,S01,drowsy,normal,normal,,1,0.10306,0.45607,0.50077,-23.455,-178.929,-172.233,96.07
S01/normal/drowsy/S01_drowsy_normal_000134.jpg,S01,drowsy,normal,normal,,1,0.10342,0.48788,0.48049,-22.231,-175.885,-172.978,96.06
S01/normal/drowsy/S01_drowsy_normal_000135.jpg,S01,drowsy,normal,normal,,1,0.11865,0.46532,0.49312,-22.593,-177.257,-173.889,96.1
S01/normal/drowsy/S01_drowsy_normal_000136.jpg,S01,drowsy,normal,normal,,1,0.1049,0.45286,0.4718,-20.499,-177.163,-171.595,96.09
S01/normal/drowsy/S01_drowsy_normal_000137.jpg,S01,drowsy,normal,normal,,1,0.09768,0.4548,0.50096,-15.862,178.602,-172.271,96.03
S01/normal/drowsy/S01_drowsy_normal_000138.jpg,S01,drowsy,normal,normal,,1,0.09479,0.45281,0.49692,-20.143,179.246,-171.167,96.0
S01/normal/drowsy/S01_drowsy_normal_000139.jpg,S01,drowsy,normal,normal,,1,0.08293,0.44803,0.49233,-19.826,178.066,-172.489,95.96
S01/normal/drowsy/S01_drowsy_normal_000140.jpg,S01,drowsy,normal,normal,,1,0.16039,0.45792,0.50476,-21.535,-179.304,-173.638,95.93
S01/normal/drowsy/S01_drowsy_normal_000141.jpg,S01,drowsy,normal,normal,,1,0.18769,0.48077,0.5033,-21.855,-177.765,-173.776,95.87
S01/normal/drowsy/S01_drowsy_normal_000142.jpg,S01,drowsy,normal,normal,,1,0.21443,0.45015,0.48877,-23.944,-176.574,-173.79,95.85
S01/normal/drowsy/S01_drowsy_normal_000143.jpg,S01,drowsy,normal,normal,,1,0.14722,0.48753,0.50637,-22.407,-177.59,-174.578,95.77
S01/normal/drowsy/S01_drowsy_normal_000144.jpg,S01,drowsy,normal,normal,,1,0.21552,0.45477,0.48152,-22.887,-178.326,-174.217,95.79
S01/normal/drowsy/S01_drowsy_normal_000145.jpg,S01,drowsy,normal,normal,,1,0.2284,0.45445,0.48344,-23.454,-177.818,-173.494,95.8
S01/normal/drowsy/S01_drowsy_normal_000146.jpg,S01,drowsy,normal,normal,,1,0.2145,0.46499,0.499,-24.026,179.272,-172.447,95.72
S01/normal/drowsy/S01_drowsy_normal_000147.jpg,S01,drowsy,normal,normal,,1,0.24538,0.46581,0.49721,-23.986,179.879,-173.859,95.73
S01/normal/drowsy/S01_drowsy_normal_000148.jpg,S01,drowsy,normal,normal,,1,0.24886,0.45373,0.50315,-24.421,-179.268,-173.079,95.7
S01/normal/drowsy/S01_drowsy_normal_000149.jpg,S01,drowsy,normal,normal,,1,0.24748,0.44998,0.49772,-26.815,-176.919,-173.003,95.68
S01/normal/yawning/S01_yawning_normal_000000.jpg,S01,yawning,normal,normal,,1,0.3057,0.45156,0.50601,-24.051,-178.163,-178.557,140.62
S01/normal/yawning/S01_yawning_normal_000001.jpg,S01,yawning,normal,normal,,1,0.29919,0.44913,0.50532,-22.696,-177.076,-178.854,141.2
S01/normal/yawning/S01_yawning_normal_000002.jpg,S01,yawning,normal,normal,,1,0.28573,0.45209,0.50688,-23.201,-175.617,-179.141,141.72
S01/normal/yawning/S01_yawning_normal_000003.jpg,S01,yawning,normal,normal,,1,0.27956,0.45006,0.51277,-22.817,-176.206,-178.762,141.65
S01/normal/yawning/S01_yawning_normal_000004.jpg,S01,yawning,normal,normal,,1,0.1571,0.45312,0.51755,-21.24,-179.159,-177.562,142.17
S01/normal/yawning/S01_yawning_normal_000005.jpg,S01,yawning,normal,normal,,1,0.27549,0.45119,0.53445,-24.917,-176.714,-177.528,142.63
S01/normal/yawning/S01_yawning_normal_000006.jpg,S01,yawning,normal,normal,,1,0.27387,0.48466,0.53766,-22.941,-177.126,-176.938,142.52
S01/normal/yawning/S01_yawning_normal_000007.jpg,S01,yawning,normal,normal,,1,0.2945,0.5731,0.54073,-26.595,-176.431,-177.989,142.76
S01/normal/yawning/S01_yawning_normal_000008.jpg,S01,yawning,normal,normal,,1,0.29709,0.65506,0.55317,-25.811,-177.277,-177.33,142.88
S01/normal/yawning/S01_yawning_normal_000009.jpg,S01,yawning,normal,normal,,1,0.3042,0.6991,0.56256,-25.861,-178.996,-177.485,142.66
S01/normal/yawning/S01_yawning_normal_000010.jpg,S01,yawning,normal,normal,,1,0.28104,0.72257,0.57923,-25.911,179.577,-177.32,142.76
S01/normal/yawning/S01_yawning_normal_000011.jpg,S01,yawning,normal,normal,,1,0.18178,0.7411,0.59725,-29.773,-176.825,-177.911,142.9
S01/normal/yawning/S01_yawning_normal_000012.jpg,S01,yawning,normal,normal,,1,0.19726,0.80294,0.62823,-26.573,179.262,-175.36,143.36
S01/normal/yawning/S01_yawning_normal_000013.jpg,S01,yawning,normal,normal,,1,0.25191,0.80598,0.63098,-28.124,-178.761,-177.219,143.55
S01/normal/yawning/S01_yawning_normal_000014.jpg,S01,yawning,normal,normal,,1,0.26463,0.82541,0.62192,-28.111,-178.084,-175.543,143.39
S01/normal/yawning/S01_yawning_normal_000015.jpg,S01,yawning,normal,normal,,1,0.25769,0.83671,0.62305,-29.591,-177.139,-175.869,143.17
S01/normal/yawning/S01_yawning_normal_000016.jpg,S01,yawning,normal,normal,,1,0.26492,0.8327,0.63286,-31.012,179.545,-176.586,143.11
S01/normal/yawning/S01_yawning_normal_000017.jpg,S01,yawning,normal,normal,,1,0.28541,0.83794,0.61969,-31.03,-179.143,-177.14,142.63
S01/normal/yawning/S01_yawning_normal_000018.jpg,S01,yawning,normal,normal,,1,0.26845,0.87116,0.61675,-31.758,178.131,-176.652,142.67
S01/normal/yawning/S01_yawning_normal_000019.jpg,S01,yawning,normal,normal,,1,0.28939,0.88141,0.61373,-30.941,-177.408,-178.443,143.27
S01/normal/yawning/S01_yawning_normal_000020.jpg,S01,yawning,normal,normal,,1,0.30915,0.89919,0.60918,-32.158,-177.757,-178.386,143.64
S01/normal/yawning/S01_yawning_normal_000021.jpg,S01,yawning,normal,normal,,1,0.28365,0.88282,0.61717,-30.41,-176.344,-177.92,143.67
S01/normal/yawning/S01_yawning_normal_000022.jpg,S01,yawning,normal,normal,,1,0.27675,0.8824,0.6354,-28.147,-178.679,-176.697,143.14
S01/normal/yawning/S01_yawning_normal_000023.jpg,S01,yawning,normal,normal,,1,0.27921,0.86811,0.62711,-29.843,-177.362,-176.272,143.3
S01/normal/yawning/S01_yawning_normal_000024.jpg,S01,yawning,normal,normal,,1,0.27488,0.87059,0.62583,-29.895,-176.958,-176.451,143.16
S01/normal/yawning/S01_yawning_normal_000025.jpg,S01,yawning,normal,normal,,1,0.28035,0.86519,0.61941,-30.819,-178.308,-176.51,143.52
S01/normal/yawning/S01_yawning_normal_000026.jpg,S01,yawning,normal,normal,,1,0.27724,0.84308,0.63335,-31.886,-177.762,-175.927,142.99
S01/normal/yawning/S01_yawning_normal_000027.jpg,S01,yawning,normal,normal,,1,0.27029,0.88936,0.62394,-28.443,-176.38,-175.778,143.74
S01/normal/yawning/S01_yawning_normal_000028.jpg,S01,yawning,normal,normal,,1,0.25968,0.99416,0.62144,-25.185,-175.785,-175.238,143.13
S01/normal/yawning/S01_yawning_normal_000029.jpg,S01,yawning,normal,normal,,1,0.26152,0.84238,0.62254,-33.579,-178.759,-175.193,142.86
S01/normal/yawning/S01_yawning_normal_000030.jpg,S01,yawning,normal,normal,,1,0.24233,0.82546,0.6395,-31.024,-178.956,-174.229,142.78
S01/normal/yawning/S01_yawning_normal_000031.jpg,S01,yawning,normal,normal,,1,0.1773,0.83174,0.63087,-27.37,-177.05,-174.624,142.3
S01/normal/yawning/S01_yawning_normal_000032.jpg,S01,yawning,normal,normal,,1,0.23188,0.84233,0.62877,-28.456,-175.634,-174.503,142.53
S01/normal/yawning/S01_yawning_normal_000033.jpg,S01,yawning,normal,normal,,1,0.25822,0.81243,0.60914,-31.28,-175.399,-175.869,142.48
S01/normal/yawning/S01_yawning_normal_000034.jpg,S01,yawning,normal,normal,,1,0.26621,0.8263,0.61502,-31.983,-178.041,-175.644,142.6
S01/normal/yawning/S01_yawning_normal_000035.jpg,S01,yawning,normal,normal,,1,0.28611,0.85761,0.61677,-29.897,-176.237,-177.203,142.62
S01/normal/yawning/S01_yawning_normal_000036.jpg,S01,yawning,normal,normal,,1,0.27951,0.8402,0.61469,-32.184,-177.995,-177.535,142.63
S01/normal/yawning/S01_yawning_normal_000037.jpg,S01,yawning,normal,normal,,1,0.27061,0.82348,0.6116,-29.216,-179.011,-177.02,142.74
S01/normal/yawning/S01_yawning_normal_000038.jpg,S01,yawning,normal,normal,,1,0.26014,0.83871,0.612,-30.426,-178.631,-177.572,142.72
S01/normal/yawning/S01_yawning_normal_000039.jpg,S01,yawning,normal,normal,,1,0.27941,0.8154,0.60493,-31.34,-177.251,-177.619,142.75
S01/normal/yawning/S01_yawning_normal_000040.jpg,S01,yawning,normal,normal,,1,0.26155,0.80033,0.60599,-30.142,-176.775,-178.514,142.76
S01/normal/yawning/S01_yawning_normal_000041.jpg,S01,yawning,normal,normal,,1,0.25384,0.76576,0.59877,-30.309,-177.821,-178.718,142.8
S01/normal/yawning/S01_yawning_normal_000042.jpg,S01,yawning,normal,normal,,1,0.25146,0.64838,0.57071,-29.769,-177.559,-178.195,142.81
S01/normal/yawning/S01_yawning_normal_000043.jpg,S01,yawning,normal,normal,,1,0.25413,0.6174,0.56209,-28.188,179.975,-178.428,143.19
S01/normal/yawning/S01_yawning_normal_000044.jpg,S01,yawning,normal,normal,,1,0.24347,0.59272,0.5577,-26.395,179.74,-178.727,143.23
S01/normal/yawning/S01_yawning_normal_000045.jpg,S01,yawning,normal,normal,,1,0.25237,0.57832,0.56427,-26.377,-179.749,-178.711,143.15
S01/normal/yawning/S01_yawning_normal_000046.jpg,S01,yawning,normal,normal,,1,0.25225,0.64678,0.57017,-29.342,-175.006,179.798,143.1
S01/normal/yawning/S01_yawning_normal_000047.jpg,S01,yawning,normal,normal,,1,0.24223,0.72573,0.60214,-28.528,-176.787,179.882,142.74
S01/normal/yawning/S01_yawning_normal_000048.jpg,S01,yawning,normal,normal,,1,0.26741,0.78067,0.60968,-30.287,-177.002,179.389,142.55
S01/normal/yawning/S01_yawning_normal_000049.jpg,S01,yawning,normal,normal,,1,0.27486,0.81224,0.6121,-30.902,-174.515,177.527,142.49
S01/normal/yawning/S01_yawning_normal_000050.jpg,S01,yawning,normal,normal,,1,0.2653,0.83134,0.61957,-32.694,-176.514,-179.98,142.88
S01/normal/yawning/S01_yawning_normal_000051.jpg,S01,yawning,normal,normal,,1,0.27872,0.86595,0.61936,-32.215,-177.374,178.852,142.83
S01/normal/yawning/S01_yawning_normal_000052.jpg,S01,yawning,normal,normal,,1,0.26695,0.82729,0.62013,-29.702,-176.989,179.174,143.21
S01/normal/yawning/S01_yawning_normal_000053.jpg,S01,yawning,normal,normal,,1,0.26573,0.87412,0.6234,-32.175,-178.762,179.074,142.84
S01/normal/yawning/S01_yawning_normal_000054.jpg,S01,yawning,normal,normal,,1,0.24915,0.89721,0.63253,-31.256,-178.232,179.64,143.28
S01/normal/yawning/S01_yawning_normal_000055.jpg,S01,yawning,normal,normal,,1,0.24921,0.92047,0.61611,-30.107,-177.272,179.277,142.89
S01/normal/yawning/S01_yawning_normal_000056.jpg,S01,yawning,normal,normal,,1,0.27374,0.91465,0.61435,-31.888,-177.323,178.628,143.34
S01/normal/yawning/S01_yawning_normal_000057.jpg,S01,yawning,normal,normal,,1,0.24034,0.89454,0.63113,-30.726,-178.201,178.9,142.92
S01/normal/yawning/S01_yawning_normal_000058.jpg,S01,yawning,normal,normal,,1,0.25414,0.8988,0.63295,-31.967,-176.509,178.304,143.2
S01/normal/yawning/S01_yawning_normal_000059.jpg,S01,yawning,normal,normal,,1,0.25272,1.00256,0.61328,-30.499,-178.035,179.179,143.01
S01/normal/yawning/S01_yawning_normal_000060.jpg,S01,yawning,normal,normal,,1,0.24681,0.97843,0.6281,-29.341,-179.416,179.718,143.17
S01/normal/yawning/S01_yawning_normal_000061.jpg,S01,yawning,normal,normal,,1,0.24054,0.99005,0.6263,-30.703,-176.366,178.675,142.9
S01/normal/yawning/S01_yawning_normal_000062.jpg,S01,yawning,normal,normal,,1,0.24028,0.93798,0.62565,-30.348,-178.114,-179.881,143.07
S01/normal/yawning/S01_yawning_normal_000063.jpg,S01,yawning,normal,normal,,1,0.21206,0.94434,0.63331,-27.783,-175.949,178.429,142.84
S01/normal/yawning/S01_yawning_normal_000064.jpg,S01,yawning,normal,normal,,1,0.21948,0.99169,0.62671,-27.66,-178.834,178.911,142.88
S01/normal/yawning/S01_yawning_normal_000065.jpg,S01,yawning,normal,normal,,1,0.19658,0.97503,0.63812,-28.57,179.863,-179.705,142.91
S01/normal/yawning/S01_yawning_normal_000066.jpg,S01,yawning,normal,normal,,1,0.20347,0.94947,0.62336,-27.38,-176.933,178.59,142.93
S01/normal/yawning/S01_yawning_normal_000067.jpg,S01,yawning,normal,normal,,1,0.20413,0.91029,0.63533,-25.651,-178.802,-179.943,142.92
S01/normal/yawning/S01_yawning_normal_000068.jpg,S01,yawning,normal,normal,,1,0.19136,0.95618,0.63933,-25.005,-178.038,178.376,142.79
S01/normal/yawning/S01_yawning_normal_000069.jpg,S01,yawning,normal,normal,,1,0.18203,0.89619,0.63408,-25.921,-176.616,178.486,142.88
S01/normal/yawning/S01_yawning_normal_000070.jpg,S01,yawning,normal,normal,,1,0.18416,0.92278,0.62761,-26.399,-178.87,178.353,143.05
S01/normal/yawning/S01_yawning_normal_000071.jpg,S01,yawning,normal,normal,,1,0.18065,0.908,0.62782,-23.095,-178.218,177.578,142.91
S01/normal/yawning/S01_yawning_normal_000072.jpg,S01,yawning,normal,normal,,1,0.15584,1.00483,0.61178,-10.377,162.678,0.545,143.05
S01/normal/yawning/S01_yawning_normal_000073.jpg,S01,yawning,normal,normal,,1,0.17659,0.80165,0.63371,-26.789,-176.919,177.893,142.91
S01/normal/yawning/S01_yawning_normal_000074.jpg,S01,yawning,normal,normal,,1,0.13663,0.87225,0.61562,-26.354,-176.928,177.352,142.93
S01/normal/yawning/S01_yawning_normal_000075.jpg,S01,yawning,normal,normal,,1,0.14956,0.85747,0.62325,-27.233,-174.244,176.796,142.69
S01/normal/yawning/S01_yawning_normal_000076.jpg,S01,yawning,normal,normal,,1,0.12418,0.77645,0.61692,-27.019,-173.736,176.387,143.02
S01/normal/yawning/S01_yawning_normal_000077.jpg,S01,yawning,normal,normal,,1,0.15015,0.82716,0.62181,-24.795,-175.207,178.563,142.64
S01/normal/yawning/S01_yawning_normal_000078.jpg,S01,yawning,normal,normal,,1,0.16199,0.76665,0.6289,-24.873,-174.084,178.038,143.03
S01/normal/yawning/S01_yawning_normal_000079.jpg,S01,yawning,normal,normal,,1,0.19378,0.68724,0.61937,-28.19,-176.971,-179.849,142.74
S01/normal/yawning/S01_yawning_normal_000080.jpg,S01,yawning,normal,normal,,1,0.20678,0.6295,0.60548,-26.969,-174.972,-178.24,142.94
S01/normal/yawning/S01_yawning_normal_000081.jpg,S01,yawning,normal,normal,,1,0.21948,0.6147,0.58285,-24.445,179.757,-177.336,142.6
S01/normal/yawning/S01_yawning_normal_000082.jpg,S01,yawning,normal,normal,,1,0.1238,0.56642,0.55829,-23.57,179.696,-177.359,142.8
S01/normal/yawning/S01_yawning_normal_000083.jpg,S01,yawning,normal,normal,,1,0.20182,0.53918,0.54042,-26.097,-176.894,-177.762,142.57
S01/normal/yawning/S01_yawning_normal_000084.jpg,S01,yawning,normal,normal,,1,0.24835,0.53925,0.54519,-26.513,-175.832,-178.024,142.62
S01/normal/yawning/S01_yawning_normal_000085.jpg,S01,yawning,normal,normal,,1,0.25035,0.529,0.53754,-26.136,-174.062,-177.292,142.27
S01/normal/yawning/S01_yawning_normal_000086.jpg,S01,yawning,normal,normal,,1,0.26823,0.52207,0.52079,-27.394,-175.801,-177.139,142.44
S01/normal/yawning/S01_yawning_normal_000087.jpg,S01,yawning,normal,normal,,1,0.27611,0.50229,0.50028,-27.018,-175.955,-177.311,141.97
S01/normal/yawning/S01_yawning_normal_000088.jpg,S01,yawning,normal,normal,,1,0.2787,0.45115,0.49989,-26.45,-175.634,-176.92,142.22
S01/normal/yawning/S01_yawning_normal_000089.jpg,S01,yawning,normal,normal,,1,0.27464,0.4539,0.49064,-26.842,-176.401,-176.713,141.9
S01/normal/yawning/S01_yawning_normal_000090.jpg,S01,yawning,normal,normal,,1,0.26397,0.45287,0.49453,-24.466,-174.962,-175.721,142.28
S01/normal/yawning/S01_yawning_normal_000091.jpg,S01,yawning,normal,normal,,1,0.27766,0.45325,0.49639,-26.98,-176.414,-175.464,141.89
S01/normal/yawning/S01_yawning_normal_000092.jpg,S01,yawning,normal,normal,,1,0.25557,0.44977,0.50344,-25.746,-176.606,-175.241,142.25
S01/normal/yawning/S01_yawning_normal_000093.jpg,S01,yawning,normal,normal,,1,0.18438,0.50172,0.53485,-24.092,-176.753,-175.021,141.6
S01/normal/yawning/S01_yawning_normal_000094.jpg,S01,yawning,normal,normal,,1,0.28259,0.59057,0.54404,-28.33,-176.494,-173.538,141.62
S01/normal/yawning/S01_yawning_normal_000095.jpg,S01,yawning,normal,normal,,1,0.28922,0.63409,0.54247,-27.469,-177.234,-174.811,141.16
S01/normal/yawning/S01_yawning_normal_000096.jpg,S01,yawning,normal,normal,,1,0.284,0.69664,0.55152,-29.201,-177.392,-175.057,141.66
S01/normal/yawning/S01_yawning_normal_000097.jpg,S01,yawning,normal,normal,,1,0.26444,0.73183,0.56416,-28.631,-178.134,-174.572,141.67
S01/normal/yawning/S01_yawning_normal_000098.jpg,S01,yawning,normal,normal,,1,0.27356,0.75876,0.55568,-31.007,-175.859,-174.52,141.87
S01/normal/yawning/S01_yawning_normal_000099.jpg,S01,yawning,normal,normal,,1,0.2776,0.75222,0.55415,-32.056,-174.553,-175.516,141.81
S01/normal/yawning/S01_yawning_normal_000100.jpg,S01,yawning,normal,normal,,1,0.28163,0.76612,0.56727,-30.515,-173.213,-175.838,142.14
S01/normal/yawning/S01_yawning_normal_000101.jpg,S01,yawning,normal,normal,,1,0.27712,0.78451,0.56376,-31.789,-175.861,-175.494,142.08
S01/normal/yawning/S01_yawning_normal_000102.jpg,S01,yawning,normal,normal,,1,0.28105,0.76639,0.54626,-33.599,-176.028,-175.843,142.46
S01/normal/yawning/S01_yawning_normal_000103.jpg,S01,yawning,normal,normal,,1,0.29264,0.70863,0.54385,-32.551,-176.365,-175.065,142.24
S01/normal/yawning/S01_yawning_normal_000104.jpg,S01,yawning,normal,normal,,1,0.2974,0.72511,0.54496,-33.777,-176.566,-175.742,142.49
S01/normal/yawning/S01_yawning_normal_000105.jpg,S01,yawning,normal,normal,,1,0.27482,0.70877,0.5261,-31.792,-177.01,-174.905,142.32
S01/normal/yawning/S01_yawning_normal_000106.jpg,S01,yawning,normal,normal,,1,0.29133,0.67603,0.53122,-33.139,-174.878,-175.809,142.29
S01/normal/yawning/S01_yawning_normal_000107.jpg,S01,yawning,normal,normal,,1,0.27962,0.68637,0.52823,-32.903,-176.467,-175.196,142.28
S01/normal/yawning/S01_yawning_normal_000108.jpg,S01,yawning,normal,normal,,1,0.3029,0.69593,0.53693,-33.459,-175.714,-175.468,142.07
S01/normal/yawning/S01_yawning_normal_000109.jpg,S01,yawning,normal,normal,,1,0.26943,0.69809,0.55047,-32.399,-175.378,-176.467,142.35
S01/normal/yawning/S01_yawning_normal_000110.jpg,S01,yawning,normal,normal,,1,0.13389,0.76934,0.56493,-30.388,-177.519,-175.733,141.94
S01/normal/yawning/S01_yawning_normal_000111.jpg,S01,yawning,normal,normal,,1,0.24212,0.80778,0.57259,-32.226,-176.435,-177.132,142.39
S01/normal/yawning/S01_yawning_normal_000112.jpg,S01,yawning,normal,normal,,1,0.26459,0.8346,0.57135,-31.379,-177.389,-176.396,141.9
S01/normal/yawning/S01_yawning_normal_000113.jpg,S01,yawning,normal,normal,,1,0.26342,0.84991,0.56164,-30.824,-176.274,-177.627,142.42
S01/normal/yawning/S01_yawning_normal_000114.jpg,S01,yawning,normal,normal,,1,0.26691,0.8547,0.56381,-31.268,-177.657,-176.936,141.88
S01/normal/yawning/S01_yawning_normal_000115.jpg,S01,yawning,normal,normal,,1,0.25974,0.85772,0.55764,-29.867,-177.314,-177.509,142.43
S01/normal/yawning/S01_yawning_normal_000116.jpg,S01,yawning,normal,normal,,1,0.27706,0.75056,0.55501,-30.156,-176.394,-178.454,141.98
S01/normal/yawning/S01_yawning_normal_000117.jpg,S01,yawning,normal,normal,,1,0.26127,0.68,0.5358,-29.832,-178.151,-178.009,142.46
S01/normal/yawning/S01_yawning_normal_000118.jpg,S01,yawning,normal,normal,,1,0.26682,0.61023,0.53049,-27.465,-177.861,-177.971,142.01
S01/normal/yawning/S01_yawning_normal_000119.jpg,S01,yawning,normal,normal,,1,0.26242,0.61078,0.51552,-29.451,-178.422,-177.404,142.5
S01/normal/yawning/S01_yawning_normal_000120.jpg,S01,yawning,normal,normal,,1,0.26738,0.60169,0.52799,-28.47,-177.057,-177.919,142.05
S01/normal/yawning/S01_yawning_normal_000121.jpg,S01,yawning,normal,normal,,1,0.2627,0.56876,0.53039,-28.316,-177.05,-178.933,142.4
S01/normal/yawning/S01_yawning_normal_000122.jpg,S01,yawning,normal,normal,,1,0.26374,0.58915,0.52852,-27.34,-177.84,-179.156,142.43
S01/normal/yawning/S01_yawning_normal_000123.jpg,S01,yawning,normal,normal,,1,0.2546,0.58917,0.52855,-27.655,-177.196,-179.29,142.19
S01/normal/yawning/S01_yawning_normal_000124.jpg,S01,yawning,normal,normal,,1,0.13728,0.57232,0.528,-27.542,-177.463,179.495,142.35
S01/normal/yawning/S01_yawning_normal_000125.jpg,S01,yawning,normal,normal,,1,0.19893,0.523,0.53622,-25.919,-177.669,-179.235,142.34
S01/normal/yawning/S01_yawning_normal_000126.jpg,S01,yawning,normal,normal,,1,0.24638,0.52286,0.52563,-27.793,-177.47,-179.592,141.95
S01/normal/yawning/S01_yawning_normal_000127.jpg,S01,yawning,normal,normal,,1,0.2638,0.52092,0.51834,-29.112,-175.354,-179.326,142.42
S01/normal/yawning/S01_yawning_normal_000128.jpg,S01,yawning,normal,normal,,1,0.26286,0.53746,0.53466,-27.869,-175.282,-178.182,142.12
S01/normal/yawning/S01_yawning_normal_000129.jpg,S01,yawning,normal,normal,,1,0.26721,0.53704,0.51883,-30.118,-172.419,-178.023,142.13
S01/normal/yawning/S01_yawning_normal_000130.jpg,S01,yawning,normal,normal,,1,0.25418,0.52992,0.52162,-27.946,-173.564,-178.167,142.3
S01/normal/yawning/S01_yawning_normal_000131.jpg,S01,yawning,normal,normal,,1,0.26719,0.53533,0.52881,-28.158,-173.143,-178.429,142.03
S01/normal/yawning/S01_yawning_normal_000132.jpg,S01,yawning,normal,normal,,1,0.27399,0.51506,0.52795,-28.66,-175.653,-178.047,142.37
S01/normal/yawning/S01_yawning_normal_000133.jpg,S01,yawning,normal,normal,,1,0.27095,0.51743,0.53225,-27.075,-173.474,-178.466,142.01
S01/normal/yawning/S01_yawning_normal_000134.jpg,S01,yawning,normal,normal,,1,0.26445,0.51053,0.52604,-28.188,-175.05,-178.564,142.42
S01/normal/yawning/S01_yawning_normal_000135.jpg,S01,yawning,normal,normal,,1,0.26744,0.49783,0.52204,-26.605,-174.743,-178.751,141.87
S01/normal/yawning/S01_yawning_normal_000136.jpg,S01,yawning,normal,normal,,1,0.2732,0.49156,0.52993,-28.561,-173.402,-178.667,142.34
S01/normal/yawning/S01_yawning_normal_000137.jpg,S01,yawning,normal,normal,,1,0.30397,0.48192,0.51312,-28.491,-175.313,-179.076,142.01
S01/normal/yawning/S01_yawning_normal_000138.jpg,S01,yawning,normal,normal,,1,0.29342,0.48549,0.52244,-27.197,-175.289,-179.251,142.16
S01/normal/yawning/S01_yawning_normal_000139.jpg,S01,yawning,normal,normal,,1,0.28643,0.452,0.52928,-27.593,-175.539,-179.17,142.37
S01/normal/yawning/S01_yawning_normal_000140.jpg,S01,yawning,normal,normal,,1,0.28344,0.45391,0.52947,-25.436,-175.869,-178.852,141.97
S01/normal/yawning/S01_yawning_normal_000141.jpg,S01,yawning,normal,normal,,1,0.29407,0.45377,0.51483,-27.089,-176.632,-178.981,142.37
S01/normal/yawning/S01_yawning_normal_000142.jpg,S01,yawning,normal,normal,,1,0.2812,0.45267,0.51642,-24.774,-176.161,-179.279,142.11
S01/normal/yawning/S01_yawning_normal_000143.jpg,S01,yawning,normal,normal,,1,0.27854,0.4515,0.51856,-25.603,-175.212,-178.876,142.13
S01/normal/yawning/S01_yawning_normal_000144.jpg,S01,yawning,normal,normal,,1,0.29209,0.45466,0.51361,-25.974,-176.975,-178.427,142.29
S01/normal/yawning/S01_yawning_normal_000145.jpg,S01,yawning,normal,normal,,1,0.29613,0.45352,0.51163,-25.602,-176.815,-178.531,142.24
S01/normal/yawning/S01_yawning_normal_000146.jpg,S01,yawning,normal,normal,,1,0.2837,0.45019,0.51626,-25.246,-176.001,-178.868,141.98
S01/normal/yawning/S01_yawning_normal_000147.jpg,S01,yawning,normal,normal,,1,0.279,0.45502,0.50275,-26.883,-177.04,-178.983,142.45
S01/normal/yawning/S01_yawning_normal_000148.jpg,S01,yawning,normal,normal,,1,0.2654,0.45055,0.50974,-23.079,-178.027,-178.178,141.87
S01/normal/yawning/S01_yawning_normal_000149.jpg,S01,yawning,normal,normal,,1,0.27614,0.45196,0.51372,-25.458,-178.138,-177.722,142.36
S02/glasses/attentive/S02_attentive_glasses_000000.jpg,S02,attentive,glasses,glasses,,1,0.3256,0.48117,0.42596,-26.917,-177.785,-171.664,142.07
S02/glasses/attentive/S02_attentive_glasses_000001.jpg,S02,attentive,glasses,glasses,,1,0.30493,0.48692,0.43426,-25.425,-178.117,-171.038,142.27
S02/glasses/attentive/S02_attentive_glasses_000002.jpg,S02,attentive,glasses,glasses,,1,0.31212,0.47656,0.43626,-26.369,-176.987,-172.447,142.3
S02/glasses/attentive/S02_attentive_glasses_000003.jpg,S02,attentive,glasses,glasses,,1,0.30308,0.45594,0.44361,-26.377,-177.515,-172.196,142.1
S02/glasses/attentive/S02_attentive_glasses_000004.jpg,S02,attentive,glasses,glasses,,1,0.31379,0.45902,0.43734,-26.227,-177.695,-171.407,142.19
S02/glasses/attentive/S02_attentive_glasses_000005.jpg,S02,attentive,glasses,glasses,,1,0.17843,0.46458,0.44215,-26.43,179.875,-171.08,142.33
S02/glasses/attentive/S02_attentive_glasses_000006.jpg,S02,attentive,glasses,glasses,,1,0.30239,0.45201,0.44355,-27.392,-177.108,-171.847,142.36
S02/glasses/attentive/S02_attentive_glasses_000007.jpg,S02,attentive,glasses,glasses,,1,0.28421,0.4515,0.44103,-26.161,-178.371,-171.567,142.43
S02/glasses/attentive/S02_attentive_glasses_000008.jpg,S02,attentive,glasses,glasses,,1,0.24477,0.45307,0.45495,-25.572,179.395,-170.934,142.52
S02/glasses/attentive/S02_attentive_glasses_000009.jpg,S02,attentive,glasses,glasses,,1,0.27591,0.47237,0.45675,-28.926,-177.577,-171.091,142.44
S02/glasses/attentive/S02_attentive_glasses_000010.jpg,S02,attentive,glasses,glasses,,1,0.28106,0.46808,0.46449,-25.052,-176.836,-172.335,142.78
S02/glasses/attentive/S02_attentive_glasses_000011.jpg,S02,attentive,glasses,glasses,,1,0.26171,0.45047,0.50219,-26.532,-179.111,-172.97,142.58
S02/glasses/attentive/S02_attentive_glasses_000012.jpg,S02,attentive,glasses,glasses,,1,0.26744,0.45235,0.51073,-26.895,177.806,-172.451,143.47
S02/glasses/attentive/S02_attentive_glasses_000013.jpg,S02,attentive,glasses,glasses,,1,0.25945,0.48753,0.4984,-27.361,177.203,-172.347,143.69
S02/glasses/attentive/S02_attentive_glasses_000014.jpg,S02,attentive,glasses,glasses,,1,0.23714,0.48493,0.51161,-27.214,177.274,-171.944,141.47
S02/glasses/attentive/S02_attentive_glasses_000015.jpg,S02,attentive,glasses,glasses,,1,0.24948,0.4623,0.51985,-25.035,177.024,-171.117,139.06
S02/glasses/attentive/S02_attentive_glasses_000016.jpg,S02,attentive,glasses,glasses,,1,0.21676,0.49871,0.50688,-26.895,177.146,-170.468,131.02
S02/glasses/attentive/S02_attentive_glasses_000017.jpg,S02,attentive,glasses,glasses,,1,0.25613,0.47478,0.51924,-26.506,171.136,-168.793,123.89
S02/glasses/attentive/S02_attentive_glasses_000018.jpg,S02,attentive,glasses,glasses,,1,0.25666,0.46475,0.49691,-28.007,171.583,-168.408,125.51
S02/glasses/attentive/S02_attentive_glasses_000019.jpg,S02,attentive,glasses,glasses,,1,0.22752,0.46057,0.50885,-28.698,172.711,-168.911,125.26
S02/glasses/attentive/S02_attentive_glasses_000020.jpg,S02,attentive,glasses,glasses,,1,0.19157,0.45184,0.51414,-26.617,172.278,-169.615,125.21
S02/glasses/attentive/S02_attentive_glasses_000021.jpg,S02,attentive,glasses,glasses,,1,0.24094,0.466,0.49004,-29.343,173.13,-168.994,125.92
S02/glasses/attentive/S02_attentive_glasses_000022.jpg,S02,attentive,glasses,glasses,,1,0.25374,0.4537,0.49459,-28.8,173.773,-169.791,125.92
S02/glasses/attentive/S02_attentive_glasses_000023.jpg,S02,attentive,glasses,glasses,,1,0.26414,0.47496,0.48319,-28.996,175.125,-169.464,126.32
S02/glasses/attentive/S02_attentive_glasses_000024.jpg,S02,attentive,glasses,glasses,,1,0.2717,0.47589,0.48553,-28.559,175.111,-170.084,126.89
S02/glasses/attentive/S02_attentive_glasses_000025.jpg,S02,attentive,glasses,glasses,,1,0.2648,0.45041,0.46541,-29.762,174.973,-170.87,127.85
S02/glasses/attentive/S02_attentive_glasses_000026.jpg,S02,attentive,glasses,glasses,,1,0.2655,0.45012,0.4702,-32.13,174.483,-170.684,128.08
S02/glasses/attentive/S02_attentive_glasses_000027.jpg,S02,attentive,glasses,glasses,,1,0.26115,0.47818,0.47891,-30.769,175.647,-171.338,128.25
S02/glasses/attentive/S02_attentive_glasses_000028.jpg,S02,attentive,glasses,glasses,,1,0.27279,0.46694,0.46628,-31.268,175.999,-171.347,128.53
S02/glasses/attentive/S02_attentive_glasses_000029.jpg,S02,attentive,glasses,glasses,,1,0.26965,0.45009,0.45912,-31.398,176.273,-170.959,129.02
S02/glasses/attentive/S02_attentive_glasses_000030.jpg,S02,attentive,glasses,glasses,,1,0.16399,0.45871,0.47412,-30.202,175.322,-170.445,128.97
S02/glasses/attentive/S02_attentive_glasses_000031.jpg,S02,attentive,glasses,glasses,,1,0.25148,0.52717,0.47289,-31.26,175.624,-170.396,128.96
S02/glasses/attentive/S02_attentive_glasses_000032.jpg,S02,attentive,glasses,glasses,,1,0.25722,0.50315,0.46874,-30.617,175.691,-170.88,129.4
S02/glasses/attentive/S02_attentive_glasses_000033.jpg,S02,attentive,glasses,glasses,,1,0.27173,0.48489,0.46605,-30.476,175.095,-171.242,129.17
S02/glasses/attentive/S02_attentive_glasses_000034.jpg,S02,attentive,glasses,glasses,,1,0.26316,0.54987,0.47961,-31.329,175.763,-171.261,129.16
S02/glasses/attentive/S02_attentive_glasses_000035.jpg,S02,attentive,glasses,glasses,,1,0.25629,0.4761,0.47127,-31.572,176.371,-171.467,129.14
S02/glasses/attentive/S02_attentive_glasses_000036.jpg,S02,attentive,glasses,glasses,,1,0.26843,0.49661,0.46979,-29.96,177.41,-171.433,129.11
S02/glasses/attentive/S02_attentive_glasses_000037.jpg,S02,attentive,glasses,glasses,,1,0.27685,0.5196,0.46655,-30.379,176.879,-171.1,129.62
S02/glasses/attentive/S02_attentive_glasses_000038.jpg,S02,attentive,glasses,glasses,,1,0.28234,0.45371,0.45537,-31.301,177.381,-171.143,130.03
S02/glasses/attentive/S02_attentive_glasses_000039.jpg,S02,attentive,glasses,glasses,,1,0.27691,0.46641,0.4573,-31.995,177.432,-171.287,130.38
S02/glasses/attentive/S02_attentive_glasses_000040.jpg,S02,attentive,glasses,glasses,,1,0.2873,0.47879,0.45926,-32.222,178.388,-171.394,130.43
S02/glasses/attentive/S02_attentive_glasses_000041.jpg,S02,attentive,glasses,glasses,,1,0.28559,0.47104,0.45399,-34.038,178.997,-171.707,130.73
S02/glasses/attentive/S02_attentive_glasses_000042.jpg,S02,attentive,glasses,glasses,,1,0.23011,0.45755,0.46622,-33.231,177.837,-170.673,130.98
S02/glasses/attentive/S02_attentive_glasses_000043.jpg,S02,attentive,glasses,glasses,,1,0.26566,0.45729,0.4605,-33.911,178.517,-171.059,131.37
S02/glasses/attentive/S02_attentive_glasses_000044.jpg,S02,attentive,glasses,glasses,,1,0.27979,0.45931,0.45324,-33.698,178.428,-170.691,131.39
S02/glasses/attentive/S02_attentive_glasses_000045.jpg,S02,attentive,glasses,glasses,,1,0.26706,0.46051,0.46122,-32.604,178.185,-171.203,131.35
S02/glasses/attentive/S02_attentive_glasses_000046.jpg,S02,attentive,glasses,glasses,,1,0.25723,0.46037,0.46009,-32.595,178.421,-170.754,131.2
S02/glasses/attentive/S02_attentive_glasses_000047.jpg,S02,attentive,glasses,glasses,,1,0.25783,0.45687,0.46409,-33.002,178.352,-170.279,130.77
S02/glasses/attentive/S02_attentive_glasses_000048.jpg,S02,attentive,glasses,glasses,,1,0.2679,0.46197,0.45688,-33.358,178.643,-170.556,130.61
S02/glasses/attentive/S02_attentive_glasses_000049.jpg,S02,attentive,glasses,glasses,,1,0.17418,0.45689,0.46666,-32.602,177.801,-171.134,130.8
S02/glasses/attentive/S02_attentive_glasses_000050.jpg,S02,attentive,glasses,glasses,,1,0.24363,0.45748,0.45297,-30.586,-179.581,-174.095,130.37
S02/glasses/attentive/S02_attentive_glasses_000051.jpg,S02,attentive,glasses,glasses,,1,0.28518,0.4611,0.44112,-29.764,-178.358,-175.663,130.96
S02/glasses/attentive/S02_attentive_glasses_000052.jpg,S02,attentive,glasses,glasses,,1,0.30631,0.45682,0.43823,-29.8,-177.214,-176.585,130.92
S02/glasses/attentive/S02_attentive_glasses_000053.jpg,S02,attentive,glasses,glasses,,1,0.31766,0.45577,0.44217,-29.459,-177.811,-175.865,130.87
S02/glasses/attentive/S02_attentive_glasses_000054.jpg,S02,attentive,glasses,glasses,,1,0.31888,0.45549,0.44049,-28.805,-179.488,-176.105,130.6
S02/glasses/attentive/S02_attentive_glasses_000055.jpg,S02,attentive,glasses,glasses,,1,0.33274,0.4504,0.44865,-28.832,-179.522,-176.224,130.56
S02/glasses/attentive/S02_attentive_glasses_000056.jpg,S02,attentive,glasses,glasses,,1,0.28273,0.45042,0.43827,-29.721,-178.978,-174.777,131.12
S02/glasses/attentive/S02_attentive_glasses_000057.jpg,S02,attentive,glasses,glasses,,1,0.24387,0.45053,0.44645,-28.554,178.134,-175.87,130.91
S02/glasses/attentive/S02_attentive_glasses_000058.jpg,S02,attentive,glasses,glasses,,1,0.31209,0.44677,0.44875,-18.517,-177.861,2.35,131.21
S02/glasses/attentive/S02_attentive_glasses_000059.jpg,S02,attentive,glasses,glasses,,1,0.29273,0.44684,0.44943,-16.763,-178.072,3.893,131.45
S02/glasses/attentive/S02_attentive_glasses_000060.jpg,S02,attentive,glasses,glasses,,1,0.29147,0.44319,0.44741,-18.31,-175.992,4.584,131.21
S02/glasses/attentive/S02_attentive_glasses_000061.jpg,S02,attentive,glasses,glasses,,1,0.31918,0.44834,0.44922,-25.856,-179.902,-175.148,131.43
S02/glasses/attentive/S02_attentive_glasses_000062.jpg,S02,attentive,glasses,glasses,,1,0.30923,0.44908,0.44287,-25.044,-179.998,-175.541,131.36
S02/glasses/attentive/S02_attentive_glasses_000063.jpg,S02,attentive,glasses,glasses,,1,0.22669,0.44783,0.45453,-25.478,178.911,-174.871,131.73
S02/glasses/attentive/S02_attentive_glasses_000064.jpg,S02,attentive,glasses,glasses,,1,0.30213,0.44808,0.44338,-25.958,-178.683,-175.48,131.62
S02/glasses/attentive/S02_attentive_glasses_000065.jpg,S02,attentive,glasses,glasses,,1,0.30232,0.44877,0.44417,-27.867,-179.532,-174.871,132.13
S02/glasses/attentive/S02_attentive_glasses_000066.jpg,S02,attentive,glasses,glasses,,1,0.29889,0.44887,0.44185,-26.17,-179.61,-174.763,131.92
S02/glasses/attentive/S02_attentive_glasses_000067.jpg,S02,attentive,glasses,glasses,,1,0.30865,0.45048,0.44003,-27.755,-179.174,-175.047,132.02
S02/glasses/attentive/S02_attentive_glasses_000068.jpg,S02,attentive,glasses,glasses,,1,0.3181,0.45064,0.43672,-26.594,179.95,-174.727,132.06
S02/glasses/attentive/S02_attentive_glasses_000069.jpg,S02,attentive,glasses,glasses,,1,0.30852,0.44972,0.4409,-27.252,179.674,-174.551,131.99
S02/glasses/attentive/S02_attentive_glasses_000070.jpg,S02,attentive,glasses,glasses,,1,0.31924,0.44872,0.43945,-28.171,179.936,-174.204,131.69
S02/glasses/attentive/S02_attentive_glasses_000071.jpg,S02,attentive,glasses,glasses,,1,0.31512,0.4497,0.43698,-28.189,-179.585,-174.566,131.48
S02/glasses/attentive/S02_attentive_glasses_000072.jpg,S02,attentive,glasses,glasses,,1,0.26057,0.44818,0.45354,-26.695,-179.877,-175.149,131.37
S02/glasses/attentive/S02_attentive_glasses_000073.jpg,S02,attentive,glasses,glasses,,1,0.28699,0.44947,0.44715,-28.046,-179.918,-174.435,131.35
S02/glasses/attentive/S02_attentive_glasses_000074.jpg,S02,attentive,glasses,glasses,,1,0.31287,0.44982,0.44255,-27.463,-179.1,-174.903,131.61
S02/glasses/attentive/S02_attentive_glasses_000075.jpg,S02,attentive,glasses,glasses,,1,0.32713,0.45216,0.44574,-28.227,-178.589,-174.963,130.98
S02/glasses/attentive/S02_attentive_glasses_000076.jpg,S02,attentive,glasses,glasses,,1,0.29586,0.44888,0.45191,-27.805,179.888,-174.552,130.69
S02/glasses/attentive/S02_attentive_glasses_000077.jpg,S02,attentive,glasses,glasses,,1,0.29738,0.44886,0.45526,-28.077,-178.637,-174.592,129.78
S02/glasses/attentive/S02_attentive_glasses_000078.jpg,S02,attentive,glasses,glasses,,1,0.30593,0.44863,0.4499,-28.052,179.555,-174.124,129.72
S02/glasses/attentive/S02_attentive_glasses_000079.jpg,S02,attentive,glasses,glasses,,1,0.32313,0.44621,0.45526,-28.634,179.554,-173.962,129.09
S02/glasses/attentive/S02_attentive_glasses_000080.jpg,S02,attentive,glasses,glasses,,1,0.30989,0.44625,0.46432,-28.576,179.595,-174.145,128.97
S02/glasses/attentive/S02_attentive_glasses_000081.jpg,S02,attentive,glasses,glasses,,1,0.30038,0.44753,0.45775,-28.011,179.674,-174.345,129.03
S02/glasses/attentive/S02_attentive_glasses_000082.jpg,S02,attentive,glasses,glasses,,1,0.30638,0.44902,0.46154,-28.455,179.205,-173.99,129.29
S02/glasses/attentive/S02_attentive_glasses_000083.jpg,S02,attentive,glasses,glasses,,1,0.30361,0.44864,0.45338,-28.128,178.193,-173.27,129.24
S02/glasses/attentive/S02_attentive_glasses_000084.jpg,S02,attentive,glasses,glasses,,1,0.28087,0.44831,0.4576,-28.518,178.488,-173.265,129.29
S02/glasses/attentive/S02_attentive_glasses_000085.jpg,S02,attentive,glasses,glasses,,1,0.30713,0.44862,0.45936,-27.779,178.86,-173.562,129.3
S02/glasses/attentive/S02_attentive_glasses_000086.jpg,S02,attentive,glasses,glasses,,1,0.29472,0.4487,0.46104,-28.525,178.822,-172.912,129.46
S02/glasses/attentive/S02_attentive_glasses_000087.jpg,S02,attentive,glasses,glasses,,1,0.21246,0.44753,0.46909,-28.051,177.577,-173.067,129.5
S02/glasses/attentive/S02_attentive_glasses_000088.jpg,S02,attentive,glasses,glasses,,1,0.26034,0.45269,0.46441,-29.082,178.61,-173.077,129.46
S02/glasses/attentive/S02_attentive_glasses_000089.jpg,S02,attentive,glasses,glasses,,1,0.28662,0.45165,0.46374,-28.564,179.02,-173.358,129.48
S02/glasses/attentive/S02_attentive_glasses_000090.jpg,S02,attentive,glasses,glasses,,1,0.2841,0.44978,0.45454,-28.179,179.869,-173.344,129.38
S02/glasses/attentive/S02_attentive_glasses_000091.jpg,S02,attentive,glasses,glasses,,1,0.27571,0.44851,0.46439,-28.861,-179.858,-172.866,129.28
S02/glasses/attentive/S02_attentive_glasses_000092.jpg,S02,attentive,glasses,glasses,,1,0.23784,0.44912,0.47578,-28.306,177.998,-172.984,129.42
S02/glasses/attentive/S02_attentive_glasses_000093.jpg,S02,attentive,glasses,glasses,,1,0.26811,0.44982,0.46151,-28.394,178.275,-172.733,129.39
S02/glasses/attentive/S02_attentive_glasses_000094.jpg,S02,attentive,glasses,glasses,,1,0.28077,0.45069,0.4598,-27.817,177.809,-173.416,129.38
S02/glasses/attentive/S02_attentive_glasses_000095.jpg,S02,attentive,glasses,glasses,,1,0.27469,0.44868,0.45962,-28.249,178.876,-172.763,129.33
S02/glasses/attentive/S02_attentive_glasses_000096.jpg,S02,attentive,glasses,glasses,,1,0.27843,0.44936,0.46118,-28.186,179.106,-173.122,129.4
S02/glasses/attentive/S02_attentive_glasses_000097.jpg,S02,attentive,glasses,glasses,,1,0.28173,0.45085,0.4661,-29.512,178.72,-172.604,129.52
S02/glasses/attentive/S02_attentive_glasses_000098.jpg,S02,attentive,glasses,glasses,,1,0.26862,0.44984,0.46911,-29.442,178.566,-173.438,129.84
S02/glasses/attentive/S02_attentive_glasses_000099.jpg,S02,attentive,glasses,glasses,,1,0.27663,0.44993,0.46968,-27.992,179.577,-173.183,129.88
S02/glasses/attentive/S02_attentive_glasses_000100.jpg,S02,attentive,glasses,glasses,,1,0.26735,0.44931,0.46272,-28.238,179.191,-172.379,129.59
S02/glasses/attentive/S02_attentive_glasses_000101.jpg,S02,attentive,glasses,glasses,,1,0.19814,0.44913,0.46766,-27.228,177.898,-172.752,129.52
S02/glasses/attentive/S02_attentive_glasses_000102.jpg,S02,attentive,glasses,glasses,,1,0.27441,0.44904,0.45959,-29.059,178.039,-172.414,129.66
S02/glasses/attentive/S02_attentive_glasses_000103.jpg,S02,attentive,glasses,glasses,,1,0.30233,0.45063,0.45517,-28.057,178.488,-173.438,129.72
S02/glasses/attentive/S02_attentive_glasses_000104.jpg,S02,attentive,glasses,glasses,,1,0.30329,0.45145,0.4584,-28.805,178.893,-173.351,129.71
S02/glasses/attentive/S02_attentive_glasses_000105.jpg,S02,attentive,glasses,glasses,,1,0.28863,0.44897,0.46349,-29.301,177.836,-173.26,129.75
S02/glasses/attentive/S02_attentive_glasses_000106.jpg,S02,attentive,glasses,glasses,,1,0.29729,0.4492,0.45918,-28.291,178.51,-174.003,129.65
S02/glasses/attentive/S02_attentive_glasses_000107.jpg,S02,attentive,glasses,glasses,,1,0.29834,0.45016,0.46224,-28.967,178.644,-174.093,129.65
S02/glasses/attentive/S02_attentive_glasses_000108.jpg,S02,attentive,glasses,glasses,,1,0.30893,0.45086,0.46101,-29.374,178.525,-173.8,129.74
S02/glasses/attentive/S02_attentive_glasses_000109.jpg,S02,attentive,glasses,glasses,,1,0.27849,0.45054,0.45863,-28.462,177.182,-173.595,129.92
S02/glasses/attentive/S02_attentive_glasses_000110.jpg,S02,attentive,glasses,glasses,,1,0.3,0.45159,0.45632,-29.231,179.185,-173.18,129.93
S02/glasses/attentive/S02_attentive_glasses_000111.jpg,S02,attentive,glasses,glasses,,1,0.29364,0.45022,0.45435,-28.27,178.976,-173.123,129.9
S02/glasses/attentive/S02_attentive_glasses_000112.jpg,S02,attentive,glasses,glasses,,1,0.29025,0.44877,0.45533,-29.082,178.446,-172.983,129.81
S02/glasses/attentive/S02_attentive_glasses_000113.jpg,S02,attentive,glasses,glasses,,1,0.27008,0.44977,0.46408,-28.205,178.591,-172.915,129.78
S02/glasses/attentive/S02_attentive_glasses_000114.jpg,S02,attentive,glasses,glasses,,1,0.18548,0.44833,0.46916,-25.948,177.026,-172.57,129.89
S02/glasses/attentive/S02_attentive_glasses_000115.jpg,S02,attentive,glasses,glasses,,1,0.2836,0.44996,0.44897,-28.642,177.249,-173.247,130.05
S02/glasses/attentive/S02_attentive_glasses_000116.jpg,S02,attentive,glasses,glasses,,1,0.28376,0.45107,0.43106,-28.137,177.945,-173.094,129.88
S02/glasses/attentive/S02_attentive_glasses_000117.jpg,S02,attentive,glasses,glasses,,1,0.27736,0.45103,0.44202,-28.082,177.919,-173.685,129.89
S02/glasses/attentive/S02_attentive_glasses_000118.jpg,S02,attentive,glasses,glasses,,1,0.27358,0.45127,0.43987,-28.173,177.821,-172.969,130.0
S02/glasses/attentive/S02_attentive_glasses_000119.jpg,S02,attentive,glasses,glasses,,1,0.27976,0.45042,0.44064,-26.982,177.941,-172.75,129.99
S02/glasses/attentive/S02_attentive_glasses_000120.jpg,S02,attentive,glasses,glasses,,1,0.29451,0.45035,0.45002,-27.278,177.201,-173.132,130.04
S02/glasses/attentive/S02_attentive_glasses_000121.jpg,S02,attentive,glasses,glasses,,1,0.30629,0.45061,0.44522,-29.694,178.144,-173.231,130.0
S02/glasses/attentive/S02_attentive_glasses_000122.jpg,S02,attentive,glasses,glasses,,1,0.3029,0.44874,0.45205,-28.442,177.887,-173.227,130.02
S02/glasses/attentive/S02_attentive_glasses_000123.jpg,S02,attentive,glasses,glasses,,1,0.27167,0.45108,0.45604,-28.025,176.726,-173.67,130.1
S02/glasses/attentive/S02_attentive_glasses_000124.jpg,S02,attentive,glasses,glasses,,1,0.27592,0.48687,0.46178,-30.844,179.216,-173.607,130.16
S02/glasses/attentive/S02_attentive_glasses_000125.jpg,S02,attentive,glasses,glasses,,1,0.27276,0.50913,0.46233,-31.226,179.209,-173.44,130.14
S02/glasses/attentive/S02_attentive_glasses_000126.jpg,S02,attentive,glasses,glasses,,1,0.28551,0.46046,0.45014,-31.776,179.921,-173.723,130.24
S02/glasses/attentive/S02_attentive_glasses_000127.jpg,S02,attentive,glasses,glasses,,1,0.28572,0.45575,0.45476,-31.246,-179.885,-173.379,130.26
S02/glasses/attentive/S02_attentive_glasses_000128.jpg,S02,attentive,glasses,glasses,,1,0.27775,0.45655,0.45502,-31.059,179.644,-173.118,130.36
S02/glasses/attentive/S02_attentive_glasses_000129.jpg,S02,attentive,glasses,glasses,,1,0.27642,0.45901,0.45004,-32.034,-179.184,-172.96,130.6
S02/glasses/attentive/S02_attentive_glasses_000130.jpg,S02,attentive,glasses,glasses,,1,0.26524,0.46195,0.44982,-31.29,-179.845,-172.427,130.63
S02/glasses/attentive/S02_attentive_glasses_000131.jpg,S02,attentive,glasses,glasses,,1,0.15791,0.46087,0.46719,-30.235,178.272,-171.873,130.63
S02/glasses/attentive/S02_attentive_glasses_000132.jpg,S02,attentive,glasses,glasses,,1,0.22944,0.46101,0.44507,-29.755,-179.134,-172.933,130.56
S02/glasses/attentive/S02_attentive_glasses_000133.jpg,S02,attentive,glasses,glasses,,1,0.28653,0.46168,0.42986,-30.388,-177.003,-174.028,130.22
S02/glasses/attentive/S02_attentive_glasses_000134.jpg,S02,attentive,glasses,glasses,,1,0.29899,0.45957,0.42485,-29.313,-177.319,-174.753,130.0
S02/glasses/attentive/S02_attentive_glasses_000135.jpg,S02,attentive,glasses,glasses,,1,0.29705,0.45779,0.42329,-28.421,-176.964,-174.244,130.0
S02/glasses/attentive/S02_attentive_glasses_000136.jpg,S02,attentive,glasses,glasses,,1,0.29697,0.46074,0.41906,-28.222,-177.09,-174.33,129.91
S02/glasses/attentive/S02_attentive_glasses_000137.jpg,S02,attentive,glasses,glasses,,1,0.31548,0.45842,0.42367,-27.815,-179.427,-174.563,130.05
S02/glasses/attentive/S02_attentive_glasses_000138.jpg,S02,attentive,glasses,glasses,,1,0.31923,0.45554,0.42508,-28.49,-179.565,-174.502,130.09
S02/glasses/attentive/S02_attentive_glasses_000139.jpg,S02,attentive,glasses,glasses,,1,0.33517,0.4566,0.42154,-28.023,-179.294,-174.327,130.19
S02/glasses/attentive/S02_attentive_glasses_000140.jpg,S02,attentive,glasses,glasses,,1,0.33123,0.4559,0.42408,-28.597,-179.129,-174.066,130.11
S02/glasses/attentive/S02_attentive_glasses_000141.jpg,S02,attentive,glasses,glasses,,1,0.335,0.45597,0.43281,-28.75,-178.974,-174.203,129.89
S02/glasses/attentive/S02_attentive_glasses_000142.jpg,S02,attentive,glasses,glasses,,1,0.32594,0.45594,0.43256,-29.281,-178.717,-174.605,129.91
S02/glasses/attentive/S02_attentive_glasses_000143.jpg,S02,attentive,glasses,glasses,,1,0.22408,0.45668,0.43251,-29.411,179.554,-173.883,129.89
S02/glasses/attentive/S02_attentive_glasses_000144.jpg,S02,attentive,glasses,glasses,,1,0.30367,0.45913,0.4381,-30.253,-178.971,-174.838,129.79
S02/glasses/attentive/S02_attentive_glasses_000145.jpg,S02,attentive,glasses,glasses,,1,0.30981,0.45617,0.43421,-30.3,179.608,-174.004,129.75
S02/glasses/attentive/S02_attentive_glasses_000146.jpg,S02,attentive,glasses,glasses,,1,0.29188,0.45659,0.42787,-29.022,179.863,-173.776,129.5
S02/glasses/attentive/S02_attentive_glasses_000147.jpg,S02,attentive,glasses,glasses,,1,0.29752,0.45351,0.44056,-28.775,-179.947,-174.019,129.62
S02/glasses/attentive/S02_attentive_glasses_000148.jpg,S02,attentive,glasses,glasses,,1,0.29581,0.45114,0.46062,-28.894,179.228,-174.201,129.86
S02/glasses/attentive/S02_attentive_glasses_000149.jpg,S02,attentive,glasses,glasses,,1,0.29223,0.44925,0.45779,-28.866,178.099,-173.912,129.91
S02/glasses/attentive/S02_attentive_glasses_000150.jpg,S02,attentive,glasses,glasses,,1,0.28993,0.44987,0.46344,-27.01,177.913,-174.23,130.66
S02/glasses/attentive/S02_attentive_glasses_000151.jpg,S02,attentive,glasses,glasses,,1,0.28842,0.45172,0.44983,-27.558,177.298,-174.957,134.54
S02/glasses/attentive/S02_attentive_glasses_000152.jpg,S02,attentive,glasses,glasses,,1,0.30631,0.4509,0.46571,-27.29,177.09,-175.995,136.92
S02/glasses/attentive/S02_attentive_glasses_000153.jpg,S02,attentive,glasses,glasses,,1,0.29841,0.45116,0.46265,-27.226,178.716,-176.381,136.32
S02/glasses/attentive/S02_attentive_glasses_000154.jpg,S02,attentive,glasses,glasses,,1,0.30402,0.45277,0.47536,-25.95,178.654,-175.496,136.7
S02/glasses/attentive/S02_attentive_glasses_000155.jpg,S02,attentive,glasses,glasses,,1,0.22325,0.4519,0.46732,-24.904,179.048,-174.066,136.93
S02/glasses/attentive/S02_attentive_glasses_000156.jpg,S02,attentive,glasses,glasses,,1,0.30676,0.45071,0.4566,-26.925,-179.128,-175.126,136.58
S02/glasses/attentive/S02_attentive_glasses_000157.jpg,S02,attentive,glasses,glasses,,1,0.29616,0.45049,0.4585,-25.38,-179.282,-174.443,136.67
S02/glasses/attentive/S02_attentive_glasses_000158.jpg,S02,attentive,glasses,glasses,,1,0.29543,0.45045,0.46906,-26.363,-179.847,-173.479,136.12
S02/glasses/attentive/S02_attentive_glasses_000159.jpg,S02,attentive,glasses,glasses,,1,0.2802,0.44986,0.48203,-23.389,-178.279,-173.968,136.33
S02/glasses/attentive/S02_attentive_glasses_000160.jpg,S02,attentive,glasses,glasses,,1,0.28981,0.45099,0.4664,-25.45,179.816,-172.8,133.97
S02/glasses/attentive/S02_attentive_glasses_000161.jpg,S02,attentive,glasses,glasses,,1,0.22136,0.45156,0.47655,-25.7,179.501,-173.631,129.09
S02/glasses/attentive/S02_attentive_glasses_000162.jpg,S02,attentive,glasses,glasses,,1,0.29055,0.44882,0.44426,-26.57,-177.997,-172.881,127.95
S02/glasses/attentive/S02_attentive_glasses_000163.jpg,S02,attentive,glasses,glasses,,1,0.30194,0.45144,0.44609,-26.163,-179.699,-167.895,128.41
S02/glasses/attentive/S02_attentive_glasses_000164.jpg,S02,attentive,glasses,glasses,,1,0.28859,0.45103,0.43852,-25.746,-178.557,-166.483,129.18
S02/glasses/attentive/S02_attentive_glasses_000165.jpg,S02,attentive,glasses,glasses,,1,0.24939,0.45146,0.44868,-22.05,176.546,-163.706,129.33
S02/glasses/attentive/S02_attentive_glasses_000166.jpg,S02,attentive,glasses,glasses,,1,0.29677,0.4489,0.46407,-24.073,178.605,-164.79,131.09
S02/glasses/attentive/S02_attentive_glasses_000167.jpg,S02,attentive,glasses,glasses,,1,0.29192,0.44826,0.4608,-23.107,-179.968,-165.091,131.5
S02/glasses/attentive/S02_attentive_glasses_000168.jpg,S02,attentive,glasses,glasses,,1,0.28858,0.4501,0.46288,-24.119,179.71,-165.045,132.08
S02/glasses/attentive/S02_attentive_glasses_000169.jpg,S02,attentive,glasses,glasses,,1,0.30181,0.44952,0.46263,-25.923,179.032,-165.454,132.26
S02/glasses/attentive/S02_attentive_glasses_000170.jpg,S02,attentive,glasses,glasses,,1,0.28598,0.45174,0.46256,-24.746,-179.78,-165.394,132.32
S02/glasses/attentive/S02_attentive_glasses_000171.jpg,S02,attentive,glasses,glasses,,1,0.22133,0.44916,0.47914,-22.794,177.218,-166.031,132.42
S02/glasses/attentive/S02_attentive_glasses_000172.jpg,S02,attentive,glasses,glasses,,1,0.27673,0.45024,0.47547,-26.414,-178.484,-167.862,132.44
S02/glasses/attentive/S02_attentive_glasses_000173.jpg,S02,attentive,glasses,glasses,,1,0.2518,0.45035,0.47853,-24.966,-178.525,-168.0,130.93
S02/glasses/attentive/S02_attentive_glasses_000174.jpg,S02,attentive,glasses,glasses,,1,0.2711,0.45274,0.46899,-25.92,-179.237,-167.966,132.6
S02/glasses/attentive/S02_attentive_glasses_000175.jpg,S02,attentive,glasses,glasses,,1,0.27299,0.44924,0.47054,-24.989,-179.055,-168.076,133.8
S02/glasses/attentive/S02_attentive_glasses_000176.jpg,S02,attentive,glasses,glasses,,1,0.23172,0.44818,0.48071,-24.271,179.399,-168.437,134.08
S02/glasses/attentive/S02_attentive_glasses_000177.jpg,S02,attentive,glasses,glasses,,1,0.26691,0.4498,0.47218,-25.313,-177.828,-168.917,133.98
S02/glasses/attentive/S02_attentive_glasses_000178.jpg,S02,attentive,glasses,glasses,,1,0.27302,0.45015,0.46829,-25.296,179.123,-169.162,133.93
S02/glasses/attentive/S02_attentive_glasses_000179.jpg,S02,attentive,glasses,glasses,,1,0.21676,0.449,0.48842,-24.048,179.444,-169.164,133.61
S02/glasses/attentive/S02_attentive_glasses_000180.jpg,S02,attentive,glasses,glasses,,1,0.25239,0.44811,0.47684,-25.078,-179.984,-170.151,136.48
S02/glasses/attentive/S02_attentive_glasses_000181.jpg,S02,attentive,glasses,glasses,,1,0.26649,0.45034,0.47772,-25.858,-178.917,-170.025,136.63
S02/glasses/attentive/S02_attentive_glasses_000182.jpg,S02,attentive,glasses,glasses,,1,0.26554,0.45131,0.4958,-27.221,-179.789,-169.781,136.8
S02/glasses/attentive/S02_attentive_glasses_000183.jpg,S02,attentive,glasses,glasses,,1,0.23943,0.44792,0.50805,-26.437,176.497,-169.423,137.61
S02/glasses/attentive/S02_attentive_glasses_000184.jpg,S02,attentive,glasses,glasses,,1,0.26258,0.45257,0.49327,-28.56,177.186,-171.584,136.1
S02/glasses/attentive/S02_attentive_glasses_000185.jpg,S02,attentive,glasses,glasses,,1,0.26976,0.52972,0.49051,-28.298,-179.227,-172.536,136.59
S02/glasses/attentive/S02_attentive_glasses_000186.jpg,S02,attentive,glasses,glasses,,1,0.27896,0.45533,0.46442,-29.421,179.077,-173.181,135.4
S02/glasses/attentive/S02_attentive_glasses_000187.jpg,S02,attentive,glasses,glasses,,1,0.28314,0.4535,0.47256,-28.826,178.31,-173.067,133.01
S02/glasses/attentive/S02_attentive_glasses_000188.jpg,S02,attentive,glasses,glasses,,1,0.20483,0.53838,0.46779,-32.839,177.643,-172.834,131.39
S02/glasses/attentive/S02_attentive_glasses_000189.jpg,S02,attentive,glasses,glasses,,1,0.26553,0.6257,0.48446,-34.555,177.667,-172.21,129.48
S02/glasses/attentive/S02_attentive_glasses_000190.jpg,S02,attentive,glasses,glasses,,1,0.27614,0.53561,0.47277,-32.35,175.209,-171.336,128.9
S02/glasses/attentive/S02_attentive_glasses_000191.jpg,S02,attentive,glasses,glasses,,1,0.27423,0.44912,0.4662,-30.981,175.625,-171.868,129.19
S02/glasses/attentive/S02_attentive_glasses_000192.jpg,S02,attentive,glasses,glasses,,1,0.2655,0.5275,0.46453,-30.862,176.549,-172.335,129.47
S02/glasses/attentive/S02_attentive_glasses_000193.jpg,S02,attentive,glasses,glasses,,1,0.28121,0.46335,0.46794,-30.589,176.11,-171.235,130.41
S02/glasses/attentive/S02_attentive_glasses_000194.jpg,S02,attentive,glasses,glasses,,1,0.26126,0.47535,0.49791,-31.022,174.432,-169.115,131.3
S02/glasses/attentive/S02_attentive_glasses_000195.jpg,S02,attentive,glasses,glasses,,1,0.27041,0.47048,0.47269,-31.235,174.834,-169.818,131.31
S02/glasses/attentive/S02_attentive_glasses_000196.jpg,S02,attentive,glasses,glasses,,1,0.28738,0.50563,0.45803,-30.358,176.135,-170.645,131.43
S02/glasses/attentive/S02_attentive_glasses_000197.jpg,S02,attentive,glasses,glasses,,1,0.17347,0.44933,0.46559,-30.74,175.903,-171.453,131.67
S02/glasses/attentive/S02_attentive_glasses_000198.jpg,S02,attentive,glasses,glasses,,1,0.23278,0.52076,0.47054,-32.447,176.649,-170.998,131.77
S02/glasses/attentive/S02_attentive_glasses_000199.jpg,S02,attentive,glasses,glasses,,1,0.25882,0.54878,0.46318,-30.294,176.207,-171.352,131.69
S02/glasses/attentive/S02_attentive_glasses_000200.jpg,S02,attentive,glasses,glasses,,1,0.27009,0.55725,0.46368,-29.974,177.163,-171.846,131.37
S02/glasses/attentive/S02_attentive_glasses_000201.jpg,S02,attentive,glasses,glasses,,1,0.25409,0.58208,0.47017,-32.983,176.176,-171.444,131.46
S02/glasses/attentive/S02_attentive_glasses_000202.jpg,S02,attentive,glasses,glasses,,1,0.20937,0.58622,0.47344,-31.417,175.017,-171.073,130.87
S02/glasses/attentive/S02_attentive_glasses_000203.jpg,S02,attentive,glasses,glasses,,1,0.23628,0.49147,0.46232,-30.135,175.964,-170.75,131.72
S02/glasses/attentive/S02_attentive_glasses_000204.jpg,S02,attentive,glasses,glasses,,1,0.25577,0.45507,0.46137,-30.88,177.261,-170.633,131.97
S02/glasses/attentive/S02_attentive_glasses_000205.jpg,S02,attentive,glasses,glasses,,1,0.26806,0.50612,0.46242,-31.031,178.511,-171.724,132.01
S02/glasses/attentive/S02_attentive_glasses_000206.jpg,S02,attentive,glasses,glasses,,1,0.22202,0.53752,0.46789,-29.196,175.703,-169.878,132.22
S02/glasses/attentive/S02_attentive_glasses_000207.jpg,S02,attentive,glasses,glasses,,1,0.24974,0.51252,0.46029,-29.16,177.874,-171.538,132.59
S02/glasses/attentive/S02_attentive_glasses_000208.jpg,S02,attentive,glasses,glasses,,1,0.27363,0.45704,0.45429,-29.42,178.494,-171.535,132.49
S02/glasses/attentive/S02_attentive_glasses_000209.jpg,S02,attentive,glasses,glasses,,1,0.28752,0.45396,0.46109,-29.669,178.025,-171.242,132.43
S02/glasses/attentive/S02_attentive_glasses_000210.jpg,S02,attentive,glasses,glasses,,1,0.28171,0.47525,0.4578,-30.716,177.311,-170.981,132.86
S02/glasses/attentive/S02_attentive_glasses_000211.jpg,S02,attentive,glasses,glasses,,1,0.25479,0.47003,0.46702,-29.854,176.869,-171.166,133.15
S02/glasses/attentive/S02_attentive_glasses_000212.jpg,S02,attentive,glasses,glasses,,1,0.25325,0.44941,0.4687,-30.08,177.913,-170.649,133.78
S02/glasses/attentive/S02_attentive_glasses_000213.jpg,S02,attentive,glasses,glasses,,1,0.26954,0.45012,0.46701,-29.552,177.064,-171.265,133.67
S02/glasses/attentive/S02_attentive_glasses_000214.jpg,S02,attentive,glasses,glasses,,1,0.25892,0.45411,0.45665,-29.622,178.137,-171.383,133.77
S02/glasses/attentive/S02_attentive_glasses_000215.jpg,S02,attentive,glasses,glasses,,1,0.26432,0.44955,0.45853,-29.94,178.177,-171.455,133.61
S02/glasses/attentive/S02_attentive_glasses_000216.jpg,S02,attentive,glasses,glasses,,1,0.25812,0.45261,0.46005,-29.379,177.802,-171.272,133.53
S02/glasses/attentive/S02_attentive_glasses_000217.jpg,S02,attentive,glasses,glasses,,1,0.25353,0.45031,0.45774,-28.94,178.095,-171.479,133.74
S02/glasses/attentive/S02_attentive_glasses_000218.jpg,S02,attentive,glasses,glasses,,1,0.27395,0.45194,0.45976,-28.687,178.226,-172.103,133.52
S02/glasses/attentive/S02_attentive_glasses_000219.jpg,S02,attentive,glasses,glasses,,1,0.285,0.45085,0.4486,-29.281,177.723,-171.149,133.14
S02/glasses/attentive/S02_attentive_glasses_000220.jpg,S02,attentive,glasses,glasses,,1,0.28138,0.45182,0.44982,-29.243,178.608,-171.592,133.56
S02/glasses/attentive/S02_attentive_glasses_000221.jpg,S02,attentive,glasses,glasses,,1,0.21559,0.45021,0.46959,-26.749,175.923,-170.784,133.23
S02/glasses/attentive/S02_attentive_glasses_000222.jpg,S02,attentive,glasses,glasses,,1,0.25869,0.45049,0.45569,-26.624,179.028,-171.2,133.3
S02/glasses/attentive/S02_attentive_glasses_000223.jpg,S02,attentive,glasses,glasses,,1,0.27612,0.45047,0.45941,-28.241,179.412,-171.351,133.73
S02/glasses/attentive/S02_attentive_glasses_000224.jpg,S02,attentive,glasses,glasses,,1,0.28692,0.45031,0.46799,-25.99,179.726,-171.649,133.42
S02/glasses/attentive/S02_attentive_glasses_000225.jpg,S02,attentive,glasses,glasses,,1,0.23713,0.44928,0.4813,-27.515,179.645,-170.444,133.69
S02/glasses/attentive/S02_attentive_glasses_000226.jpg,S02,attentive,glasses,glasses,,1,0.24203,0.44895,0.4642,-26.885,-178.603,-171.143,134.28
S02/glasses/attentive/S02_attentive_glasses_000227.jpg,S02,attentive,glasses,glasses,,1,0.28863,0.4493,0.46255,-27.033,-179.926,-170.043,133.82
S02/glasses/attentive/S02_attentive_glasses_000228.jpg,S02,attentive,glasses,glasses,,1,0.20548,0.44972,0.47695,-25.887,179.091,-170.618,134.05
S02/glasses/attentive/S02_attentive_glasses_000229.jpg,S02,attentive,glasses,glasses,,1,0.25834,0.44811,0.46881,-27.269,-179.252,-170.516,133.98
S02/glasses/attentive/S02_attentive_glasses_000230.jpg,S02,attentive,glasses,glasses,,1,0.27314,0.44868,0.46074,-28.511,179.505,-170.198,134.06
S02/glasses/attentive/S02_attentive_glasses_000231.jpg,S02,attentive,glasses,glasses,,1,0.21156,0.44923,0.47019,-27.075,179.631,-170.817,134.24
S02/glasses/attentive/S02_attentive_glasses_000232.jpg,S02,attentive,glasses,glasses,,1,0.24934,0.44985,0.48291,-24.43,-179.786,-170.56,133.73
S02/glasses/attentive/S02_attentive_glasses_000233.jpg,S02,attentive,glasses,glasses,,1,0.26162,0.45034,0.46126,-25.899,179.067,-170.452,134.22
S02/glasses/attentive/S02_attentive_glasses_000234.jpg,S02,attentive,glasses,glasses,,1,0.27269,0.4497,0.46594,-24.612,179.979,-170.55,133.95
S02/glasses/attentive/S02_attentive_glasses_000235.jpg,S02,attentive,glasses,glasses,,1,0.27673,0.45164,0.46298,-25.552,179.721,-170.747,133.94
S02/glasses/attentive/S02_attentive_glasses_000236.jpg,S02,attentive,glasses,glasses,,1,0.26741,0.44866,0.46824,-24.37,179.765,-171.108,134.07
S02/glasses/attentive/S02_attentive_glasses_000237.jpg,S02,attentive,glasses,glasses,,1,0.26848,0.44802,0.46758,-26.337,178.753,-170.475,133.86
S02/glasses/attentive/S02_attentive_glasses_000238.jpg,S02,attentive,glasses,glasses,,1,0.27015,0.44876,0.46957,-28.948,177.704,-170.122,134.04
S02/glasses/attentive/S02_attentive_glasses_000239.jpg,S02,attentive,glasses,glasses,,1,0.27891,0.44964,0.46695,-27.884,178.754,-170.53,134.19
S02/glasses/attentive/S02_attentive_glasses_000240.jpg,S02,attentive,glasses,glasses,,1,0.2673,0.44875,0.46508,-28.66,179.368,-170.639,134.23
S02/glasses/attentive/S02_attentive_glasses_000241.jpg,S02,attentive,glasses,glasses,,1,0.26946,0.44859,0.46262,-27.396,178.493,-170.565,134.21
S02/glasses/attentive/S02_attentive_glasses_000242.jpg,S02,attentive,glasses,glasses,,1,0.27025,0.45056,0.46212,-26.6,177.984,-170.509,134.45
S02/glasses/attentive/S02_attentive_glasses_000243.jpg,S02,attentive,glasses,glasses,,1,0.27281,0.45027,0.45579,-27.089,178.727,-170.633,134.42
S02/glasses/attentive/S02_attentive_glasses_000244.jpg,S02,attentive,glasses,glasses,,1,0.2639,0.44919,0.45873,-28.007,179.199,-170.965,134.27
S02/glasses/attentive/S02_attentive_glasses_000245.jpg,S02,attentive,glasses,glasses,,1,0.27212,0.44987,0.46062,-29.229,179.27,-170.419,134.15
S02/glasses/attentive/S02_attentive_glasses_000246.jpg,S02,attentive,glasses,glasses,,1,0.28686,0.44979,0.46531,-28.1,-179.319,-170.508,134.16
S02/glasses/attentive/S02_attentive_glasses_000247.jpg,S02,attentive,glasses,glasses,,1,0.26854,0.44956,0.46311,-29.086,179.705,-170.914,134.21
S02/glasses/attentive/S02_attentive_glasses_000248.jpg,S02,attentive,glasses,glasses,,1,0.27867,0.4494,0.45659,-28.24,179.183,-170.781,134.28
S02/glasses/attentive/S02_attentive_glasses_000249.jpg,S02,attentive,glasses,glasses,,1,0.27459,0.44891,0.46096,-27.178,179.841,-171.135,134.43
S02/glasses/attentive/S02_attentive_glasses_000250.jpg,S02,attentive,glasses,glasses,,1,0.20479,0.44881,0.46972,-24.846,178.419,-171.69,134.46
S02/glasses/attentive/S02_attentive_glasses_000251.jpg,S02,attentive,glasses,glasses,,1,0.25973,0.44782,0.46769,-26.715,179.639,-171.123,134.22
S02/glasses/attentive/S02_attentive_glasses_000252.jpg,S02,attentive,glasses,glasses,,1,0.26787,0.45018,0.45688,-26.982,179.44,-171.219,134.48
S02/glasses/attentive/S02_attentive_glasses_000253.jpg,S02,attentive,glasses,glasses,,1,0.28292,0.44953,0.45861,-27.522,-179.936,-171.582,134.21
S02/glasses/attentive/S02_attentive_glasses_000254.jpg,S02,attentive,glasses,glasses,,1,0.28694,0.4497,0.46333,-26.578,-179.192,-171.331,134.32
S02/glasses/attentive/S02_attentive_glasses_000255.jpg,S02,attentive,glasses,glasses,,1,0.29325,0.44898,0.45805,-27.819,-179.969,-171.202,134.37
S02/glasses/attentive/S02_attentive_glasses_000256.jpg,S02,attentive,glasses,glasses,,1,0.2846,0.44796,0.45754,-27.433,179.581,-170.536,134.4
S02/glasses/attentive/S02_attentive_glasses_000257.jpg,S02,attentive,glasses,glasses,,1,0.25642,0.4477,0.4537,-27.779,179.378,-170.551,134.53
S02/glasses/attentive/S02_attentive_glasses_000258.jpg,S02,attentive,glasses,glasses,,1,0.25259,0.44848,0.46243,-26.454,178.388,-170.779,134.69
S02/glasses/attentive/S02_attentive_glasses_000259.jpg,S02,attentive,glasses,glasses,,1,0.26124,0.44867,0.4575,-26.644,179.429,-170.886,134.82
S02/glasses/attentive/S02_attentive_glasses_000260.jpg,S02,attentive,glasses,glasses,,1,0.28196,0.44883,0.45404,-28.435,179.662,-170.722,134.96
S02/glasses/attentive/S02_attentive_glasses_000261.jpg,S02,attentive,glasses,glasses,,1,0.28328,0.44906,0.45828,-26.591,-179.667,-170.642,135.03
S02/glasses/attentive/S02_attentive_glasses_000262.jpg,S02,attentive,glasses,glasses,,1,0.28781,0.44802,0.45617,-27.581,-179.961,-170.289,135.21
S02/glasses/attentive/S02_attentive_glasses_000263.jpg,S02,attentive,glasses,glasses,,1,0.28324,0.44928,0.45596,-28.037,179.53,-170.591,135.03
S02/glasses/attentive/S02_attentive_glasses_000264.jpg,S02,attentive,glasses,glasses,,1,0.28332,0.44825,0.45405,-28.732,178.595,-170.129,135.1
S02/glasses/attentive/S02_attentive_glasses_000265.jpg,S02,attentive,glasses,glasses,,1,0.27733,0.44926,0.45341,-27.857,177.356,-169.839,135.16
S02/glasses/attentive/S02_attentive_glasses_000266.jpg,S02,attentive,glasses,glasses,,1,0.28066,0.44948,0.45316,-26.923,179.051,-170.63,135.23
S02/glasses/attentive/S02_attentive_glasses_000267.jpg,S02,attentive,glasses,glasses,,1,0.28612,0.44856,0.45227,-27.398,178.672,-170.219,135.24
S02/glasses/attentive/S02_attentive_glasses_000268.jpg,S02,attentive,glasses,glasses,,1,0.27533,0.45024,0.46008,-28.234,178.896,-170.092,135.42
S02/glasses/attentive/S02_attentive_glasses_000269.jpg,S02,attentive,glasses,glasses,,1,0.27551,0.44966,0.4542,-28.317,178.95,-170.426,135.57
S02/glasses/attentive/S02_attentive_glasses_000270.jpg,S02,attentive,glasses,glasses,,1,0.27674,0.44818,0.4522,-28.008,179.108,-170.427,135.56
S02/glasses/attentive/S02_attentive_glasses_000271.jpg,S02,attentive,glasses,glasses,,1,0.27355,0.44755,0.46352,-28.944,179.511,-170.343,135.87
S02/glasses/attentive/S02_attentive_glasses_000272.jpg,S02,attentive,glasses,glasses,,1,0.27154,0.44888,0.46195,-27.932,179.242,-170.525,133.41
S02/glasses/attentive/S02_attentive_glasses_000273.jpg,S02,attentive,glasses,glasses,,1,0.27749,0.44906,0.45272,-28.625,177.988,-170.034,137.31
S02/glasses/attentive/S02_attentive_glasses_000274.jpg,S02,attentive,glasses,glasses,,1,0.27928,0.44824,0.45472,-27.382,178.589,-170.182,136.57
S02/glasses/attentive/S02_attentive_glasses_000275.jpg,S02,attentive,glasses,glasses,,1,0.22638,0.44879,0.46805,-24.78,179.247,-170.623,136.29
S02/glasses/attentive/S02_attentive_glasses_000276.jpg,S02,attentive,glasses,glasses,,1,0.24938,0.44973,0.46038,-27.79,178.595,-169.945,136.35
S02/glasses/attentive/S02_attentive_glasses_000277.jpg,S02,attentive,glasses,glasses,,1,0.26436,0.45118,0.45858,-28.868,179.31,-170.681,136.38
S02/glasses/attentive/S02_attentive_glasses_000278.jpg,S02,attentive,glasses,glasses,,1,0.26575,0.44863,0.45614,-28.638,178.463,-169.924,136.38
S02/glasses/attentive/S02_attentive_glasses_000279.jpg,S02,attentive,glasses,glasses,,1,0.25287,0.44959,0.45748,-28.781,179.96,-170.649,136.38
S02/glasses/attentive/S02_attentive_glasses_000280.jpg,S02,attentive,glasses,glasses,,1,0.2711,0.44878,0.45855,-28.158,179.213,-170.439,136.47
S02/glasses/attentive/S02_attentive_glasses_000281.jpg,S02,attentive,glasses,glasses,,1,0.25125,0.44827,0.4612,-27.972,179.586,-170.465,136.54
S02/glasses/attentive/S02_attentive_glasses_000282.jpg,S02,attentive,glasses,glasses,,1,0.26613,0.44836,0.45842,-28.479,178.624,-170.395,136.41
S02/glasses/attentive/S02_attentive_glasses_000283.jpg,S02,attentive,glasses,glasses,,1,0.27602,0.44766,0.4553,-28.911,178.198,-170.049,136.43
S02/glasses/attentive/S02_attentive_glasses_000284.jpg,S02,attentive,glasses,glasses,,1,0.27332,0.44961,0.45631,-28.513,178.847,-169.84,136.49
S02/glasses/attentive/S02_attentive_glasses_000285.jpg,S02,attentive,glasses,glasses,,1,0.27175,0.44891,0.45587,-28.639,179.274,-170.052,136.52
S02/glasses/attentive/S02_attentive_glasses_000286.jpg,S02,attentive,glasses,glasses,,1,0.24212,0.44923,0.45781,-28.263,179.042,-170.548,136.52
S02/glasses/attentive/S02_attentive_glasses_000287.jpg,S02,attentive,glasses,glasses,,1,0.23113,0.4482,0.4658,-26.605,178.171,-169.889,136.6
S02/glasses/attentive/S02_attentive_glasses_000288.jpg,S02,attentive,glasses,glasses,,1,0.26596,0.44797,0.45559,-28.591,179.036,-170.254,136.7
S02/glasses/attentive/S02_attentive_glasses_000289.jpg,S02,attentive,glasses,glasses,,1,0.28898,0.45001,0.44936,-29.416,179.393,-171.052,136.79
S02/glasses/attentive/S02_attentive_glasses_000290.jpg,S02,attentive,glasses,glasses,,1,0.29484,0.44855,0.45283,-28.025,179.496,-170.734,136.63
S02/glasses/attentive/S02_attentive_glasses_000291.jpg,S02,attentive,glasses,glasses,,1,0.26863,0.44904,0.45944,-27.996,178.505,-170.202,136.66
S02/glasses/attentive/S02_attentive_glasses_000292.jpg,S02,attentive,glasses,glasses,,1,0.27708,0.44854,0.45351,-28.208,179.179,-170.176,136.8
S02/glasses/attentive/S02_attentive_glasses_000293.jpg,S02,attentive,glasses,glasses,,1,0.26787,0.44768,0.45878,-27.443,179.174,-170.439,136.83
S02/glasses/attentive/S02_attentive_glasses_000294.jpg,S02,attentive,glasses,glasses,,1,0.26976,0.4488,0.46169,-28.354,179.734,-170.402,136.8
S02/glasses/attentive/S02_attentive_glasses_000295.jpg,S02,attentive,glasses,glasses,,1,0.25391,0.44793,0.46156,-27.531,-179.788,-170.892,136.83
S02/glasses/attentive/S02_attentive_glasses_000296.jpg,S02,attentive,glasses,glasses,,1,0.26583,0.4476,0.4648,-28.732,179.293,-170.229,136.79
S02/glasses/attentive/S02_attentive_glasses_000297.jpg,S02,attentive,glasses,glasses,,1,0.26965,0.44783,0.46604,-28.568,178.535,-170.371,136.76
S02/glasses/attentive/S02_attentive_glasses_000298.jpg,S02,attentive,glasses,glasses,,1,0.25936,0.44762,0.46256,-28.15,178.733,-170.619,136.87
S02/glasses/attentive/S02_attentive_glasses_000299.jpg,S02,attentive,glasses,glasses,,1,0.26326,0.44774,0.46319,-27.612,178.316,-171.441,136.94
S02/glasses/attentive/S02_attentive_glasses_000300.jpg,S02,attentive,glasses,glasses,,1,0.28159,0.44944,0.45756,-28.393,179.125,-172.372,137.01
S02/glasses/attentive/S02_attentive_glasses_000301.jpg,S02,attentive,glasses,glasses,,1,0.26756,0.44797,0.45582,-27.351,178.609,-173.699,137.06
S02/glasses/attentive/S02_attentive_glasses_000302.jpg,S02,attentive,glasses,glasses,,1,0.27046,0.44819,0.46294,-28.575,177.963,-173.785,136.86
S02/glasses/attentive/S02_attentive_glasses_000303.jpg,S02,attentive,glasses,glasses,,1,0.28045,0.45049,0.45798,-29.33,179.882,-174.29,136.9
S02/glasses/attentive/S02_attentive_glasses_000304.jpg,S02,attentive,glasses,glasses,,1,0.30226,0.44968,0.45593,-28.492,178.966,-173.923,136.76
S02/glasses/attentive/S02_attentive_glasses_000305.jpg,S02,attentive,glasses,glasses,,1,0.20864,0.44879,0.46635,-25.584,178.097,-174.103,136.77
S02/glasses/attentive/S02_attentive_glasses_000306.jpg,S02,attentive,glasses,glasses,,1,0.28724,0.45037,0.45766,-28.486,-179.421,-174.077,136.77
S02/glasses/attentive/S02_attentive_glasses_000307.jpg,S02,attentive,glasses,glasses,,1,0.27877,0.44947,0.46019,-27.43,-178.896,-173.973,136.67
S02/glasses/attentive/S02_attentive_glasses_000308.jpg,S02,attentive,glasses,glasses,,1,0.29361,0.44974,0.45635,-29.173,-178.279,-174.665,136.93
S02/glasses/attentive/S02_attentive_glasses_000309.jpg,S02,attentive,glasses,glasses,,1,0.25596,0.44931,0.46498,-27.441,-179.454,-174.357,137.01
S02/glasses/attentive/S02_attentive_glasses_000310.jpg,S02,attentive,glasses,glasses,,1,0.28059,0.44981,0.4623,-27.306,-179.617,-174.63,137.45
S02/glasses/attentive/S02_attentive_glasses_000311.jpg,S02,attentive,glasses,glasses,,1,0.30446,0.45049,0.45383,-28.802,-178.509,-175.062,137.5
S02/glasses/attentive/S02_attentive_glasses_000312.jpg,S02,attentive,glasses,glasses,,1,0.27521,0.44992,0.45997,-28.997,179.617,-174.132,137.52
S02/glasses/attentive/S02_attentive_glasses_000313.jpg,S02,attentive,glasses,glasses,,1,0.28645,0.45101,0.44692,-29.32,-178.499,-174.849,137.4
S02/glasses/attentive/S02_attentive_glasses_000314.jpg,S02,attentive,glasses,glasses,,1,0.23012,0.45297,0.45807,-27.661,179.656,-174.452,137.7
S02/glasses/attentive/S02_attentive_glasses_000315.jpg,S02,attentive,glasses,glasses,,1,0.30361,0.45306,0.44735,-29.296,-179.091,-175.621,137.37
S02/glasses/attentive/S02_attentive_glasses_000316.jpg,S02,attentive,glasses,glasses,,1,0.3278,0.45262,0.45574,-29.179,179.245,-175.44,137.37
S02/glasses/attentive/S02_attentive_glasses_000317.jpg,S02,attentive,glasses,glasses,,1,0.20281,0.45454,0.45902,-27.278,177.889,-175.638,137.17
S02/glasses/attentive/S02_attentive_glasses_000318.jpg,S02,attentive,glasses,glasses,,1,0.2808,0.45098,0.45739,-27.997,179.492,-175.415,137.66
S02/glasses/attentive/S02_attentive_glasses_000319.jpg,S02,attentive,glasses,glasses,,1,0.32322,0.45603,0.45246,-29.266,179.821,-175.303,137.41
S02/glasses/attentive/S02_attentive_glasses_000320.jpg,S02,attentive,glasses,glasses,,1,0.32679,0.45451,0.45208,-27.977,-179.874,-174.557,137.54
S02/glasses/attentive/S02_attentive_glasses_000321.jpg,S02,attentive,glasses,glasses,,1,0.28946,0.45266,0.45453,-27.827,-179.877,-175.125,137.55
S02/glasses/attentive/S02_attentive_glasses_000322.jpg,S02,attentive,glasses,glasses,,1,0.28316,0.45136,0.45781,-27.966,-179.559,-175.427,137.36
S02/glasses/attentive/S02_attentive_glasses_000323.jpg,S02,attentive,glasses,glasses,,1,0.32483,0.45223,0.45941,-28.671,179.539,-174.39,137.44
S02/glasses/attentive/S02_attentive_glasses_000324.jpg,S02,attentive,glasses,glasses,,1,0.27594,0.4514,0.4543,-28.233,-179.455,-174.861,137.66
S02/glasses/attentive/S02_attentive_glasses_000325.jpg,S02,attentive,glasses,glasses,,1,0.28181,0.4506,0.45477,-29.672,-178.816,-174.668,137.93
S02/glasses/attentive/S02_attentive_glasses_000326.jpg,S02,attentive,glasses,glasses,,1,0.32503,0.44989,0.45316,-29.161,-177.649,-174.219,137.72
S02/glasses/attentive/S02_attentive_glasses_000327.jpg,S02,attentive,glasses,glasses,,1,0.33197,0.45028,0.4555,-29.217,-179.303,-173.869,137.55
S02/glasses/attentive/S02_attentive_glasses_000328.jpg,S02,attentive,glasses,glasses,,1,0.33293,0.44979,0.45075,-28.557,-179.748,-173.407,137.22
S02/glasses/attentive/S02_attentive_glasses_000329.jpg,S02,attentive,glasses,glasses,,1,0.28028,0.44855,0.45435,-29.432,-179.137,-174.192,137.42
S02/glasses/attentive/S02_attentive_glasses_000330.jpg,S02,attentive,glasses,glasses,,1,0.32104,0.45054,0.44409,-29.864,-179.999,-172.979,137.59
S02/glasses/attentive/S02_attentive_glasses_000331.jpg,S02,attentive,glasses,glasses,,1,0.31314,0.45198,0.44632,-28.662,179.998,-173.351,137.27
S02/glasses/attentive/S02_attentive_glasses_000332.jpg,S02,attentive,glasses,glasses,,1,0.31971,0.45227,0.44844,-29.332,-179.837,-173.273,137.39
S02/glasses/attentive/S02_attentive_glasses_000333.jpg,S02,attentive,glasses,glasses,,1,0.23093,0.4505,0.46021,-28.715,179.966,-174.094,137.37
S02/glasses/attentive/S02_attentive_glasses_000334.jpg,S02,attentive,glasses,glasses,,1,0.30309,0.44954,0.45168,-27.84,-178.11,-174.021,137.58
S02/glasses/attentive/S02_attentive_glasses_000335.jpg,S02,attentive,glasses,glasses,,1,0.31019,0.44998,0.45067,-27.501,-179.72,-172.722,137.12
S02/glasses/attentive/S02_attentive_glasses_000336.jpg,S02,attentive,glasses,glasses,,1,0.30964,0.45115,0.44737,-28.892,179.837,-172.803,137.54
S02/glasses/attentive/S02_attentive_glasses_000337.jpg,S02,attentive,glasses,glasses,,1,0.31751,0.44955,0.4542,-28.279,-179.803,-172.668,137.43
S02/glasses/attentive/S02_attentive_glasses_000338.jpg,S02,attentive,glasses,glasses,,1,0.26081,0.44916,0.46698,-26.859,179.637,-172.538,137.43
S02/glasses/attentive/S02_attentive_glasses_000339.jpg,S02,attentive,glasses,glasses,,1,0.25062,0.44975,0.46657,-26.229,-179.184,-173.711,137.37
S02/glasses/attentive/S02_attentive_glasses_000340.jpg,S02,attentive,glasses,glasses,,1,0.30841,0.44963,0.4569,-29.397,-179.548,-172.6,137.54
S02/glasses/attentive/S02_attentive_glasses_000341.jpg,S02,attentive,glasses,glasses,,1,0.29996,0.45017,0.45526,-28.872,-179.291,-173.385,137.45
S02/glasses/attentive/S02_attentive_glasses_000342.jpg,S02,attentive,glasses,glasses,,1,0.30487,0.44824,0.45296,-28.707,-179.9,-172.638,137.35
S02/glasses/attentive/S02_attentive_glasses_000343.jpg,S02,attentive,glasses,glasses,,1,0.30488,0.45101,0.45597,-28.956,-179.514,-173.259,137.34
S02/glasses/attentive/S02_attentive_glasses_000344.jpg,S02,attentive,glasses,glasses,,1,0.32959,0.44778,0.45053,-29.274,-179.742,-172.765,137.35
S02/glasses/attentive/S02_attentive_glasses_000345.jpg,S02,attentive,glasses,glasses,,1,0.30592,0.44824,0.45756,-29.175,179.888,-172.556,137.54
S02/glasses/attentive/S02_attentive_glasses_000346.jpg,S02,attentive,glasses,glasses,,1,0.29649,0.44987,0.45304,-29.16,178.539,-172.415,137.59
S02/glasses/attentive/S02_attentive_glasses_000347.jpg,S02,attentive,glasses,glasses,,1,0.32144,0.4504,0.45902,-29.291,179.749,-172.968,137.8
S02/glasses/attentive/S02_attentive_glasses_000348.jpg,S02,attentive,glasses,glasses,,1,0.29697,0.44957,0.46182,-29.022,179.627,-172.53,137.71
S02/glasses/attentive/S02_attentive_glasses_000349.jpg,S02,attentive,glasses,glasses,,1,0.31531,0.44904,0.46482,-28.979,179.593,-172.344,137.66
S02/glasses/attentive/S02_attentive_glasses_000350.jpg,S02,attentive,glasses,glasses,,1,0.27963,0.45186,0.45462,-28.899,178.641,-171.549,137.43
S02/glasses/attentive/S02_attentive_glasses_000351.jpg,S02,attentive,glasses,glasses,,1,0.27266,0.44913,0.45774,-29.044,-179.657,-172.075,137.36
S02/glasses/attentive/S02_attentive_glasses_000352.jpg,S02,attentive,glasses,glasses,,1,0.28762,0.44784,0.46023,-28.743,179.942,-172.46,137.41
S02/glasses/attentive/S02_attentive_glasses_000353.jpg,S02,attentive,glasses,glasses,,1,0.21026,0.44799,0.4654,-27.599,178.76,-172.072,137.58
S02/glasses/attentive/S02_attentive_glasses_000354.jpg,S02,attentive,glasses,glasses,,1,0.29696,0.45015,0.45547,-29.24,-179.145,-172.641,137.69
S02/glasses/attentive/S02_attentive_glasses_000355.jpg,S02,attentive,glasses,glasses,,1,0.29404,0.44848,0.4515,-27.567,-179.697,-172.903,137.71
S02/glasses/attentive/S02_attentive_glasses_000356.jpg,S02,attentive,glasses,glasses,,1,0.30036,0.44915,0.45235,-28.406,-179.7,-172.918,137.66
S02/glasses/attentive/S02_attentive_glasses_000357.jpg,S02,attentive,glasses,glasses,,1,0.22165,0.44768,0.47093,-26.563,-179.982,-172.92,137.64
S02/glasses/attentive/S02_attentive_glasses_000358.jpg,S02,attentive,glasses,glasses,,1,0.28127,0.44715,0.46967,-27.611,-179.639,-173.559,137.91
S02/glasses/attentive/S02_attentive_glasses_000359.jpg,S02,attentive,glasses,glasses,,1,0.30488,0.47638,0.45897,-28.463,-179.684,-173.132,137.59
S02/glasses/attentive/S02_attentive_glasses_000360.jpg,S02,attentive,glasses,glasses,,1,0.28748,0.44958,0.46413,-27.617,179.61,-172.412,137.71
S02/glasses/attentive/S02_attentive_glasses_000361.jpg,S02,attentive,glasses,glasses,,1,0.27571,0.45033,0.45487,-26.61,179.57,-172.552,137.86
S02/glasses/attentive/S02_attentive_glasses_000362.jpg,S02,attentive,glasses,glasses,,1,0.29093,0.45154,0.44109,-27.22,179.433,-172.579,137.73
S02/glasses/attentive/S02_attentive_glasses_000363.jpg,S02,attentive,glasses,glasses,,1,0.30335,0.4502,0.44214,-27.42,-179.26,-172.582,137.78
S02/glasses/attentive/S02_attentive_glasses_000364.jpg,S02,attentive,glasses,glasses,,1,0.30405,0.45107,0.44165,-27.553,179.756,-172.885,137.71
S02/glasses/attentive/S02_attentive_glasses_000365.jpg,S02,attentive,glasses,glasses,,1,0.27081,0.45018,0.45268,-26.953,179.263,-172.485,137.33
S02/glasses/attentive/S02_attentive_glasses_000366.jpg,S02,attentive,glasses,glasses,,1,0.31482,0.46648,0.43774,-29.534,-178.494,-173.697,137.1
S02/glasses/attentive/S02_attentive_glasses_000367.jpg,S02,attentive,glasses,glasses,,1,0.34049,0.45767,0.43324,-29.445,-177.43,-175.146,137.07
S02/glasses/attentive/S02_attentive_glasses_000368.jpg,S02,attentive,glasses,glasses,,1,0.3238,0.45317,0.42646,-28.957,-177.936,-175.427,136.91
S02/glasses/attentive/S02_attentive_glasses_000369.jpg,S02,attentive,glasses,glasses,,1,0.20973,0.45175,0.42298,-28.753,179.844,-173.712,136.72
S02/glasses/attentive/S02_attentive_glasses_000370.jpg,S02,attentive,glasses,glasses,,1,0.29045,0.51644,0.4152,-29.648,-178.658,-174.709,136.67
S02/glasses/attentive/S02_attentive_glasses_000371.jpg,S02,attentive,glasses,glasses,,1,0.28116,0.48311,0.41429,-30.752,-177.41,-175.39,136.2
S02/glasses/attentive/S02_attentive_glasses_000372.jpg,S02,attentive,glasses,glasses,,1,0.30981,0.45255,0.4172,-29.274,-177.554,-175.773,136.38
S02/glasses/attentive/S02_attentive_glasses_000373.jpg,S02,attentive,glasses,glasses,,1,0.29211,0.45212,0.42352,-27.884,-178.571,-175.068,136.58
S02/glasses/attentive/S02_attentive_glasses_000374.jpg,S02,attentive,glasses,glasses,,1,0.35341,0.45355,0.44416,-28.496,-179.78,-174.563,137.35
S02/glasses/attentive/S02_attentive_glasses_000375.jpg,S02,attentive,glasses,glasses,,1,0.24214,0.45154,0.45402,-24.42,175.759,-173.715,137.68
S02/glasses/attentive/S02_attentive_glasses_000376.jpg,S02,attentive,glasses,glasses,,1,0.3155,0.45167,0.44659,-24.475,177.733,-173.925,137.78
S02/glasses/attentive/S02_attentive_glasses_000377.jpg,S02,attentive,glasses,glasses,,1,0.32162,0.45435,0.43466,-24.013,179.929,-174.382,137.92
S02/glasses/attentive/S02_attentive_glasses_000378.jpg,S02,attentive,glasses,glasses,,1,0.32246,0.45455,0.44043,-22.633,-178.779,-175.078,138.03
S02/glasses/attentive/S02_attentive_glasses_000379.jpg,S02,attentive,glasses,glasses,,1,0.32782,0.45395,0.4399,-22.477,-178.337,-175.438,138.09
S02/glasses/attentive/S02_attentive_glasses_000380.jpg,S02,attentive,glasses,glasses,,1,0.35994,0.45179,0.44076,-23.095,-178.617,-175.47,138.07
S02/glasses/attentive/S02_attentive_glasses_000381.jpg,S02,attentive,glasses,glasses,,1,0.31783,0.45257,0.43412,-23.465,-179.374,-174.957,138.0
S02/glasses/attentive/S02_attentive_glasses_000382.jpg,S02,attentive,glasses,glasses,,1,0.31493,0.45117,0.44209,-23.215,179.322,-174.118,137.76
S02/glasses/attentive/S02_attentive_glasses_000383.jpg,S02,attentive,glasses,glasses,,1,0.31237,0.45163,0.42942,-24.145,179.911,-174.196,137.72
S02/glasses/attentive/S02_attentive_glasses_000384.jpg,S02,attentive,glasses,glasses,,1,0.29156,0.45148,0.42841,-23.502,179.89,-174.018,137.65
S02/glasses/attentive/S02_attentive_glasses_000385.jpg,S02,attentive,glasses,glasses,,1,0.312,0.45106,0.44942,-25.64,-179.634,-173.783,137.79
S02/glasses/attentive/S02_attentive_glasses_000386.jpg,S02,attentive,glasses,glasses,,1,0.30847,0.45067,0.44726,-24.445,-179.788,-173.052,137.64
S02/glasses/attentive/S02_attentive_glasses_000387.jpg,S02,attentive,glasses,glasses,,1,0.31293,0.44947,0.45611,-25.986,-179.7,-173.853,137.75
S02/glasses/attentive/S02_attentive_glasses_000388.jpg,S02,attentive,glasses,glasses,,1,0.3018,0.44787,0.45089,-25.207,179.25,-173.596,137.97
S02/glasses/attentive/S02_attentive_glasses_000389.jpg,S02,attentive,glasses,glasses,,1,0.31044,0.45875,0.45216,-25.262,-179.731,-174.115,137.91
S02/glasses/attentive/S02_attentive_glasses_000390.jpg,S02,attentive,glasses,glasses,,1,0.30935,0.5214,0.45687,-26.887,-178.832,-174.2,137.9
S02/glasses/attentive/S02_attentive_glasses_000391.jpg,S02,attentive,glasses,glasses,,1,0.2956,0.4631,0.45771,-27.012,-178.926,-174.975,138.06
S02/glasses/attentive/S02_attentive_glasses_000392.jpg,S02,attentive,glasses,glasses,,1,0.30738,0.4533,0.45666,-25.893,-179.351,-174.842,137.89
S02/glasses/attentive/S02_attentive_glasses_000393.jpg,S02,attentive,glasses,glasses,,1,0.26018,0.47091,0.45945,-25.22,178.031,-173.532,138.16
S02/glasses/attentive/S02_attentive_glasses_000394.jpg,S02,attentive,glasses,glasses,,1,0.31494,0.46526,0.45393,-28.1,-179.035,-174.501,138.23
S02/glasses/attentive/S02_attentive_glasses_000395.jpg,S02,attentive,glasses,glasses,,1,0.30062,0.46311,0.44825,-27.116,-177.188,-174.413,138.3
S02/glasses/attentive/S02_attentive_glasses_000396.jpg,S02,attentive,glasses,glasses,,1,0.32232,0.45764,0.45015,-27.563,-176.934,-174.923,138.4
S02/glasses/attentive/S02_attentive_glasses_000397.jpg,S02,attentive,glasses,glasses,,1,0.31529,0.45852,0.44954,-27.525,-177.265,-174.898,138.64
S02/glasses/attentive/S02_attentive_glasses_000398.jpg,S02,attentive,glasses,glasses,,1,0.32808,0.45737,0.44617,-27.662,-176.929,-174.939,138.3
S02/glasses/attentive/S02_attentive_glasses_000399.jpg,S02,attentive,glasses,glasses,,1,0.30269,0.45717,0.4466,-27.901,-177.739,-174.839,138.63
S02/glasses/attentive/S02_attentive_glasses_000400.jpg,S02,attentive,glasses,glasses,,1,0.31192,0.45807,0.45024,-27.443,-177.905,-175.031,138.25
S02/glasses/attentive/S02_attentive_glasses_000401.jpg,S02,attentive,glasses,glasses,,1,0.32903,0.45776,0.44753,-27.166,-177.835,-174.355,138.34
S02/glasses/attentive/S02_attentive_glasses_000402.jpg,S02,attentive,glasses,glasses,,1,0.31133,0.45821,0.44853,-28.339,-178.452,-174.689,138.68
S02/glasses/attentive/S02_attentive_glasses_000403.jpg,S02,attentive,glasses,glasses,,1,0.28497,0.45589,0.44443,-29.325,-178.024,-174.93,140.06
S02/glasses/attentive/S02_attentive_glasses_000404.jpg,S02,attentive,glasses,glasses,,1,0.15454,0.45851,0.44999,-27.109,-178.349,-173.884,143.26
S02/glasses/attentive/S02_attentive_glasses_000405.jpg,S02,attentive,glasses,glasses,,1,0.26388,0.46372,0.46219,-27.762,-179.085,-174.298,141.87
S02/glasses/attentive/S02_attentive_glasses_000406.jpg,S02,attentive,glasses,glasses,,1,0.21791,0.45564,0.44683,-28.216,-179.943,-173.975,142.92
S02/glasses/drowsy/S02_drowsy_glasses_000000.jpg,S02,drowsy,glasses,glasses,,1,0.25405,0.46687,0.44435,-25.555,-178.645,-172.73,142.52
S02/glasses/drowsy/S02_drowsy_glasses_000001.jpg,S02,drowsy,glasses,glasses,,1,0.30459,0.45179,0.43872,-27.187,-178.76,-172.525,142.52
S02/glasses/drowsy/S02_drowsy_glasses_000002.jpg,S02,drowsy,glasses,glasses,,1,0.30568,0.449,0.44802,-26.836,-178.363,-172.762,142.73
S02/glasses/drowsy/S02_drowsy_glasses_000003.jpg,S02,drowsy,glasses,glasses,,1,0.30513,0.45223,0.44224,-26.546,-179.036,-172.894,142.63
S02/glasses/drowsy/S02_drowsy_glasses_000004.jpg,S02,drowsy,glasses,glasses,,1,0.29655,0.45106,0.44652,-26.099,-178.798,-172.693,142.87
S02/glasses/drowsy/S02_drowsy_glasses_000005.jpg,S02,drowsy,glasses,glasses,,1,0.25996,0.45127,0.44847,-23.993,178.902,-171.637,142.35
S02/glasses/drowsy/S02_drowsy_glasses_000006.jpg,S02,drowsy,glasses,glasses,,1,0.19387,0.45238,0.43681,-23.499,178.164,-172.088,142.79
S02/glasses/drowsy/S02_drowsy_glasses_000007.jpg,S02,drowsy,glasses,glasses,,1,0.21791,0.45173,0.43807,-23.22,179.004,-172.545,142.88
S02/glasses/drowsy/S02_drowsy_glasses_000008.jpg,S02,drowsy,glasses,glasses,,1,0.22155,0.4525,0.44223,-23.541,178.15,-172.226,143.0
S02/glasses/drowsy/S02_drowsy_glasses_000009.jpg,S02,drowsy,glasses,glasses,,1,0.21712,0.45204,0.43346,-22.321,179.015,-171.821,142.96
S02/glasses/drowsy/S02_drowsy_glasses_000010.jpg,S02,drowsy,glasses,glasses,,1,0.21394,0.453,0.43844,-22.317,178.867,-172.238,142.71
S02/glasses/drowsy/S02_drowsy_glasses_000011.jpg,S02,drowsy,glasses,glasses,,1,0.24563,0.4517,0.43362,-23.468,178.453,-172.308,142.49
S02/glasses/drowsy/S02_drowsy_glasses_000012.jpg,S02,drowsy,glasses,glasses,,1,0.23641,0.45203,0.42911,-23.549,178.212,-172.323,142.35
S02/glasses/drowsy/S02_drowsy_glasses_000013.jpg,S02,drowsy,glasses,glasses,,1,0.21996,0.45141,0.44064,-24.197,178.309,-172.477,141.96
S02/glasses/drowsy/S02_drowsy_glasses_000014.jpg,S02,drowsy,glasses,glasses,,1,0.22465,0.45021,0.43434,-23.032,178.604,-172.878,141.61
S02/glasses/drowsy/S02_drowsy_glasses_000015.jpg,S02,drowsy,glasses,glasses,,1,0.22296,0.45067,0.43572,-23.609,177.892,-172.533,141.74
S02/glasses/drowsy/S02_drowsy_glasses_000016.jpg,S02,drowsy,glasses,glasses,,1,0.22557,0.45011,0.44174,-23.148,178.439,-172.096,141.54
S02/glasses/drowsy/S02_drowsy_glasses_000017.jpg,S02,drowsy,glasses,glasses,,1,0.1589,0.45056,0.42681,-22.512,177.205,-171.535,141.89
S02/glasses/drowsy/S02_drowsy_glasses_000018.jpg,S02,drowsy,glasses,glasses,,1,0.19596,0.45212,0.43027,-20.451,178.825,-171.862,142.07
S02/glasses/drowsy/S02_drowsy_glasses_000019.jpg,S02,drowsy,glasses,glasses,,1,0.20193,0.4532,0.42486,-21.613,178.457,-172.195,141.97
S02/glasses/drowsy/S02_drowsy_glasses_000020.jpg,S02,drowsy,glasses,glasses,,1,0.18855,0.45185,0.43155,-22.494,177.784,-172.069,142.17
S02/glasses/drowsy/S02_drowsy_glasses_000021.jpg,S02,drowsy,glasses,glasses,,1,0.2168,0.45221,0.42748,-23.411,178.84,-172.523,142.2
S02/glasses/drowsy/S02_drowsy_glasses_000022.jpg,S02,drowsy,glasses,glasses,,1,0.19613,0.45157,0.43326,-22.017,178.472,-172.264,142.29
S02/glasses/drowsy/S02_drowsy_glasses_000023.jpg,S02,drowsy,glasses,glasses,,1,0.1929,0.45149,0.43227,-22.854,177.905,-172.335,142.35
S02/glasses/drowsy/S02_drowsy_glasses_000024.jpg,S02,drowsy,glasses,glasses,,1,0.2218,0.45347,0.42911,-22.326,178.444,-172.138,142.71
S02/glasses/drowsy/S02_drowsy_glasses_000025.jpg,S02,drowsy,glasses,glasses,,1,0.18291,0.45093,0.43325,-21.198,177.376,-171.891,142.91
S02/glasses/drowsy/S02_drowsy_glasses_000026.jpg,S02,drowsy,glasses,glasses,,1,0.23935,0.45174,0.43298,-21.1,178.23,-172.548,142.53
S02/glasses/drowsy/S02_drowsy_glasses_000027.jpg,S02,drowsy,glasses,glasses,,1,0.25064,0.4512,0.43878,-23.149,-179.75,-173.166,142.52
S02/glasses/drowsy/S02_drowsy_glasses_000028.jpg,S02,drowsy,glasses,glasses,,1,0.29438,0.45034,0.4328,-23.693,-179.612,-173.068,142.22
S02/glasses/drowsy/S02_drowsy_glasses_000029.jpg,S02,drowsy,glasses,glasses,,1,0.3102,0.44936,0.44755,-22.709,179.841,-172.865,142.43
S02/glasses/drowsy/S02_drowsy_glasses_000030.jpg,S02,drowsy,glasses,glasses,,1,0.29884,0.45035,0.45277,-25.821,178.753,-171.49,142.32
S02/glasses/drowsy/S02_drowsy_glasses_000031.jpg,S02,drowsy,glasses,glasses,,1,0.31213,0.44959,0.44519,-25.506,-179.954,-172.164,142.57
S02/glasses/drowsy/S02_drowsy_glasses_000032.jpg,S02,drowsy,glasses,glasses,,1,0.26091,0.44991,0.44791,-23.162,178.205,-172.088,142.76
S02/glasses/drowsy/S02_drowsy_glasses_000033.jpg,S02,drowsy,glasses,glasses,,1,0.21648,0.45105,0.45047,-24.349,178.26,-171.962,142.58
S02/glasses/drowsy/S02_drowsy_glasses_000034.jpg,S02,drowsy,glasses,glasses,,1,0.20224,0.45097,0.44209,-23.662,177.154,-171.633,142.51
S02/glasses/drowsy/S02_drowsy_glasses_000035.jpg,S02,drowsy,glasses,glasses,,1,0.234,0.45253,0.4345,-23.817,177.795,-171.847,142.54
S02/glasses/drowsy/S02_drowsy_glasses_000036.jpg,S02,drowsy,glasses,glasses,,1,0.23189,0.45063,0.43523,-23.49,177.975,-172.129,142.49
S02/glasses/drowsy/S02_drowsy_glasses_000037.jpg,S02,drowsy,glasses,glasses,,1,0.2307,0.45205,0.43614,-22.884,177.677,-171.906,142.44
S02/glasses/drowsy/S02_drowsy_glasses_000038.jpg,S02,drowsy,glasses,glasses,,1,0.18177,0.45082,0.43384,-23.122,177.674,-171.29,142.44
S02/glasses/drowsy/S02_drowsy_glasses_000039.jpg,S02,drowsy,glasses,glasses,,1,0.21648,0.45152,0.43548,-23.286,177.829,-171.987,142.61
S02/glasses/drowsy/S02_drowsy_glasses_000040.jpg,S02,drowsy,glasses,glasses,,1,0.2133,0.45109,0.43711,-22.933,177.562,-172.091,142.54
S02/glasses/drowsy/S02_drowsy_glasses_000041.jpg,S02,drowsy,glasses,glasses,,1,0.22682,0.45213,0.43831,-21.312,177.627,-172.112,142.56
S02/glasses/drowsy/S02_drowsy_glasses_000042.jpg,S02,drowsy,glasses,glasses,,1,0.18338,0.45234,0.43294,-22.402,177.911,-172.094,142.8
S02/glasses/drowsy/S02_drowsy_glasses_000043.jpg,S02,drowsy,glasses,glasses,,1,0.21033,0.4517,0.43326,-22.226,177.631,-172.341,142.61
S02/glasses/drowsy/S02_drowsy_glasses_000044.jpg,S02,drowsy,glasses,glasses,,1,0.18854,0.45043,0.4381,-22.16,178.708,-172.38,142.61
S02/glasses/drowsy/S02_drowsy_glasses_000045.jpg,S02,drowsy,glasses,glasses,,1,0.22458,0.45172,0.44626,-21.735,179.111,-173.079,142.41
S02/glasses/drowsy/S02_drowsy_glasses_000046.jpg,S02,drowsy,glasses,glasses,,1,0.20106,0.45123,0.43924,-23.118,178.58,-172.514,142.61
S02/glasses/drowsy/S02_drowsy_glasses_000047.jpg,S02,drowsy,glasses,glasses,,1,0.20004,0.45063,0.44814,-23.805,179.439,-172.915,142.59
S02/glasses/drowsy/S02_drowsy_glasses_000048.jpg,S02,drowsy,glasses,glasses,,1,0.21156,0.45297,0.45551,-22.489,179.075,-172.923,142.65
S02/glasses/drowsy/S02_drowsy_glasses_000049.jpg,S02,drowsy,glasses,glasses,,1,0.23824,0.45049,0.45104,-21.409,178.689,-172.688,142.56
S02/glasses/drowsy/S02_drowsy_glasses_000050.jpg,S02,drowsy,glasses,glasses,,1,0.24123,0.45339,0.4489,-22.056,178.594,-172.307,142.19
S02/glasses/drowsy/S02_drowsy_glasses_000051.jpg,S02,drowsy,glasses,glasses,,1,0.23308,0.45091,0.43596,-22.595,178.634,-172.167,142.41
S02/glasses/drowsy/S02_drowsy_glasses_000052.jpg,S02,drowsy,glasses,glasses,,1,0.23169,0.4525,0.44208,-21.747,177.532,-172.437,142.22
S02/glasses/drowsy/S02_drowsy_glasses_000053.jpg,S02,drowsy,glasses,glasses,,1,0.20133,0.45293,0.44098,-21.593,177.86,-171.048,142.0
S02/glasses/drowsy/S02_drowsy_glasses_000054.jpg,S02,drowsy,glasses,glasses,,1,0.21185,0.45341,0.44648,-20.959,177.347,-171.583,141.55
S02/glasses/drowsy/S02_drowsy_glasses_000055.jpg,S02,drowsy,glasses,glasses,,1,0.22301,0.45237,0.45377,-22.167,178.944,-172.248,141.47
S02/glasses/drowsy/S02_drowsy_glasses_000056.jpg,S02,drowsy,glasses,glasses,,1,0.24638,0.45044,0.46073,-24.758,-179.893,-172.198,135.58
S02/glasses/drowsy/S02_drowsy_glasses_000057.jpg,S02,drowsy,glasses,glasses,,1,0.32416,0.45051,0.47219,-21.181,-179.694,-170.959,135.67
S02/glasses/drowsy/S02_drowsy_glasses_000058.jpg,S02,drowsy,glasses,glasses,,1,0.30608,0.45095,0.46549,-20.618,177.042,-167.81,137.17
S02/glasses/drowsy/S02_drowsy_glasses_000059.jpg,S02,drowsy,glasses,glasses,,1,0.28943,0.45022,0.47194,-19.354,177.801,-169.149,137.5
S02/glasses/drowsy/S02_drowsy_glasses_000060.jpg,S02,drowsy,glasses,glasses,,1,0.27134,0.45001,0.46153,-19.741,177.827,-168.641,137.7
S02/glasses/drowsy/S02_drowsy_glasses_000061.jpg,S02,drowsy,glasses,glasses,,1,0.30487,0.45071,0.46684,-20.567,178.875,-170.071,137.58
S02/glasses/drowsy/S02_drowsy_glasses_000062.jpg,S02,drowsy,glasses,glasses,,1,0.30328,0.45081,0.45864,-20.731,178.451,-169.74,137.76
S02/glasses/drowsy/S02_drowsy_glasses_000063.jpg,S02,drowsy,glasses,glasses,,1,0.23891,0.44935,0.46083,-19.75,177.745,-170.53,137.41
S02/glasses/drowsy/S02_drowsy_glasses_000064.jpg,S02,drowsy,glasses,glasses,,1,0.29243,0.4498,0.44772,-20.508,179.732,-170.777,137.28
S02/glasses/drowsy/S02_drowsy_glasses_000065.jpg,S02,drowsy,glasses,glasses,,1,0.31025,0.45191,0.44685,-19.579,-178.939,-171.585,137.33
S02/glasses/drowsy/S02_drowsy_glasses_000066.jpg,S02,drowsy,glasses,glasses,,1,0.31688,0.45004,0.4462,-19.05,-179.241,-171.466,137.25
S02/glasses/drowsy/S02_drowsy_glasses_000067.jpg,S02,drowsy,glasses,glasses,,1,0.3114,0.45102,0.45459,-19.028,-179.717,-171.122,137.45
S02/glasses/drowsy/S02_drowsy_glasses_000068.jpg,S02,drowsy,glasses,glasses,,1,0.27983,0.4503,0.46118,-19.635,177.836,-170.486,137.34
S02/glasses/drowsy/S02_drowsy_glasses_000069.jpg,S02,drowsy,glasses,glasses,,1,0.21606,0.44941,0.45982,-17.734,175.49,-170.401,137.92
S02/glasses/drowsy/S02_drowsy_glasses_000070.jpg,S02,drowsy,glasses,glasses,,1,0.19818,0.44977,0.46311,-19.699,175.977,-170.297,136.94
S02/glasses/drowsy/S02_drowsy_glasses_000071.jpg,S02,drowsy,glasses,glasses,,1,0.2161,0.45182,0.45536,-18.021,175.984,-169.746,137.67
S02/glasses/drowsy/S02_drowsy_glasses_000072.jpg,S02,drowsy,glasses,glasses,,1,0.22177,0.45181,0.4514,-19.139,176.95,-170.387,137.26
S02/glasses/drowsy/S02_drowsy_glasses_000073.jpg,S02,drowsy,glasses,glasses,,1,0.24429,0.45263,0.44986,-20.381,176.825,-170.81,137.6
S02/glasses/drowsy/S02_drowsy_glasses_000074.jpg,S02,drowsy,glasses,glasses,,1,0.24556,0.45059,0.46054,-19.397,178.251,-170.692,137.15
S02/glasses/drowsy/S02_drowsy_glasses_000075.jpg,S02,drowsy,glasses,glasses,,1,0.23569,0.45078,0.45445,-18.438,177.558,-170.246,137.62
S02/glasses/drowsy/S02_drowsy_glasses_000076.jpg,S02,drowsy,glasses,glasses,,1,0.23141,0.4515,0.45869,-20.473,177.618,-170.724,137.38
S02/glasses/drowsy/S02_drowsy_glasses_000077.jpg,S02,drowsy,glasses,glasses,,1,0.2321,0.45138,0.45191,-20.36,177.937,-170.723,137.9
S02/glasses/drowsy/S02_drowsy_glasses_000078.jpg,S02,drowsy,glasses,glasses,,1,0.23621,0.45086,0.45255,-18.391,176.815,-170.394,137.62
S02/glasses/drowsy/S02_drowsy_glasses_000079.jpg,S02,drowsy,glasses,glasses,,1,0.24317,0.4497,0.45086,-18.229,176.782,-170.83,137.51
S02/glasses/drowsy/S02_drowsy_glasses_000080.jpg,S02,drowsy,glasses,glasses,,1,0.22444,0.45222,0.45292,-17.293,177.579,-169.802,137.48
S02/glasses/drowsy/S02_drowsy_glasses_000081.jpg,S02,drowsy,glasses,glasses,,1,0.24002,0.44912,0.45294,-19.342,176.483,-170.72,137.45
S02/glasses/drowsy/S02_drowsy_glasses_000082.jpg,S02,drowsy,glasses,glasses,,1,0.24124,0.45242,0.44907,-19.551,177.204,-170.087,137.9
S02/glasses/drowsy/S02_drowsy_glasses_000083.jpg,S02,drowsy,glasses,glasses,,1,0.22286,0.45165,0.45039,-18.485,175.564,-170.459,137.77
S02/glasses/drowsy/S02_drowsy_glasses_000084.jpg,S02,drowsy,glasses,glasses,,1,0.22583,0.45145,0.45282,-19.541,176.755,-170.493,137.84
S02/glasses/drowsy/S02_drowsy_glasses_000085.jpg,S02,drowsy,glasses,glasses,,1,0.22364,0.45038,0.45278,-19.814,177.151,-170.507,137.93
S02/glasses/drowsy/S02_drowsy_glasses_000086.jpg,S02,drowsy,glasses,glasses,,1,0.25239,0.4512,0.45039,-18.8,178.4,-170.894,137.74
S02/glasses/drowsy/S02_drowsy_glasses_000087.jpg,S02,drowsy,glasses,glasses,,1,0.23199,0.45154,0.45094,-20.009,177.522,-170.861,137.8
S02/glasses/drowsy/S02_drowsy_glasses_000088.jpg,S02,drowsy,glasses,glasses,,1,0.23388,0.45141,0.45103,-20.173,177.549,-170.904,137.78
S02/glasses/drowsy/S02_drowsy_glasses_000089.jpg,S02,drowsy,glasses,glasses,,1,0.24758,0.4512,0.4479,-18.732,177.289,-170.8,137.73
S02/glasses/drowsy/S02_drowsy_glasses_000090.jpg,S02,drowsy,glasses,glasses,,1,0.24176,0.45262,0.44756,-19.467,177.44,-170.808,137.77
S02/glasses/drowsy/S02_drowsy_glasses_000091.jpg,S02,drowsy,glasses,glasses,,1,0.22502,0.45168,0.4501,-19.429,176.242,-170.468,137.67
S02/glasses/drowsy/S02_drowsy_glasses_000092.jpg,S02,drowsy,glasses,glasses,,1,0.23165,0.45258,0.44506,-19.475,177.481,-170.982,137.68
S02/glasses/drowsy/S02_drowsy_glasses_000093.jpg,S02,drowsy,glasses,glasses,,1,0.22943,0.45034,0.45246,-18.964,176.83,-170.965,137.53
S02/glasses/drowsy/S02_drowsy_glasses_000094.jpg,S02,drowsy,glasses,glasses,,1,0.23271,0.45326,0.4447,-19.379,177.84,-170.991,137.63
S02/glasses/drowsy/S02_drowsy_glasses_000095.jpg,S02,drowsy,glasses,glasses,,1,0.23014,0.4519,0.43726,-19.992,176.409,-171.051,137.57
S02/glasses/drowsy/S02_drowsy_glasses_000096.jpg,S02,drowsy,glasses,glasses,,1,0.26846,0.45243,0.44169,-21.981,178.535,-171.326,137.58
S02/glasses/drowsy/S02_drowsy_glasses_000097.jpg,S02,drowsy,glasses,glasses,,1,0.29329,0.45208,0.44933,-19.392,178.478,-171.255,137.55
S02/glasses/drowsy/S02_drowsy_glasses_000098.jpg,S02,drowsy,glasses,glasses,,1,0.30222,0.45133,0.44004,-21.459,178.383,-170.652,137.55
S02/glasses/drowsy/S02_drowsy_glasses_000099.jpg,S02,drowsy,glasses,glasses,,1,0.31003,0.45107,0.44282,-20.644,-179.825,-171.283,137.71
S02/glasses/drowsy/S02_drowsy_glasses_000100.jpg,S02,drowsy,glasses,glasses,,1,0.29517,0.45043,0.43886,-20.742,178.999,-170.686,137.72
S02/glasses/drowsy/S02_drowsy_glasses_000101.jpg,S02,drowsy,glasses,glasses,,1,0.30807,0.45087,0.44172,-21.307,-179.213,-171.3,137.82
S02/glasses/drowsy/S02_drowsy_glasses_000102.jpg,S02,drowsy,glasses,glasses,,1,0.32008,0.45127,0.44142,-22.109,-178.589,-171.551,137.88
S02/glasses/drowsy/S02_drowsy_glasses_000103.jpg,S02,drowsy,glasses,glasses,,1,0.29047,0.45052,0.44094,-19.81,179.621,-171.29,137.92
S02/glasses/drowsy/S02_drowsy_glasses_000104.jpg,S02,drowsy,glasses,glasses,,1,0.28219,0.45091,0.43681,-21.24,178.344,-170.768,137.83
S02/glasses/drowsy/S02_drowsy_glasses_000105.jpg,S02,drowsy,glasses,glasses,,1,0.26477,0.45083,0.43883,-20.903,179.036,-171.138,137.74
S02/glasses/drowsy/S02_drowsy_glasses_000106.jpg,S02,drowsy,glasses,glasses,,1,0.29781,0.44979,0.44339,-23.256,179.384,-171.454,137.66
S02/glasses/drowsy/S02_drowsy_glasses_000107.jpg,S02,drowsy,glasses,glasses,,1,0.28677,0.45145,0.44701,-21.995,179.324,-170.879,137.65
S02/glasses/drowsy/S02_drowsy_glasses_000108.jpg,S02,drowsy,glasses,glasses,,1,0.29318,0.45184,0.44325,-20.365,179.364,-171.501,137.67
S02/glasses/drowsy/S02_drowsy_glasses_000109.jpg,S02,drowsy,glasses,glasses,,1,0.24575,0.45138,0.43946,-20.366,178.068,-171.058,137.9
S02/glasses/drowsy/S02_drowsy_glasses_000110.jpg,S02,drowsy,glasses,glasses,,1,0.24253,0.45057,0.44959,-19.031,177.468,-171.5,137.83
S02/glasses/drowsy/S02_drowsy_glasses_000111.jpg,S02,drowsy,glasses,glasses,,1,0.22864,0.45123,0.44168,-21.545,178.643,-171.596,137.77
S02/glasses/drowsy/S02_drowsy_glasses_000112.jpg,S02,drowsy,glasses,glasses,,1,0.19545,0.45203,0.43594,-20.318,178.521,-172.431,137.52
S02/glasses/drowsy/S02_drowsy_glasses_000113.jpg,S02,drowsy,glasses,glasses,,1,0.19353,0.45363,0.43488,-22.805,179.893,-172.796,137.41
S02/glasses/drowsy/S02_drowsy_glasses_000114.jpg,S02,drowsy,glasses,glasses,,1,0.19986,0.45369,0.43395,-21.767,179.523,-172.573,137.36
S02/glasses/drowsy/S02_drowsy_glasses_000115.jpg,S02,drowsy,glasses,glasses,,1,0.193,0.45326,0.43275,-21.338,-179.8,-172.848,137.34
S02/glasses/drowsy/S02_drowsy_glasses_000116.jpg,S02,drowsy,glasses,glasses,,1,0.21489,0.45152,0.43387,-20.898,178.768,-172.861,137.18
S02/glasses/drowsy/S02_drowsy_glasses_000117.jpg,S02,drowsy,glasses,glasses,,1,0.20102,0.45367,0.43107,-22.669,178.567,-172.975,136.93
S02/glasses/drowsy/S02_drowsy_glasses_000118.jpg,S02,drowsy,glasses,glasses,,1,0.21445,0.45405,0.43261,-19.985,179.934,-172.679,136.7
S02/glasses/drowsy/S02_drowsy_glasses_000119.jpg,S02,drowsy,glasses,glasses,,1,0.20827,0.45175,0.43365,-20.593,179.488,-172.717,136.2
S02/glasses/drowsy/S02_drowsy_glasses_000120.jpg,S02,drowsy,glasses,glasses,,1,0.20039,0.45169,0.43588,-20.633,178.748,-173.079,136.03
S02/glasses/drowsy/S02_drowsy_glasses_000121.jpg,S02,drowsy,glasses,glasses,,1,0.21384,0.45221,0.43044,-21.473,179.318,-173.745,135.91
S02/glasses/drowsy/S02_drowsy_glasses_000122.jpg,S02,drowsy,glasses,glasses,,1,0.20632,0.45298,0.427,-20.683,179.333,-172.732,136.1
S02/glasses/drowsy/S02_drowsy_glasses_000123.jpg,S02,drowsy,glasses,glasses,,1,0.20008,0.45316,0.43201,-21.703,179.723,-172.771,136.09
S02/glasses/drowsy/S02_drowsy_glasses_000124.jpg,S02,drowsy,glasses,glasses,,1,0.20362,0.45396,0.43355,-21.543,178.723,-172.653,136.18
S02/glasses/drowsy/S02_drowsy_glasses_000125.jpg,S02,drowsy,glasses,glasses,,1,0.22466,0.45208,0.43683,-19.387,177.597,-172.244,136.1
S02/glasses/drowsy/S02_drowsy_glasses_000126.jpg,S02,drowsy,glasses,glasses,,1,0.22369,0.45288,0.43838,-19.639,178.951,-172.595,136.19
S02/glasses/drowsy/S02_drowsy_glasses_000127.jpg,S02,drowsy,glasses,glasses,,1,0.24235,0.45289,0.43351,-19.959,179.226,-172.788,136.19
S02/glasses/drowsy/S02_drowsy_glasses_000128.jpg,S02,drowsy,glasses,glasses,,1,0.283,0.45136,0.42981,-21.591,178.828,-172.156,136.12
S02/glasses/drowsy/S02_drowsy_glasses_000129.jpg,S02,drowsy,glasses,glasses,,1,0.28397,0.45425,0.43137,-22.043,-179.744,-172.714,136.18
S02/glasses/drowsy/S02_drowsy_glasses_000130.jpg,S02,drowsy,glasses,glasses,,1,0.29868,0.45173,0.43397,-21.571,-179.901,-172.935,136.24
S02/glasses/drowsy/S02_drowsy_glasses_000131.jpg,S02,drowsy,glasses,glasses,,1,0.30184,0.45237,0.43474,-22.147,-179.123,-172.727,136.3
S02/glasses/drowsy/S02_drowsy_glasses_000132.jpg,S02,drowsy,glasses,glasses,,1,0.30923,0.45335,0.43099,-23.116,-179.757,-172.46,136.32
S02/glasses/drowsy/S02_drowsy_glasses_000133.jpg,S02,drowsy,glasses,glasses,,1,0.30406,0.45226,0.4291,-22.176,-179.522,-172.628,136.33
S02/glasses/drowsy/S02_drowsy_glasses_000134.jpg,S02,drowsy,glasses,glasses,,1,0.27294,0.4527,0.4369,-21.328,179.19,-172.173,136.32
S02/glasses/drowsy/S02_drowsy_glasses_000135.jpg,S02,drowsy,glasses,glasses,,1,0.2261,0.45456,0.43274,-19.62,177.601,-172.248,136.3
S02/glasses/drowsy/S02_drowsy_glasses_000136.jpg,S02,drowsy,glasses,glasses,,1,0.20992,0.453,0.43177,-19.546,177.646,-171.837,136.28
S02/glasses/drowsy/S02_drowsy_glasses_000137.jpg,S02,drowsy,glasses,glasses,,1,0.2083,0.45255,0.43804,-20.517,178.035,-172.6,136.31
S02/glasses/drowsy/S02_drowsy_glasses_000138.jpg,S02,drowsy,glasses,glasses,,1,0.21483,0.45124,0.44155,-20.759,178.941,-173.008,136.36
S02/glasses/drowsy/S02_drowsy_glasses_000139.jpg,S02,drowsy,glasses,glasses,,1,0.20973,0.45115,0.44031,-20.088,178.627,-172.623,136.32
S02/glasses/drowsy/S02_drowsy_glasses_000140.jpg,S02,drowsy,glasses,glasses,,1,0.20648,0.45347,0.43615,-19.306,178.31,-172.796,136.28
S02/glasses/drowsy/S02_drowsy_glasses_000141.jpg,S02,drowsy,glasses,glasses,,1,0.21688,0.4525,0.43609,-20.825,179.165,-172.635,136.43
S02/glasses/drowsy/S02_drowsy_glasses_000142.jpg,S02,drowsy,glasses,glasses,,1,0.22399,0.45228,0.43612,-20.767,177.907,-172.779,136.24
S02/glasses/drowsy/S02_drowsy_glasses_000143.jpg,S02,drowsy,glasses,glasses,,1,0.19854,0.45112,0.43633,-21.253,178.805,-172.593,136.3
S02/glasses/drowsy/S02_drowsy_glasses_000144.jpg,S02,drowsy,glasses,glasses,,1,0.22133,0.45319,0.4343,-20.848,178.982,-172.949,136.67
S02/glasses/drowsy/S02_drowsy_glasses_000145.jpg,S02,drowsy,glasses,glasses,,1,0.19471,0.45396,0.43492,-20.652,179.064,-172.967,136.08
S02/glasses/drowsy/S02_drowsy_glasses_000146.jpg,S02,drowsy,glasses,glasses,,1,0.19765,0.45267,0.43108,-19.188,178.745,-173.113,135.92
S02/glasses/drowsy/S02_drowsy_glasses_000147.jpg,S02,drowsy,glasses,glasses,,1,0.206,0.45363,0.43215,-22.668,178.572,-173.067,136.87
S02/glasses/drowsy/S02_drowsy_glasses_000148.jpg,S02,drowsy,glasses,glasses,,1,0.17814,0.45304,0.42821,-23.117,-179.631,-172.963,136.41
S02/glasses/drowsy/S02_drowsy_glasses_000149.jpg,S02,drowsy,glasses,glasses,,1,0.18974,0.45451,0.43126,-21.406,179.405,-173.227,136.81
S02/glasses/drowsy/S02_drowsy_glasses_000150.jpg,S02,drowsy,glasses,glasses,,1,0.17213,0.45268,0.43648,-21.296,179.744,-173.225,136.36
S02/glasses/drowsy/S02_drowsy_glasses_000151.jpg,S02,drowsy,glasses,glasses,,1,0.20402,0.4537,0.43622,-22.289,179.019,-172.715,136.38
S02/glasses/drowsy/S02_drowsy_glasses_000152.jpg,S02,drowsy,glasses,glasses,,1,0.21081,0.45254,0.43301,-19.857,178.317,-172.81,135.97
S02/glasses/drowsy/S02_drowsy_glasses_000153.jpg,S02,drowsy,glasses,glasses,,1,0.20185,0.45412,0.43849,-20.742,178.866,-172.41,136.3
S02/glasses/drowsy/S02_drowsy_glasses_000154.jpg,S02,drowsy,glasses,glasses,,1,0.21084,0.45151,0.43876,-20.608,178.146,-172.727,136.16
S02/glasses/drowsy/S02_drowsy_glasses_000155.jpg,S02,drowsy,glasses,glasses,,1,0.24365,0.45522,0.43243,-21.639,-179.983,-172.909,136.56
S02/glasses/drowsy/S02_drowsy_glasses_000156.jpg,S02,drowsy,glasses,glasses,,1,0.24659,0.45177,0.4296,-22.666,-179.199,-173.266,136.76
S02/glasses/drowsy/S02_drowsy_glasses_000157.jpg,S02,drowsy,glasses,glasses,,1,0.27122,0.45215,0.43344,-21.444,179.711,-172.817,136.15
S02/glasses/drowsy/S02_drowsy_glasses_000158.jpg,S02,drowsy,glasses,glasses,,1,0.27877,0.45242,0.43796,-22.579,179.463,-172.54,136.28
S02/glasses/drowsy/S02_drowsy_glasses_000159.jpg,S02,drowsy,glasses,glasses,,1,0.25564,0.45412,0.43872,-20.808,179.784,-171.88,136.46
S02/glasses/drowsy/S02_drowsy_glasses_000160.jpg,S02,drowsy,glasses,glasses,,1,0.22718,0.45437,0.43036,-22.329,179.641,-172.756,136.99
S02/glasses/drowsy/S02_drowsy_glasses_000161.jpg,S02,drowsy,glasses,glasses,,1,0.22151,0.45299,0.43665,-22.204,179.685,-172.851,136.64
S02/glasses/drowsy/S02_drowsy_glasses_000162.jpg,S02,drowsy,glasses,glasses,,1,0.22105,0.45256,0.43448,-21.999,179.467,-173.034,136.69
S02/glasses/drowsy/S02_drowsy_glasses_000163.jpg,S02,drowsy,glasses,glasses,,1,0.22364,0.45186,0.43725,-22.758,-179.673,-173.233,136.36
S02/glasses/drowsy/S02_drowsy_glasses_000164.jpg,S02,drowsy,glasses,glasses,,1,0.22543,0.45286,0.43126,-23.471,179.77,-173.358,136.6
S02/glasses/drowsy/S02_drowsy_glasses_000165.jpg,S02,drowsy,glasses,glasses,,1,0.20801,0.45297,0.4328,-22.921,179.847,-173.254,136.53
S02/glasses/drowsy/S02_drowsy_glasses_000166.jpg,S02,drowsy,glasses,glasses,,1,0.19711,0.45136,0.43084,-19.025,179.209,-173.034,136.75
S02/glasses/drowsy/S02_drowsy_glasses_000167.jpg,S02,drowsy,glasses,glasses,,1,0.19927,0.45189,0.43019,-21.069,179.011,-172.893,136.73
S02/glasses/drowsy/S02_drowsy_glasses_000168.jpg,S02,drowsy,glasses,glasses,,1,0.19663,0.45102,0.42984,-20.742,178.247,-173.014,136.59
S02/glasses/drowsy/S02_drowsy_glasses_000169.jpg,S02,drowsy,glasses,glasses,,1,0.20378,0.45309,0.43104,-21.055,178.895,-173.259,136.53
S02/glasses/drowsy/S02_drowsy_glasses_000170.jpg,S02,drowsy,glasses,glasses,,1,0.1935,0.45409,0.42928,-22.647,-179.843,-173.102,136.82
S02/glasses/drowsy/S02_drowsy_glasses_000171.jpg,S02,drowsy,glasses,glasses,,1,0.21192,0.45389,0.43078,-21.798,179.233,-173.277,136.89
S02/glasses/drowsy/S02_drowsy_glasses_000172.jpg,S02,drowsy,glasses,glasses,,1,0.2444,0.45214,0.42596,-20.028,-179.383,-173.372,136.83
S02/glasses/drowsy/S02_drowsy_glasses_000173.jpg,S02,drowsy,glasses,glasses,,1,0.26164,0.45323,0.4281,-20.504,-179.637,-173.26,136.86
S02/glasses/drowsy/S02_drowsy_glasses_000174.jpg,S02,drowsy,glasses,glasses,,1,0.268,0.45302,0.42878,-21.466,-179.015,-173.361,136.8
S02/glasses/drowsy/S02_drowsy_glasses_000175.jpg,S02,drowsy,glasses,glasses,,1,0.28655,0.45273,0.42855,-22.745,-179.778,-173.415,136.73
S02/glasses/drowsy/S02_drowsy_glasses_000176.jpg,S02,drowsy,glasses,glasses,,1,0.28217,0.45396,0.42804,-22.014,-179.343,-173.006,136.66
S02/glasses/drowsy/S02_drowsy_glasses_000177.jpg,S02,drowsy,glasses,glasses,,1,0.28633,0.45261,0.42772,-20.887,-179.678,-173.027,136.75
S02/glasses/drowsy/S02_drowsy_glasses_000178.jpg,S02,drowsy,glasses,glasses,,1,0.28341,0.45163,0.42976,-22.061,-179.973,-172.779,136.62
S02/glasses/drowsy/S02_drowsy_glasses_000179.jpg,S02,drowsy,glasses,glasses,,1,0.29544,0.45277,0.43218,-22.084,-179.207,-172.88,136.64
S02/glasses/drowsy/S02_drowsy_glasses_000180.jpg,S02,drowsy,glasses,glasses,,1,0.29016,0.45334,0.4292,-20.129,-178.922,-172.636,136.53
S02/glasses/drowsy/S02_drowsy_glasses_000181.jpg,S02,drowsy,glasses,glasses,,1,0.2818,0.4525,0.43054,-21.894,-179.689,-172.453,136.49
S02/glasses/drowsy/S02_drowsy_glasses_000182.jpg,S02,drowsy,glasses,glasses,,1,0.27861,0.45298,0.43541,-22.738,-179.927,-172.318,136.43
S02/glasses/drowsy/S02_drowsy_glasses_000183.jpg,S02,drowsy,glasses,glasses,,1,0.26425,0.4526,0.42982,-22.479,-179.74,-172.014,136.46
S02/glasses/drowsy/S02_drowsy_glasses_000184.jpg,S02,drowsy,glasses,glasses,,1,0.2356,0.45182,0.43298,-20.878,179.634,-173.267,136.52
S02/glasses/drowsy/S02_drowsy_glasses_000185.jpg,S02,drowsy,glasses,glasses,,1,0.20964,0.45082,0.43371,-20.494,179.478,-172.812,136.51
S02/glasses/drowsy/S02_drowsy_glasses_000186.jpg,S02,drowsy,glasses,glasses,,1,0.20248,0.45094,0.43551,-20.122,179.395,-172.558,136.51
S02/glasses/drowsy/S02_drowsy_glasses_000187.jpg,S02,drowsy,glasses,glasses,,1,0.20616,0.45266,0.42834,-21.182,178.951,-172.701,136.53
S02/glasses/drowsy/S02_drowsy_glasses_000188.jpg,S02,drowsy,glasses,glasses,,1,0.21835,0.45268,0.43195,-21.577,179.077,-173.236,136.5
S02/glasses/drowsy/S02_drowsy_glasses_000189.jpg,S02,drowsy,glasses,glasses,,1,0.22055,0.4526,0.43034,-21.045,179.09,-173.273,136.45
S02/glasses/drowsy/S02_drowsy_glasses_000190.jpg,S02,drowsy,glasses,glasses,,1,0.18038,0.4521,0.43199,-21.601,179.917,-172.658,136.46
S02/glasses/drowsy/S02_drowsy_glasses_000191.jpg,S02,drowsy,glasses,glasses,,1,0.20229,0.45076,0.42954,-20.268,178.895,-173.076,136.49
S02/glasses/drowsy/S02_drowsy_glasses_000192.jpg,S02,drowsy,glasses,glasses,,1,0.20881,0.45099,0.43207,-21.436,179.476,-173.223,136.63
S02/glasses/drowsy/S02_drowsy_glasses_000193.jpg,S02,drowsy,glasses,glasses,,1,0.22071,0.45323,0.42743,-19.027,178.459,-172.48,136.67
S02/glasses/drowsy/S02_drowsy_glasses_000194.jpg,S02,drowsy,glasses,glasses,,1,0.20153,0.45161,0.42752,-21.508,179.415,-172.99,136.72
S02/glasses/drowsy/S02_drowsy_glasses_000195.jpg,S02,drowsy,glasses,glasses,,1,0.21455,0.45337,0.43212,-20.806,179.302,-172.934,136.7
S02/glasses/drowsy/S02_drowsy_glasses_000196.jpg,S02,drowsy,glasses,glasses,,1,0.20826,0.45187,0.4348,-21.086,179.463,-173.087,136.72
S02/glasses/drowsy/S02_drowsy_glasses_000197.jpg,S02,drowsy,glasses,glasses,,1,0.21202,0.45353,0.42374,-21.986,179.871,-173.09,136.77
S02/glasses/drowsy/S02_drowsy_glasses_000198.jpg,S02,drowsy,glasses,glasses,,1,0.1862,0.45224,0.42897,-21.214,179.055,-173.085,136.69
S02/glasses/drowsy/S02_drowsy_glasses_000199.jpg,S02,drowsy,glasses,glasses,,1,0.20989,0.45264,0.42914,-19.721,179.084,-172.71,136.69
S02/glasses/drowsy/S02_drowsy_glasses_000200.jpg,S02,drowsy,glasses,glasses,,1,0.19548,0.45227,0.42887,-20.287,178.776,-172.78,136.66
S02/glasses/drowsy/S02_drowsy_glasses_000201.jpg,S02,drowsy,glasses,glasses,,1,0.20559,0.45311,0.42229,-21.12,178.894,-173.13,136.76
S02/glasses/drowsy/S02_drowsy_glasses_000202.jpg,S02,drowsy,glasses,glasses,,1,0.1983,0.45246,0.4187,-20.515,179.199,-173.142,136.61
S02/glasses/drowsy/S02_drowsy_glasses_000203.jpg,S02,drowsy,glasses,glasses,,1,0.2006,0.45199,0.42984,-21.158,179.416,-173.033,136.68
S02/glasses/drowsy/S02_drowsy_glasses_000204.jpg,S02,drowsy,glasses,glasses,,1,0.21072,0.45339,0.42932,-20.196,179.005,-173.068,136.77
S02/glasses/drowsy/S02_drowsy_glasses_000205.jpg,S02,drowsy,glasses,glasses,,1,0.20848,0.4507,0.43533,-20.317,178.472,-172.91,136.85
S02/glasses/drowsy/S02_drowsy_glasses_000206.jpg,S02,drowsy,glasses,glasses,,1,0.20253,0.45178,0.42554,-21.883,179.545,-173.09,136.86
S02/glasses/drowsy/S02_drowsy_glasses_000207.jpg,S02,drowsy,glasses,glasses,,1,0.21738,0.4516,0.42717,-20.918,179.541,-173.381,136.83
S02/glasses/drowsy/S02_drowsy_glasses_000208.jpg,S02,drowsy,glasses,glasses,,1,0.1965,0.45092,0.4269,-20.97,179.508,-173.427,136.77
S02/glasses/drowsy/S02_drowsy_glasses_000209.jpg,S02,drowsy,glasses,glasses,,1,0.20486,0.45104,0.42571,-20.385,178.201,-172.981,136.63
S02/glasses/drowsy/S02_drowsy_glasses_000210.jpg,S02,drowsy,glasses,glasses,,1,0.19202,0.45181,0.42128,-20.76,178.228,-172.866,136.69
S02/glasses/drowsy/S02_drowsy_glasses_000211.jpg,S02,drowsy,glasses,glasses,,1,0.20063,0.45186,0.41744,-21.639,179.244,-173.543,136.66
S02/glasses/drowsy/S02_drowsy_glasses_000212.jpg,S02,drowsy,glasses,glasses,,1,0.20521,0.45171,0.42448,-21.904,179.051,-172.902,136.7
S02/glasses/drowsy/S02_drowsy_glasses_000213.jpg,S02,drowsy,glasses,glasses,,1,0.21124,0.45193,0.42078,-21.055,178.913,-173.639,136.9
S02/glasses/drowsy/S02_drowsy_glasses_000214.jpg,S02,drowsy,glasses,glasses,,1,0.16094,0.45241,0.40962,-21.952,178.248,-172.946,136.62
S02/glasses/drowsy/S02_drowsy_glasses_000215.jpg,S02,drowsy,glasses,glasses,,1,0.17877,0.45324,0.41711,-21.898,178.861,-173.754,136.87
S02/glasses/drowsy/S02_drowsy_glasses_000216.jpg,S02,drowsy,glasses,glasses,,1,0.16844,0.45265,0.41305,-23.404,179.601,-173.359,136.3
S02/glasses/drowsy/S02_drowsy_glasses_000217.jpg,S02,drowsy,glasses,glasses,,1,0.20407,0.45409,0.41498,-22.477,177.996,-173.331,136.76
S02/glasses/drowsy/S02_drowsy_glasses_000218.jpg,S02,drowsy,glasses,glasses,,1,0.18968,0.45206,0.42018,-21.752,178.27,-173.838,136.17
S02/glasses/drowsy/S02_drowsy_glasses_000219.jpg,S02,drowsy,glasses,glasses,,1,0.21232,0.45153,0.42278,-21.736,179.081,-173.88,136.44
S02/glasses/drowsy/S02_drowsy_glasses_000220.jpg,S02,drowsy,glasses,glasses,,1,0.18568,0.45287,0.42573,-23.263,178.345,-173.711,135.81
S02/glasses/drowsy/S02_drowsy_glasses_000221.jpg,S02,drowsy,glasses,glasses,,1,0.23142,0.45202,0.4212,-22.233,178.121,-173.713,135.94
S02/glasses/drowsy/S02_drowsy_glasses_000222.jpg,S02,drowsy,glasses,glasses,,1,0.25911,0.45255,0.41941,-22.956,179.578,-173.575,135.68
S02/glasses/drowsy/S02_drowsy_glasses_000223.jpg,S02,drowsy,glasses,glasses,,1,0.25206,0.45399,0.41998,-23.629,178.883,-173.193,135.41
S02/glasses/drowsy/S02_drowsy_glasses_000224.jpg,S02,drowsy,glasses,glasses,,1,0.27144,0.45304,0.41934,-24.6,179.613,-173.619,135.01
S02/glasses/drowsy/S02_drowsy_glasses_000225.jpg,S02,drowsy,glasses,glasses,,1,0.2738,0.45289,0.42256,-23.181,178.959,-173.41,135.35
S02/glasses/drowsy/S02_drowsy_glasses_000226.jpg,S02,drowsy,glasses,glasses,,1,0.27189,0.45269,0.42181,-22.773,179.786,-173.563,135.74
S02/glasses/drowsy/S02_drowsy_glasses_000227.jpg,S02,drowsy,glasses,glasses,,1,0.26116,0.45207,0.42212,-24.284,179.606,-173.188,135.92
S02/glasses/drowsy/S02_drowsy_glasses_000228.jpg,S02,drowsy,glasses,glasses,,1,0.27921,0.45052,0.42427,-23.497,-179.825,-173.5,136.49
S02/glasses/drowsy/S02_drowsy_glasses_000229.jpg,S02,drowsy,glasses,glasses,,1,0.27916,0.45152,0.43046,-23.702,179.662,-173.38,135.95
S02/glasses/drowsy/S02_drowsy_glasses_000230.jpg,S02,drowsy,glasses,glasses,,1,0.2635,0.44995,0.42551,-24.52,179.163,-173.517,133.96
S02/glasses/drowsy/S02_drowsy_glasses_000231.jpg,S02,drowsy,glasses,glasses,,1,0.2929,0.45414,0.42091,-23.015,-178.954,-173.828,134.37
S02/glasses/drowsy/S02_drowsy_glasses_000232.jpg,S02,drowsy,glasses,glasses,,1,0.26909,0.45224,0.42864,-23.085,-179.587,-173.98,134.47
S02/glasses/drowsy/S02_drowsy_glasses_000233.jpg,S02,drowsy,glasses,glasses,,1,0.28152,0.45182,0.42205,-23.561,-178.776,-174.387,134.62
S02/glasses/drowsy/S02_drowsy_glasses_000234.jpg,S02,drowsy,glasses,glasses,,1,0.29016,0.4535,0.4204,-23.515,-179.301,-174.124,134.67
S02/glasses/drowsy/S02_drowsy_glasses_000235.jpg,S02,drowsy,glasses,glasses,,1,0.28567,0.45318,0.42236,-23.0,-178.747,-174.131,134.57
S02/glasses/drowsy/S02_drowsy_glasses_000236.jpg,S02,drowsy,glasses,glasses,,1,0.27352,0.45251,0.42668,-23.315,-179.941,-174.001,133.98
S02/glasses/drowsy/S02_drowsy_glasses_000237.jpg,S02,drowsy,glasses,glasses,,1,0.29349,0.45319,0.42192,-22.08,-179.775,-173.868,133.76
S02/glasses/drowsy/S02_drowsy_glasses_000238.jpg,S02,drowsy,glasses,glasses,,1,0.26256,0.4534,0.4213,-22.471,-179.03,-174.149,132.97
S02/glasses/drowsy/S02_drowsy_glasses_000239.jpg,S02,drowsy,glasses,glasses,,1,0.24619,0.45419,0.42648,-22.892,179.781,-173.964,133.09
S02/glasses/drowsy/S02_drowsy_glasses_000240.jpg,S02,drowsy,glasses,glasses,,1,0.2682,0.45312,0.42883,-23.078,-178.678,-174.341,133.23
S02/glasses/drowsy/S02_drowsy_glasses_000241.jpg,S02,drowsy,glasses,glasses,,1,0.26961,0.45263,0.42895,-21.662,-179.657,-174.104,133.27
S02/glasses/drowsy/S02_drowsy_glasses_000242.jpg,S02,drowsy,glasses,glasses,,1,0.22199,0.45428,0.42835,-23.839,178.331,-173.912,133.27
S02/glasses/drowsy/S02_drowsy_glasses_000243.jpg,S02,drowsy,glasses,glasses,,1,0.19257,0.45371,0.42824,-23.307,178.569,-173.849,133.25
S02/glasses/drowsy/S02_drowsy_glasses_000244.jpg,S02,drowsy,glasses,glasses,,1,0.20557,0.45295,0.42726,-22.916,177.183,-173.274,133.3
S02/glasses/drowsy/S02_drowsy_glasses_000245.jpg,S02,drowsy,glasses,glasses,,1,0.20032,0.45225,0.42771,-22.804,177.394,-173.688,133.04
S02/glasses/drowsy/S02_drowsy_glasses_000246.jpg,S02,drowsy,glasses,glasses,,1,0.18484,0.45317,0.42702,-23.184,177.514,-173.141,132.97
S02/glasses/drowsy/S02_drowsy_glasses_000247.jpg,S02,drowsy,glasses,glasses,,1,0.1912,0.45379,0.42911,-22.616,178.365,-173.78,132.94
S02/glasses/drowsy/S02_drowsy_glasses_000248.jpg,S02,drowsy,glasses,glasses,,1,0.18253,0.45287,0.43016,-21.527,178.66,-173.675,132.9
S02/glasses/drowsy/S02_drowsy_glasses_000249.jpg,S02,drowsy,glasses,glasses,,1,0.19877,0.45363,0.42755,-23.318,178.777,-173.628,132.9
S02/glasses/drowsy/S02_drowsy_glasses_000250.jpg,S02,drowsy,glasses,glasses,,1,0.19517,0.45164,0.42701,-22.074,178.231,-173.352,132.67
S02/glasses/drowsy/S02_drowsy_glasses_000251.jpg,S02,drowsy,glasses,glasses,,1,0.19917,0.45104,0.42432,-22.35,177.831,-173.243,132.78
S02/glasses/drowsy/S02_drowsy_glasses_000252.jpg,S02,drowsy,glasses,glasses,,1,0.18883,0.4513,0.43069,-21.674,178.803,-173.775,132.98
S02/glasses/drowsy/S02_drowsy_glasses_000253.jpg,S02,drowsy,glasses,glasses,,1,0.18255,0.45321,0.4204,-22.08,177.767,-173.316,132.83
S02/glasses/drowsy/S02_drowsy_glasses_000254.jpg,S02,drowsy,glasses,glasses,,1,0.20464,0.45244,0.41944,-23.401,178.365,-173.111,132.83
S02/glasses/drowsy/S02_drowsy_glasses_000255.jpg,S02,drowsy,glasses,glasses,,1,0.18442,0.45203,0.42258,-23.725,178.373,-173.068,132.93
S02/glasses/drowsy/S02_drowsy_glasses_000256.jpg,S02,drowsy,glasses,glasses,,1,0.16881,0.45209,0.41836,-21.514,178.037,-172.979,132.93
S02/glasses/drowsy/S02_drowsy_glasses_000257.jpg,S02,drowsy,glasses,glasses,,1,0.1651,0.45239,0.42282,-23.432,177.885,-173.38,132.92
S02/glasses/drowsy/S02_drowsy_glasses_000258.jpg,S02,drowsy,glasses,glasses,,1,0.18712,0.45368,0.41725,-22.919,178.269,-173.799,132.91
S02/glasses/drowsy/S02_drowsy_glasses_000259.jpg,S02,drowsy,glasses,glasses,,1,0.16948,0.45278,0.41968,-22.176,178.497,-173.78,132.87
S02/glasses/drowsy/S02_drowsy_glasses_000260.jpg,S02,drowsy,glasses,glasses,,1,0.1452,0.45187,0.42196,-22.719,177.773,-172.78,132.81
S02/glasses/drowsy/S02_drowsy_glasses_000261.jpg,S02,drowsy,glasses,glasses,,1,0.14352,0.45231,0.42719,-21.743,177.748,-172.809,132.69
S02/glasses/drowsy/S02_drowsy_glasses_000262.jpg,S02,drowsy,glasses,glasses,,1,0.14671,0.45332,0.42178,-22.074,177.818,-173.072,132.76
S02/glasses/drowsy/S02_drowsy_glasses_000263.jpg,S02,drowsy,glasses,glasses,,1,0.17653,0.45218,0.41795,-23.929,177.537,-172.558,132.86
S02/glasses/drowsy/S02_drowsy_glasses_000264.jpg,S02,drowsy,glasses,glasses,,1,0.17379,0.45237,0.42359,-23.959,178.7,-173.352,133.11
S02/glasses/drowsy/S02_drowsy_glasses_000265.jpg,S02,drowsy,glasses,glasses,,1,0.20023,0.45261,0.42471,-22.856,177.906,-172.844,132.7
S02/glasses/drowsy/S02_drowsy_glasses_000266.jpg,S02,drowsy,glasses,glasses,,1,0.16602,0.45266,0.42407,-21.713,178.578,-172.643,133.1
S02/glasses/drowsy/S02_drowsy_glasses_000267.jpg,S02,drowsy,glasses,glasses,,1,0.16057,0.4517,0.43157,-22.994,179.355,-173.32,132.96
S02/glasses/drowsy/S02_drowsy_glasses_000268.jpg,S02,drowsy,glasses,glasses,,1,0.13665,0.45196,0.42848,-22.05,178.577,-172.651,133.19
S02/glasses/drowsy/S02_drowsy_glasses_000269.jpg,S02,drowsy,glasses,glasses,,1,0.13783,0.45139,0.42953,-21.98,178.874,-172.825,133.0
S02/glasses/drowsy/S02_drowsy_glasses_000270.jpg,S02,drowsy,glasses,glasses,,1,0.17791,0.4521,0.425,-22.839,178.954,-173.059,133.17
S02/glasses/drowsy/S02_drowsy_glasses_000271.jpg,S02,drowsy,glasses,glasses,,1,0.24222,0.45331,0.41788,-23.526,-179.837,-173.689,133.15
S02/glasses/drowsy/S02_drowsy_glasses_000272.jpg,S02,drowsy,glasses,glasses,,1,0.25216,0.45163,0.41833,-24.418,179.742,-173.087,133.07
S02/glasses/drowsy/S02_drowsy_glasses_000273.jpg,S02,drowsy,glasses,glasses,,1,0.25739,0.45203,0.41904,-24.383,-179.612,-173.166,133.18
S02/glasses/drowsy/S02_drowsy_glasses_000274.jpg,S02,drowsy,glasses,glasses,,1,0.28273,0.45346,0.42398,-23.344,-179.924,-172.994,133.1
S02/glasses/drowsy/S02_drowsy_glasses_000275.jpg,S02,drowsy,glasses,glasses,,1,0.29796,0.45232,0.42116,-23.854,-179.155,-173.646,133.28
S02/glasses/drowsy/S02_drowsy_glasses_000276.jpg,S02,drowsy,glasses,glasses,,1,0.29176,0.45175,0.42142,-22.691,-178.833,-173.593,133.21
S02/glasses/drowsy/S02_drowsy_glasses_000277.jpg,S02,drowsy,glasses,glasses,,1,0.28025,0.45154,0.41944,-24.554,-179.193,-173.692,133.02
S02/glasses/drowsy/S02_drowsy_glasses_000278.jpg,S02,drowsy,glasses,glasses,,1,0.2681,0.45103,0.42344,-24.638,-178.705,-173.94,132.95
S02/glasses/drowsy/S02_drowsy_glasses_000279.jpg,S02,drowsy,glasses,glasses,,1,0.27115,0.45234,0.42253,-23.78,-179.115,-173.394,133.09
S02/glasses/drowsy/S02_drowsy_glasses_000280.jpg,S02,drowsy,glasses,glasses,,1,0.26208,0.45243,0.42191,-24.295,-179.22,-173.219,133.01
S02/glasses/drowsy/S02_drowsy_glasses_000281.jpg,S02,drowsy,glasses,glasses,,1,0.26497,0.45258,0.42228,-24.3,-179.653,-173.685,133.0
S02/glasses/drowsy/S02_drowsy_glasses_000282.jpg,S02,drowsy,glasses,glasses,,1,0.27105,0.45371,0.41944,-23.725,-178.607,-173.736,132.77
S02/glasses/drowsy/S02_drowsy_glasses_000283.jpg,S02,drowsy,glasses,glasses,,1,0.25515,0.45168,0.42313,-23.782,-179.343,-173.578,132.79
S02/glasses/drowsy/S02_drowsy_glasses_000284.jpg,S02,drowsy,glasses,glasses,,1,0.25829,0.45376,0.41885,-23.723,-178.802,-173.467,132.72
S02/glasses/drowsy/S02_drowsy_glasses_000285.jpg,S02,drowsy,glasses,glasses,,1,0.23809,0.45182,0.42121,-23.038,179.009,-173.182,132.79
S02/glasses/drowsy/S02_drowsy_glasses_000286.jpg,S02,drowsy,glasses,glasses,,1,0.19611,0.45279,0.42094,-23.969,179.072,-172.939,132.76
S02/glasses/drowsy/S02_drowsy_glasses_000287.jpg,S02,drowsy,glasses,glasses,,1,0.2064,0.45165,0.41591,-23.347,178.68,-173.135,132.75
S02/glasses/drowsy/S02_drowsy_glasses_000288.jpg,S02,drowsy,glasses,glasses,,1,0.1762,0.45275,0.42459,-23.254,178.588,-173.036,132.82
S02/glasses/drowsy/S02_drowsy_glasses_000289.jpg,S02,drowsy,glasses,glasses,,1,0.17419,0.45242,0.42437,-23.429,178.641,-173.077,132.81
S02/glasses/drowsy/S02_drowsy_glasses_000290.jpg,S02,drowsy,glasses,glasses,,1,0.17647,0.45274,0.41933,-23.265,178.47,-172.626,132.77
S02/glasses/drowsy/S02_drowsy_glasses_000291.jpg,S02,drowsy,glasses,glasses,,1,0.19262,0.45246,0.42416,-23.545,179.711,-173.157,132.56
S02/glasses/drowsy/S02_drowsy_glasses_000292.jpg,S02,drowsy,glasses,glasses,,1,0.18859,0.4517,0.42615,-22.205,178.975,-172.996,132.62
S02/glasses/drowsy/S02_drowsy_glasses_000293.jpg,S02,drowsy,glasses,glasses,,1,0.16665,0.45394,0.42384,-22.842,179.072,-172.763,132.72
S02/glasses/drowsy/S02_drowsy_glasses_000294.jpg,S02,drowsy,glasses,glasses,,1,0.18816,0.45313,0.41954,-21.231,177.949,-172.259,134.52
S02/glasses/drowsy/S02_drowsy_glasses_000295.jpg,S02,drowsy,glasses,glasses,,1,0.21017,0.45478,0.42406,-21.975,179.208,-173.46,135.82
S02/glasses/drowsy/S02_drowsy_glasses_000296.jpg,S02,drowsy,glasses,glasses,,1,0.20357,0.45476,0.42294,-22.074,-179.333,-172.938,136.44
S02/glasses/drowsy/S02_drowsy_glasses_000297.jpg,S02,drowsy,glasses,glasses,,1,0.20449,0.45385,0.41682,-22.199,-179.42,-173.317,136.48
S02/glasses/drowsy/S02_drowsy_glasses_000298.jpg,S02,drowsy,glasses,glasses,,1,0.19409,0.4544,0.42401,-20.469,-179.956,-172.933,136.47
S02/glasses/drowsy/S02_drowsy_glasses_000299.jpg,S02,drowsy,glasses,glasses,,1,0.19971,0.45324,0.42289,-22.321,179.059,-172.699,135.95
S02/glasses/drowsy/S02_drowsy_glasses_000300.jpg,S02,drowsy,glasses,glasses,,1,0.19941,0.45158,0.42252,-21.824,-179.19,-172.574,136.29
S02/glasses/drowsy/S02_drowsy_glasses_000301.jpg,S02,drowsy,glasses,glasses,,1,0.225,0.45484,0.41585,-21.166,-179.816,-173.137,136.07
S02/glasses/drowsy/S02_drowsy_glasses_000302.jpg,S02,drowsy,glasses,glasses,,1,0.19885,0.45533,0.42038,-22.182,-179.432,-173.686,136.58
S02/glasses/drowsy/S02_drowsy_glasses_000303.jpg,S02,drowsy,glasses,glasses,,1,0.20856,0.45519,0.42251,-22.58,179.301,-172.781,136.23
S02/glasses/drowsy/S02_drowsy_glasses_000304.jpg,S02,drowsy,glasses,glasses,,1,0.19975,0.45297,0.42026,-21.44,-179.882,-172.932,136.68
S02/glasses/drowsy/S02_drowsy_glasses_000305.jpg,S02,drowsy,glasses,glasses,,1,0.19862,0.45486,0.41795,-23.028,-179.916,-173.413,136.46
S02/glasses/drowsy/S02_drowsy_glasses_000306.jpg,S02,drowsy,glasses,glasses,,1,0.20454,0.45294,0.41173,-22.426,-178.742,-173.228,136.47
S02/glasses/drowsy/S02_drowsy_glasses_000307.jpg,S02,drowsy,glasses,glasses,,1,0.20027,0.45541,0.41556,-22.925,-179.42,-173.082,136.35
S02/glasses/drowsy/S02_drowsy_glasses_000308.jpg,S02,drowsy,glasses,glasses,,1,0.19873,0.45497,0.41589,-22.818,-179.784,-172.702,136.35
S02/glasses/drowsy/S02_drowsy_glasses_000309.jpg,S02,drowsy,glasses,glasses,,1,0.2121,0.45255,0.41968,-21.591,-179.264,-172.455,136.34
S02/glasses/drowsy/S02_drowsy_glasses_000310.jpg,S02,drowsy,glasses,glasses,,1,0.22577,0.45291,0.41952,-21.876,-179.433,-172.821,136.35
S02/glasses/drowsy/S02_drowsy_glasses_000311.jpg,S02,drowsy,glasses,glasses,,1,0.21376,0.45402,0.41894,-22.387,-179.829,-172.672,136.33
S02/glasses/drowsy/S02_drowsy_glasses_000312.jpg,S02,drowsy,glasses,glasses,,1,0.20737,0.45503,0.4197,-21.778,-178.309,-173.007,136.37
S02/glasses/drowsy/S02_drowsy_glasses_000313.jpg,S02,drowsy,glasses,glasses,,1,0.21479,0.45271,0.41828,-22.212,-179.498,-172.706,136.47
S02/glasses/drowsy/S02_drowsy_glasses_000314.jpg,S02,drowsy,glasses,glasses,,1,0.19513,0.45253,0.42084,-23.023,179.36,-172.536,136.55
S02/glasses/drowsy/S02_drowsy_glasses_000315.jpg,S02,drowsy,glasses,glasses,,1,0.22307,0.45328,0.42102,-21.57,179.47,-172.78,136.51
S02/glasses/drowsy/S02_drowsy_glasses_000316.jpg,S02,drowsy,glasses,glasses,,1,0.18699,0.45461,0.41688,-22.004,-179.716,-172.754,136.55
S02/glasses/drowsy/S02_drowsy_glasses_000317.jpg,S02,drowsy,glasses,glasses,,1,0.2049,0.45429,0.41553,-22.89,-179.746,-172.912,136.62
S02/glasses/drowsy/S02_drowsy_glasses_000318.jpg,S02,drowsy,glasses,glasses,,1,0.20752,0.45286,0.42005,-22.511,-179.657,-172.875,136.52
S02/glasses/drowsy/S02_drowsy_glasses_000319.jpg,S02,drowsy,glasses,glasses,,1,0.19847,0.45257,0.4192,-23.015,-179.92,-172.574,136.56
S02/glasses/drowsy/S02_drowsy_glasses_000320.jpg,S02,drowsy,glasses,glasses,,1,0.20096,0.45204,0.42029,-23.195,-178.903,-173.195,136.49
S02/glasses/drowsy/S02_drowsy_glasses_000321.jpg,S02,drowsy,glasses,glasses,,1,0.19386,0.45351,0.41805,-23.587,-178.97,-172.919,136.37
S02/glasses/drowsy/S02_drowsy_glasses_000322.jpg,S02,drowsy,glasses,glasses,,1,0.19826,0.45409,0.41654,-22.307,179.79,-173.068,136.48
S02/glasses/drowsy/S02_drowsy_glasses_000323.jpg,S02,drowsy,glasses,glasses,,1,0.18208,0.45391,0.41639,-23.557,-179.491,-173.07,136.46
S02/glasses/drowsy/S02_drowsy_glasses_000324.jpg,S02,drowsy,glasses,glasses,,1,0.19499,0.45318,0.42278,-22.726,-179.366,-172.824,136.46
S02/glasses/drowsy/S02_drowsy_glasses_000325.jpg,S02,drowsy,glasses,glasses,,1,0.18804,0.45314,0.41504,-22.633,-179.132,-172.987,136.44
S02/glasses/drowsy/S02_drowsy_glasses_000326.jpg,S02,drowsy,glasses,glasses,,1,0.19994,0.45292,0.4168,-22.482,-178.554,-173.522,136.5
S02/glasses/drowsy/S02_drowsy_glasses_000327.jpg,S02,drowsy,glasses,glasses,,1,0.20932,0.45394,0.41642,-21.956,-179.496,-172.928,136.44
S02/glasses/drowsy/S02_drowsy_glasses_000328.jpg,S02,drowsy,glasses,glasses,,1,0.20261,0.45236,0.41682,-21.286,179.994,-172.479,136.38
S02/glasses/drowsy/S02_drowsy_glasses_000329.jpg,S02,drowsy,glasses,glasses,,1,0.19926,0.45444,0.41794,-23.085,-178.905,-173.286,136.37
S02/glasses/drowsy/S02_drowsy_glasses_000330.jpg,S02,drowsy,glasses,glasses,,1,0.20812,0.45399,0.41801,-22.648,-178.171,-173.059,136.38
S02/glasses/drowsy/S02_drowsy_glasses_000331.jpg,S02,drowsy,glasses,glasses,,1,0.21156,0.45314,0.41534,-21.455,179.34,-172.392,136.42
S02/glasses/drowsy/S02_drowsy_glasses_000332.jpg,S02,drowsy,glasses,glasses,,1,0.18521,0.45375,0.4198,-22.472,-179.683,-172.882,136.34
S02/glasses/drowsy/S02_drowsy_glasses_000333.jpg,S02,drowsy,glasses,glasses,,1,0.20803,0.454,0.42051,-22.374,-179.181,-173.274,136.39
S02/glasses/drowsy/S02_drowsy_glasses_000334.jpg,S02,drowsy,glasses,glasses,,1,0.19304,0.45362,0.41987,-22.745,179.963,-172.856,136.42
S02/glasses/drowsy/S02_drowsy_glasses_000335.jpg,S02,drowsy,glasses,glasses,,1,0.21934,0.45343,0.41431,-21.051,-179.883,-172.601,136.39
S02/glasses/drowsy/S02_drowsy_glasses_000336.jpg,S02,drowsy,glasses,glasses,,1,0.25322,0.45391,0.41279,-22.915,-178.689,-173.043,136.27
S02/glasses/drowsy/S02_drowsy_glasses_000337.jpg,S02,drowsy,glasses,glasses,,1,0.26506,0.45237,0.41728,-23.503,-177.547,-173.201,136.36
S02/glasses/drowsy/S02_drowsy_glasses_000338.jpg,S02,drowsy,glasses,glasses,,1,0.25825,0.45286,0.41917,-22.979,-178.261,-172.77,136.58
S02/glasses/drowsy/S02_drowsy_glasses_000339.jpg,S02,drowsy,glasses,glasses,,1,0.28459,0.45292,0.417,-22.576,-177.382,-173.263,136.77
S02/glasses/drowsy/S02_drowsy_glasses_000340.jpg,S02,drowsy,glasses,glasses,,1,0.27309,0.45292,0.41458,-23.95,-178.126,-172.635,136.68
S02/glasses/drowsy/S02_drowsy_glasses_000341.jpg,S02,drowsy,glasses,glasses,,1,0.27593,0.45491,0.40971,-23.503,-177.466,-173.635,136.62
S02/glasses/drowsy/S02_drowsy_glasses_000342.jpg,S02,drowsy,glasses,glasses,,1,0.27092,0.4551,0.41435,-23.867,-177.103,-173.372,136.6
S02/glasses/drowsy/S02_drowsy_glasses_000343.jpg,S02,drowsy,glasses,glasses,,1,0.25158,0.45293,0.41482,-23.281,-178.549,-173.456,136.7
S02/glasses/drowsy/S02_drowsy_glasses_000344.jpg,S02,drowsy,glasses,glasses,,1,0.21974,0.45382,0.41481,-22.186,-179.737,-172.533,136.51
S02/glasses/drowsy/S02_drowsy_glasses_000345.jpg,S02,drowsy,glasses,glasses,,1,0.19443,0.45333,0.41461,-22.574,-179.779,-173.093,136.53
S02/glasses/drowsy/S02_drowsy_glasses_000346.jpg,S02,drowsy,glasses,glasses,,1,0.19694,0.45396,0.4172,-23.096,-178.758,-172.722,136.53
S02/glasses/drowsy/S02_drowsy_glasses_000347.jpg,S02,drowsy,glasses,glasses,,1,0.20379,0.4557,0.41723,-22.454,-179.123,-172.582,136.53
S02/glasses/drowsy/S02_drowsy_glasses_000348.jpg,S02,drowsy,glasses,glasses,,1,0.2154,0.4535,0.42276,-21.719,-179.895,-172.907,136.45
S02/glasses/drowsy/S02_drowsy_glasses_000349.jpg,S02,drowsy,glasses,glasses,,1,0.21669,0.45462,0.42152,-22.082,179.773,-173.026,136.48
S02/glasses/drowsy/S02_drowsy_glasses_000350.jpg,S02,drowsy,glasses,glasses,,1,0.21341,0.4545,0.41615,-22.67,-178.239,-173.179,136.53
S02/glasses/drowsy/S02_drowsy_glasses_000351.jpg,S02,drowsy,glasses,glasses,,1,0.21334,0.45417,0.41957,-22.551,-179.953,-172.48,136.66
S02/glasses/drowsy/S02_drowsy_glasses_000352.jpg,S02,drowsy,glasses,glasses,,1,0.19291,0.45288,0.41926,-20.85,179.887,-172.245,136.76
S02/glasses/drowsy/S02_drowsy_glasses_000353.jpg,S02,drowsy,glasses,glasses,,1,0.1963,0.45351,0.42479,-22.002,-178.952,-172.771,136.73
S02/glasses/drowsy/S02_drowsy_glasses_000354.jpg,S02,drowsy,glasses,glasses,,1,0.20833,0.45418,0.43198,-20.762,-179.768,-172.394,136.83
S02/glasses/drowsy/S02_drowsy_glasses_000355.jpg,S02,drowsy,glasses,glasses,,1,0.20692,0.45354,0.42777,-21.359,-179.502,-173.308,136.95
S02/glasses/drowsy/S02_drowsy_glasses_000356.jpg,S02,drowsy,glasses,glasses,,1,0.19548,0.4531,0.42326,-22.666,-179.234,-172.647,137.12
S02/glasses/drowsy/S02_drowsy_glasses_000357.jpg,S02,drowsy,glasses,glasses,,1,0.20655,0.45388,0.42183,-23.041,-179.275,-173.767,137.02
S02/glasses/drowsy/S02_drowsy_glasses_000358.jpg,S02,drowsy,glasses,glasses,,1,0.19709,0.45365,0.4238,-20.534,179.909,-172.782,137.1
S02/glasses/drowsy/S02_drowsy_glasses_000359.jpg,S02,drowsy,glasses,glasses,,1,0.19796,0.45325,0.42304,-21.845,179.898,-172.928,136.88
S02/glasses/drowsy/S02_drowsy_glasses_000360.jpg,S02,drowsy,glasses,glasses,,1,0.16905,0.45392,0.42461,-22.214,-179.826,-172.595,137.06
S02/glasses/drowsy/S02_drowsy_glasses_000361.jpg,S02,drowsy,glasses,glasses,,1,0.19938,0.45391,0.42293,-20.82,179.095,-172.696,136.88
S02/glasses/drowsy/S02_drowsy_glasses_000362.jpg,S02,drowsy,glasses,glasses,,1,0.20788,0.45405,0.42887,-21.344,179.968,-173.226,136.85
S02/glasses/drowsy/S02_drowsy_glasses_000363.jpg,S02,drowsy,glasses,glasses,,1,0.18888,0.4525,0.42484,-20.941,-179.708,-173.083,136.72
S02/glasses/drowsy/S02_drowsy_glasses_000364.jpg,S02,drowsy,glasses,glasses,,1,0.19077,0.45354,0.42498,-21.383,-179.678,-173.335,136.72
S02/glasses/drowsy/S02_drowsy_glasses_000365.jpg,S02,drowsy,glasses,glasses,,1,0.19259,0.45423,0.42376,-24.11,-178.224,-173.313,136.63
S02/glasses/drowsy/S02_drowsy_glasses_000366.jpg,S02,drowsy,glasses,glasses,,1,0.23897,0.45381,0.41647,-21.794,-178.142,-173.182,136.59
S02/glasses/drowsy/S02_drowsy_glasses_000367.jpg,S02,drowsy,glasses,glasses,,1,0.25776,0.45227,0.41709,-22.821,-176.969,-172.975,136.8
S02/glasses/drowsy/S02_drowsy_glasses_000368.jpg,S02,drowsy,glasses,glasses,,1,0.27427,0.45307,0.42099,-23.939,-177.597,-173.604,137.07
S02/glasses/drowsy/S02_drowsy_glasses_000369.jpg,S02,drowsy,glasses,glasses,,1,0.27352,0.4535,0.42067,-22.165,-178.308,-173.302,136.93
S02/glasses/drowsy/S02_drowsy_glasses_000370.jpg,S02,drowsy,glasses,glasses,,1,0.26822,0.45316,0.41905,-21.939,-178.356,-172.462,137.04
S02/glasses/drowsy/S02_drowsy_glasses_000371.jpg,S02,drowsy,glasses,glasses,,1,0.27221,0.45311,0.41949,-22.406,-178.267,-173.318,136.67
S02/glasses/drowsy/S02_drowsy_glasses_000372.jpg,S02,drowsy,glasses,glasses,,1,0.28105,0.45386,0.41599,-22.998,-178.289,-173.416,136.79
S02/glasses/drowsy/S02_drowsy_glasses_000373.jpg,S02,drowsy,glasses,glasses,,1,0.29411,0.46063,0.42025,-22.944,-177.371,-173.558,137.0
S02/glasses/drowsy/S02_drowsy_glasses_000374.jpg,S02,drowsy,glasses,glasses,,1,0.29217,0.45327,0.42271,-22.701,-176.939,-172.998,136.99
S02/glasses/drowsy/S02_drowsy_glasses_000375.jpg,S02,drowsy,glasses,glasses,,1,0.28726,0.45317,0.42343,-23.011,-177.925,-173.161,137.01
S02/glasses/drowsy/S02_drowsy_glasses_000376.jpg,S02,drowsy,glasses,glasses,,1,0.28548,0.45437,0.42625,-21.683,-177.091,-173.515,136.99
S02/glasses/drowsy/S02_drowsy_glasses_000377.jpg,S02,drowsy,glasses,glasses,,1,0.27824,0.46511,0.42393,-21.943,-177.655,-173.136,136.95
S02/glasses/drowsy/S02_drowsy_glasses_000378.jpg,S02,drowsy,glasses,glasses,,1,0.27451,0.45338,0.42277,-22.015,-177.093,-173.018,136.92
S02/glasses/drowsy/S02_drowsy_glasses_000379.jpg,S02,drowsy,glasses,glasses,,1,0.27698,0.45359,0.429,-21.809,-178.505,-172.971,136.9
S02/glasses/drowsy/S02_drowsy_glasses_000380.jpg,S02,drowsy,glasses,glasses,,1,0.25916,0.45512,0.42905,-22.597,-179.386,-173.248,136.88
S02/glasses/drowsy/S02_drowsy_glasses_000381.jpg,S02,drowsy,glasses,glasses,,1,0.20917,0.45426,0.42422,-22.021,-179.592,-172.756,136.91
S02/glasses/drowsy/S02_drowsy_glasses_000382.jpg,S02,drowsy,glasses,glasses,,1,0.20233,0.45279,0.42613,-22.093,179.501,-172.847,137.09
S02/glasses/drowsy/S02_drowsy_glasses_000383.jpg,S02,drowsy,glasses,glasses,,1,0.22033,0.45567,0.41925,-21.714,-179.166,-173.049,137.41
S02/glasses/drowsy/S02_drowsy_glasses_000384.jpg,S02,drowsy,glasses,glasses,,1,0.21931,0.45318,0.42554,-22.28,-179.559,-173.438,137.17
S02/glasses/drowsy/S02_drowsy_glasses_000385.jpg,S02,drowsy,glasses,glasses,,1,0.17634,0.45295,0.42256,-22.788,-179.316,-172.982,137.29
S02/glasses/drowsy/S02_drowsy_glasses_000386.jpg,S02,drowsy,glasses,glasses,,1,0.20362,0.45375,0.42114,-22.676,179.539,-173.141,137.13
S02/glasses/drowsy/S02_drowsy_glasses_000387.jpg,S02,drowsy,glasses,glasses,,1,0.215,0.45321,0.42597,-22.6,-179.351,-173.27,137.05
S02/glasses/drowsy/S02_drowsy_glasses_000388.jpg,S02,drowsy,glasses,glasses,,1,0.1991,0.45095,0.4299,-22.406,-179.629,-173.25,137.12
S02/glasses/drowsy/S02_drowsy_glasses_000389.jpg,S02,drowsy,glasses,glasses,,1,0.201,0.45401,0.42619,-23.858,-178.418,-173.042,136.06
S02/glasses/drowsy/S02_drowsy_glasses_000390.jpg,S02,drowsy,glasses,glasses,,1,0.17496,0.45323,0.42812,-23.694,-179.363,-172.752,137.11
S02/glasses/drowsy/S02_drowsy_glasses_000391.jpg,S02,drowsy,glasses,glasses,,1,0.16747,0.45439,0.42779,-21.295,-179.387,-172.643,136.47
S02/glasses/drowsy/S02_drowsy_glasses_000392.jpg,S02,drowsy,glasses,glasses,,1,0.2057,0.45458,0.4301,-23.187,-179.956,-173.117,137.16
S02/glasses/drowsy/S02_drowsy_glasses_000393.jpg,S02,drowsy,glasses,glasses,,1,0.19383,0.45522,0.42793,-22.109,-179.946,-172.933,136.83
S02/glasses/drowsy/S02_drowsy_glasses_000394.jpg,S02,drowsy,glasses,glasses,,1,0.2089,0.45426,0.42278,-21.466,-179.626,-172.954,137.07
S02/glasses/drowsy/S02_drowsy_glasses_000395.jpg,S02,drowsy,glasses,glasses,,1,0.20309,0.4552,0.42726,-23.307,-179.925,-173.048,136.82
S02/glasses/drowsy/S02_drowsy_glasses_000396.jpg,S02,drowsy,glasses,glasses,,1,0.2259,0.4533,0.4247,-21.29,179.169,-172.524,137.23
S02/glasses/drowsy/S02_drowsy_glasses_000397.jpg,S02,drowsy,glasses,glasses,,1,0.18294,0.45471,0.43062,-22.036,179.367,-172.706,136.88
S02/glasses/drowsy/S02_drowsy_glasses_000398.jpg,S02,drowsy,glasses,glasses,,1,0.19598,0.45305,0.42397,-20.891,178.927,-172.416,137.06
S02/glasses/drowsy/S02_drowsy_glasses_000399.jpg,S02,drowsy,glasses,glasses,,1,0.20399,0.45414,0.42534,-22.368,-179.366,-172.778,136.84
S02/glasses/drowsy/S02_drowsy_glasses_000400.jpg,S02,drowsy,glasses,glasses,,1,0.2053,0.45402,0.42301,-21.068,-179.389,-172.436,137.12
S02/glasses/drowsy/S02_drowsy_glasses_000401.jpg,S02,drowsy,glasses,glasses,,1,0.2172,0.454,0.4269,-20.925,179.613,-172.772,137.06
S02/glasses/drowsy/S02_drowsy_glasses_000402.jpg,S02,drowsy,glasses,glasses,,1,0.20391,0.45227,0.4259,-21.128,179.984,-172.782,137.02
S02/glasses/drowsy/S02_drowsy_glasses_000403.jpg,S02,drowsy,glasses,glasses,,1,0.17168,0.45334,0.42575,-22.163,179.848,-172.343,137.02
S02/glasses/drowsy/S02_drowsy_glasses_000404.jpg,S02,drowsy,glasses,glasses,,1,0.20325,0.45897,0.42311,-22.216,-179.638,-173.245,136.92
S02/glasses/drowsy/S02_drowsy_glasses_000405.jpg,S02,drowsy,glasses,glasses,,1,0.21385,0.45124,0.4263,-20.663,-179.253,-172.528,136.94
S02/glasses/drowsy/S02_drowsy_glasses_000406.jpg,S02,drowsy,glasses,glasses,,1,0.20413,0.45302,0.4231,-21.124,179.477,-172.293,136.97
S02/glasses/drowsy/S02_drowsy_glasses_000407.jpg,S02,drowsy,glasses,glasses,,1,0.21645,0.45357,0.4234,-21.381,-178.081,-173.227,136.96
S02/glasses/drowsy/S02_drowsy_glasses_000408.jpg,S02,drowsy,glasses,glasses,,1,0.26197,0.45439,0.4221,-21.142,-178.416,-172.823,136.9
S02/glasses/drowsy/S02_drowsy_glasses_000409.jpg,S02,drowsy,glasses,glasses,,1,0.26008,0.45403,0.42021,-22.947,-177.062,-173.205,136.7
S02/glasses/drowsy/S02_drowsy_glasses_000410.jpg,S02,drowsy,glasses,glasses,,1,0.2796,0.45504,0.4214,-22.891,-177.933,-172.871,136.9
S02/glasses/drowsy/S02_drowsy_glasses_000411.jpg,S02,drowsy,glasses,glasses,,1,0.28505,0.45394,0.42924,-21.343,-178.441,-172.816,136.97
S02/glasses/drowsy/S02_drowsy_glasses_000412.jpg,S02,drowsy,glasses,glasses,,1,0.27685,0.45145,0.42175,-22.792,-177.801,-172.715,137.13
S02/glasses/drowsy/S02_drowsy_glasses_000413.jpg,S02,drowsy,glasses,glasses,,1,0.28477,0.45338,0.4209,-22.573,-178.303,-172.871,136.8
S02/glasses/drowsy/S02_drowsy_glasses_000414.jpg,S02,drowsy,glasses,glasses,,1,0.28722,0.45223,0.42309,-21.043,-177.524,-172.864,137.04
S02/glasses/drowsy/S02_drowsy_glasses_000415.jpg,S02,drowsy,glasses,glasses,,1,0.2726,0.45511,0.42474,-20.375,-177.929,-172.559,136.78
S02/glasses/drowsy/S02_drowsy_glasses_000416.jpg,S02,drowsy,glasses,glasses,,1,0.29145,0.45295,0.42619,-21.764,-177.837,-173.188,137.02
S02/glasses/drowsy/S02_drowsy_glasses_000417.jpg,S02,drowsy,glasses,glasses,,1,0.28061,0.45442,0.42124,-22.551,-176.956,-173.475,137.41
S02/glasses/drowsy/S02_drowsy_glasses_000418.jpg,S02,drowsy,glasses,glasses,,1,0.28181,0.45448,0.42841,-22.335,-177.99,-173.07,137.45
S02/glasses/drowsy/S02_drowsy_glasses_000419.jpg,S02,drowsy,glasses,glasses,,1,0.27954,0.45429,0.42413,-22.746,-177.368,-173.285,137.37
S02/glasses/drowsy/S02_drowsy_glasses_000420.jpg,S02,drowsy,glasses,glasses,,1,0.28397,0.45317,0.43189,-22.396,-178.103,-172.62,137.05
S02/glasses/drowsy/S02_drowsy_glasses_000421.jpg,S02,drowsy,glasses,glasses,,1,0.27893,0.45204,0.42299,-21.693,-178.172,-172.679,137.33
S02/glasses/drowsy/S02_drowsy_glasses_000422.jpg,S02,drowsy,glasses,glasses,,1,0.28191,0.45434,0.42792,-22.153,-177.36,-173.424,137.05
S02/glasses/drowsy/S02_drowsy_glasses_000423.jpg,S02,drowsy,glasses,glasses,,1,0.2433,0.45172,0.43083,-21.725,-179.526,-173.229,137.01
S02/glasses/drowsy/S02_drowsy_glasses_000424.jpg,S02,drowsy,glasses,glasses,,1,0.23021,0.4556,0.42405,-22.056,-179.886,-172.746,137.35
S02/glasses/drowsy/S02_drowsy_glasses_000425.jpg,S02,drowsy,glasses,glasses,,1,0.1688,0.45473,0.42775,-20.497,179.011,-172.214,137.11
S02/glasses/drowsy/S02_drowsy_glasses_000426.jpg,S02,drowsy,glasses,glasses,,1,0.20378,0.45758,0.42245,-23.997,-179.206,-173.505,136.66
S02/glasses/drowsy/S02_drowsy_glasses_000427.jpg,S02,drowsy,glasses,glasses,,1,0.16644,0.45358,0.42665,-20.647,179.507,-172.609,137.01
S02/glasses/drowsy/S02_drowsy_glasses_000428.jpg,S02,drowsy,glasses,glasses,,1,0.17132,0.45379,0.42264,-21.672,-179.829,-172.91,136.84
S02/glasses/yawning/S02_yawning_glasses_000000.jpg,S02,yawning,glasses,glasses,,1,0.31829,0.49639,0.47042,-23.816,-178.452,-174.33,137.51
S02/glasses/yawning/S02_yawning_glasses_000001.jpg,S02,yawning,glasses,glasses,,1,0.29943,0.65865,0.51013,-23.681,179.918,-172.745,137.57
S02/glasses/yawning/S02_yawning_glasses_000002.jpg,S02,yawning,glasses,glasses,,1,0.32099,0.77149,0.53723,-25.05,179.627,-174.05,137.43
S02/glasses/yawning/S02_yawning_glasses_000003.jpg,S02,yawning,glasses,glasses,,1,0.30799,0.82082,0.54062,-28.163,-178.356,-175.154,137.32
S02/glasses/yawning/S02_yawning_glasses_000004.jpg,S02,yawning,glasses,glasses,,1,0.2663,0.83032,0.55063,-22.834,179.194,-175.222,137.2
S02/glasses/yawning/S02_yawning_glasses_000005.jpg,S02,yawning,glasses,glasses,,1,0.29414,0.81248,0.53653,-27.144,-177.533,-175.989,137.19
S02/glasses/yawning/S02_yawning_glasses_000006.jpg,S02,yawning,glasses,glasses,,1,0.28227,0.85218,0.53953,-26.442,-177.271,-175.155,136.98
S02/glasses/yawning/S02_yawning_glasses_000007.jpg,S02,yawning,glasses,glasses,,1,0.30382,0.84595,0.5264,-26.784,-175.958,-175.765,136.81
S02/glasses/yawning/S02_yawning_glasses_000008.jpg,S02,yawning,glasses,glasses,,1,0.29992,0.82629,0.53745,-27.891,-176.594,-175.215,136.7
S02/glasses/yawning/S02_yawning_glasses_000009.jpg,S02,yawning,glasses,glasses,,1,0.322,0.80109,0.53299,-27.859,-175.461,-175.897,136.75
S02/glasses/yawning/S02_yawning_glasses_000010.jpg,S02,yawning,glasses,glasses,,1,0.27186,0.8351,0.54811,-22.222,179.816,-174.036,136.52
S02/glasses/yawning/S02_yawning_glasses_000011.jpg,S02,yawning,glasses,glasses,,1,0.28232,0.81018,0.52926,-25.245,-178.997,-173.665,136.62
S02/glasses/yawning/S02_yawning_glasses_000012.jpg,S02,yawning,glasses,glasses,,1,0.33245,0.72833,0.52001,-24.938,-175.911,-176.568,136.5
S02/glasses/yawning/S02_yawning_glasses_000013.jpg,S02,yawning,glasses,glasses,,1,0.34994,0.52368,0.50963,-23.668,-172.838,-177.691,136.33
S02/glasses/yawning/S02_yawning_glasses_000014.jpg,S02,yawning,glasses,glasses,,1,0.36344,0.45829,0.49488,-22.402,-174.153,-178.114,136.17
S02/glasses/yawning/S02_yawning_glasses_000015.jpg,S02,yawning,glasses,glasses,,1,0.35997,0.44914,0.48159,-23.082,-175.052,-177.268,136.18
S02/glasses/yawning/S02_yawning_glasses_000016.jpg,S02,yawning,glasses,glasses,,1,0.34788,0.45129,0.47634,-24.115,-173.423,-177.401,136.4
S02/glasses/yawning/S02_yawning_glasses_000017.jpg,S02,yawning,glasses,glasses,,1,0.35135,0.45045,0.47906,-24.825,-174.807,-176.72,136.24
S02/glasses/yawning/S02_yawning_glasses_000018.jpg,S02,yawning,glasses,glasses,,1,0.35839,0.44989,0.4816,-23.973,-172.817,-176.309,136.14
S02/glasses/yawning/S02_yawning_glasses_000019.jpg,S02,yawning,glasses,glasses,,1,0.3641,0.44947,0.48232,-24.091,-172.116,-176.56,136.08
S02/glasses/yawning/S02_yawning_glasses_000020.jpg,S02,yawning,glasses,glasses,,1,0.24831,0.44946,0.49326,-21.387,-178.597,-172.782,136.24
S02/glasses/yawning/S02_yawning_glasses_000021.jpg,S02,yawning,glasses,glasses,,1,0.27348,0.44763,0.49817,-24.169,-176.37,-173.869,135.97
S02/glasses/yawning/S02_yawning_glasses_000022.jpg,S02,yawning,glasses,glasses,,1,0.2592,0.44787,0.50086,-21.659,-175.557,-172.993,136.25
S02/glasses/yawning/S02_yawning_glasses_000023.jpg,S02,yawning,glasses,glasses,,1,0.27449,0.44886,0.49792,-22.46,-174.838,-174.662,136.17
S02/glasses/yawning/S02_yawning_glasses_000024.jpg,S02,yawning,glasses,glasses,,1,0.28173,0.44991,0.48626,-22.62,-175.647,-174.475,136.0
S02/glasses/yawning/S02_yawning_glasses_000025.jpg,S02,yawning,glasses,glasses,,1,0.27907,0.44994,0.48963,-24.687,-175.986,-175.623,136.04
S02/glasses/yawning/S02_yawning_glasses_000026.jpg,S02,yawning,glasses,glasses,,1,0.26719,0.45483,0.49064,-25.01,-178.087,-174.128,135.93
S02/glasses/yawning/S02_yawning_glasses_000027.jpg,S02,yawning,glasses,glasses,,1,0.27608,0.45045,0.47866,-25.015,-177.086,-174.842,135.67
S02/glasses/yawning/S02_yawning_glasses_000028.jpg,S02,yawning,glasses,glasses,,1,0.28001,0.45275,0.50289,-23.372,-177.988,-174.852,135.53
S02/glasses/yawning/S02_yawning_glasses_000029.jpg,S02,yawning,glasses,glasses,,1,0.23763,0.47947,0.49324,-23.425,179.196,-174.452,135.72
S02/glasses/yawning/S02_yawning_glasses_000030.jpg,S02,yawning,glasses,glasses,,1,0.27998,0.54446,0.50164,-25.299,-178.114,-174.839,135.74
S02/glasses/yawning/S02_yawning_glasses_000031.jpg,S02,yawning,glasses,glasses,,1,0.27713,0.54775,0.49899,-22.676,-177.493,-174.814,135.77
S02/glasses/yawning/S02_yawning_glasses_000032.jpg,S02,yawning,glasses,glasses,,1,0.29691,0.53522,0.49608,-23.768,-178.643,-175.028,135.67
S02/glasses/yawning/S02_yawning_glasses_000033.jpg,S02,yawning,glasses,glasses,,1,0.286,0.5331,0.49974,-24.454,-177.103,-176.175,135.78
S02/glasses/yawning/S02_yawning_glasses_000034.jpg,S02,yawning,glasses,glasses,,1,0.22365,0.54466,0.51081,-25.615,179.513,-175.245,135.85
S02/glasses/yawning/S02_yawning_glasses_000035.jpg,S02,yawning,glasses,glasses,,1,0.28842,0.54113,0.49945,-24.487,-178.892,-175.485,135.9
S02/glasses/yawning/S02_yawning_glasses_000036.jpg,S02,yawning,glasses,glasses,,1,0.27715,0.55508,0.50553,-23.367,-178.401,-175.748,136.01
S02/glasses/yawning/S02_yawning_glasses_000037.jpg,S02,yawning,glasses,glasses,,1,0.29433,0.56722,0.50612,-24.923,-176.662,-176.288,135.77
S02/glasses/yawning/S02_yawning_glasses_000038.jpg,S02,yawning,glasses,glasses,,1,0.28631,0.51482,0.49044,-24.608,-178.021,-175.678,135.79
S02/glasses/yawning/S02_yawning_glasses_000039.jpg,S02,yawning,glasses,glasses,,1,0.30738,0.45329,0.47722,-24.153,-178.041,-174.818,135.67
S02/glasses/yawning/S02_yawning_glasses_000040.jpg,S02,yawning,glasses,glasses,,1,0.29776,0.45235,0.48036,-25.507,-177.938,-175.207,135.86
S02/glasses/yawning/S02_yawning_glasses_000041.jpg,S02,yawning,glasses,glasses,,1,0.2908,0.45208,0.47955,-24.735,-176.608,-175.639,135.7
S02/glasses/yawning/S02_yawning_glasses_000042.jpg,S02,yawning,glasses,glasses,,1,0.27481,0.45272,0.47416,-24.424,-176.659,-174.625,135.77
S02/glasses/yawning/S02_yawning_glasses_000043.jpg,S02,yawning,glasses,glasses,,1,0.23443,0.45001,0.48146,-21.923,-179.255,-174.505,135.86
S02/glasses/yawning/S02_yawning_glasses_000044.jpg,S02,yawning,glasses,glasses,,1,0.25214,0.4515,0.49018,-24.155,179.703,-172.08,135.82
S02/glasses/yawning/S02_yawning_glasses_000045.jpg,S02,yawning,glasses,glasses,,1,0.27324,0.44881,0.4801,-24.649,-176.611,-173.856,135.76
S02/glasses/yawning/S02_yawning_glasses_000046.jpg,S02,yawning,glasses,glasses,,1,0.26804,0.44947,0.48014,-23.005,-176.203,-174.491,135.7
S02/glasses/yawning/S02_yawning_glasses_000047.jpg,S02,yawning,glasses,glasses,,1,0.2686,0.45115,0.48135,-24.346,-176.83,-174.267,135.76
S02/glasses/yawning/S02_yawning_glasses_000048.jpg,S02,yawning,glasses,glasses,,1,0.28485,0.45224,0.47394,-22.992,-176.948,-175.116,135.72
S02/glasses/yawning/S02_yawning_glasses_000049.jpg,S02,yawning,glasses,glasses,,1,0.2595,0.45135,0.48071,-24.164,-177.086,-174.536,135.68
S02/glasses/yawning/S02_yawning_glasses_000050.jpg,S02,yawning,glasses,glasses,,1,0.21792,0.44976,0.48289,-18.286,178.595,-172.807,135.77
S02/glasses/yawning/S02_yawning_glasses_000051.jpg,S02,yawning,glasses,glasses,,1,0.26059,0.45031,0.47805,-22.658,-179.353,-173.616,135.84
S02/glasses/yawning/S02_yawning_glasses_000052.jpg,S02,yawning,glasses,glasses,,1,0.26491,0.45985,0.48009,-23.712,-177.841,-174.718,135.85
S02/glasses/yawning/S02_yawning_glasses_000053.jpg,S02,yawning,glasses,glasses,,1,0.2805,0.64939,0.51088,-26.539,-176.486,-175.04,135.87
S02/glasses/yawning/S02_yawning_glasses_000054.jpg,S02,yawning,glasses,glasses,,1,0.26741,0.73899,0.52622,-25.203,-176.596,-174.693,135.84
S02/glasses/yawning/S02_yawning_glasses_000055.jpg,S02,yawning,glasses,glasses,,1,0.25512,0.80596,0.54202,-26.893,-179.942,-174.848,135.96
S02/glasses/yawning/S02_yawning_glasses_000056.jpg,S02,yawning,glasses,glasses,,1,0.21188,0.87927,0.52457,-29.274,-177.388,-174.973,135.91
S02/glasses/yawning/S02_yawning_glasses_000057.jpg,S02,yawning,glasses,glasses,,1,0.26653,0.90004,0.52451,-29.239,-176.741,-174.937,135.98
S02/glasses/yawning/S02_yawning_glasses_000058.jpg,S02,yawning,glasses,glasses,,1,0.25543,0.90962,0.52945,-29.873,-177.299,-175.038,135.87
S02/glasses/yawning/S02_yawning_glasses_000059.jpg,S02,yawning,glasses,glasses,,1,0.26177,0.88809,0.53018,-29.313,-176.78,-175.032,135.89
S02/glasses/yawning/S02_yawning_glasses_000060.jpg,S02,yawning,glasses,glasses,,1,0.26528,0.89513,0.53505,-29.11,-177.394,-174.921,135.82
S02/glasses/yawning/S02_yawning_glasses_000061.jpg,S02,yawning,glasses,glasses,,1,0.27609,0.90475,0.52657,-29.268,-177.158,-175.624,135.76
S02/glasses/yawning/S02_yawning_glasses_000062.jpg,S02,yawning,glasses,glasses,,1,0.29671,0.91244,0.52438,-28.829,-176.612,-176.003,135.83
S02/glasses/yawning/S02_yawning_glasses_000063.jpg,S02,yawning,glasses,glasses,,1,0.32286,0.9183,0.53242,-27.618,-176.633,-174.785,135.93
S02/glasses/yawning/S02_yawning_glasses_000064.jpg,S02,yawning,glasses,glasses,,1,0.21484,0.92383,0.54077,-26.078,179.537,-174.995,136.12
S02/glasses/yawning/S02_yawning_glasses_000065.jpg,S02,yawning,glasses,glasses,,1,0.23864,0.90662,0.53241,-27.506,-179.623,-174.055,135.9
S02/glasses/yawning/S02_yawning_glasses_000066.jpg,S02,yawning,glasses,glasses,,1,0.27252,0.86624,0.53693,-27.699,-177.817,-174.611,135.94
S02/glasses/yawning/S02_yawning_glasses_000067.jpg,S02,yawning,glasses,glasses,,1,0.26008,0.85433,0.53214,-27.52,-177.907,-174.977,135.9
S02/glasses/yawning/S02_yawning_glasses_000068.jpg,S02,yawning,glasses,glasses,,1,0.27642,0.86592,0.53813,-27.933,-176.231,-176.398,135.93
S02/glasses/yawning/S02_yawning_glasses_000069.jpg,S02,yawning,glasses,glasses,,1,0.26208,0.86033,0.52902,-28.694,-175.993,-175.962,135.95
S02/glasses/yawning/S02_yawning_glasses_000070.jpg,S02,yawning,glasses,glasses,,1,0.26627,0.85642,0.545,-27.343,-177.436,-173.972,135.97
S02/glasses/yawning/S02_yawning_glasses_000071.jpg,S02,yawning,glasses,glasses,,1,0.26909,0.86153,0.53357,-29.114,-176.345,-174.926,135.93
S02/glasses/yawning/S02_yawning_glasses_000072.jpg,S02,yawning,glasses,glasses,,1,0.20404,0.86531,0.54578,-25.097,-179.461,-174.526,135.95
S02/glasses/yawning/S02_yawning_glasses_000073.jpg,S02,yawning,glasses,glasses,,1,0.2685,0.85104,0.53631,-29.143,-177.57,-175.7,135.89
S02/glasses/yawning/S02_yawning_glasses_000074.jpg,S02,yawning,glasses,glasses,,1,0.26552,0.85405,0.54164,-28.018,-175.909,-175.313,135.92
S02/glasses/yawning/S02_yawning_glasses_000075.jpg,S02,yawning,glasses,glasses,,1,0.27539,0.85848,0.53321,-28.882,-176.487,-175.464,135.92
S02/glasses/yawning/S02_yawning_glasses_000076.jpg,S02,yawning,glasses,glasses,,1,0.26784,0.85597,0.54357,-28.758,-175.63,-175.504,135.95
S02/glasses/yawning/S02_yawning_glasses_000077.jpg,S02,yawning,glasses,glasses,,1,0.25932,0.85503,0.54262,-27.885,-175.725,-175.55,135.95
S02/glasses/yawning/S02_yawning_glasses_000078.jpg,S02,yawning,glasses,glasses,,1,0.2663,0.85305,0.53942,-28.185,-175.788,-175.179,135.87
S02/glasses/yawning/S02_yawning_glasses_000079.jpg,S02,yawning,glasses,glasses,,1,0.27615,0.84181,0.54483,-28.955,-175.586,-174.868,135.9
S02/glasses/yawning/S02_yawning_glasses_000080.jpg,S02,yawning,glasses,glasses,,1,0.28297,0.84576,0.51788,-28.358,-175.803,-174.661,135.9
S02/glasses/yawning/S02_yawning_glasses_000081.jpg,S02,yawning,glasses,glasses,,1,0.272,0.84763,0.52938,-28.906,-175.727,-175.815,135.96
S02/glasses/yawning/S02_yawning_glasses_000082.jpg,S02,yawning,glasses,glasses,,1,0.277,0.82987,0.52922,-28.911,-176.316,-174.972,135.94
S02/glasses/yawning/S02_yawning_glasses_000083.jpg,S02,yawning,glasses,glasses,,1,0.27109,0.84021,0.53109,-28.138,-176.043,-174.859,135.94
S02/glasses/yawning/S02_yawning_glasses_000084.jpg,S02,yawning,glasses,glasses,,1,0.23785,0.82603,0.54618,-27.394,-178.32,-175.106,136.03
S02/glasses/yawning/S02_yawning_glasses_000085.jpg,S02,yawning,glasses,glasses,,1,0.29417,0.80247,0.53119,-28.222,-175.913,-174.412,136.03
S02/glasses/yawning/S02_yawning_glasses_000086.jpg,S02,yawning,glasses,glasses,,1,0.33164,0.82246,0.5352,-28.153,-173.108,-177.016,136.1
S02/glasses/yawning/S02_yawning_glasses_000087.jpg,S02,yawning,glasses,glasses,,1,0.32091,0.83731,0.51861,-29.53,-174.795,-175.818,136.12
S02/glasses/yawning/S02_yawning_glasses_000088.jpg,S02,yawning,glasses,glasses,,1,0.31437,0.81466,0.51685,-28.99,-174.761,-175.718,136.11
S02/glasses/yawning/S02_yawning_glasses_000089.jpg,S02,yawning,glasses,glasses,,1,0.32071,0.8109,0.51283,-28.53,-174.656,-176.531,136.21
S02/glasses/yawning/S02_yawning_glasses_000090.jpg,S02,yawning,glasses,glasses,,1,0.32802,0.80725,0.52376,-28.951,-174.822,-176.058,136.22
S02/glasses/yawning/S02_yawning_glasses_000091.jpg,S02,yawning,glasses,glasses,,1,0.32377,0.81163,0.5101,-28.965,-174.343,-176.432,136.18
S02/glasses/yawning/S02_yawning_glasses_000092.jpg,S02,yawning,glasses,glasses,,1,0.24292,0.82064,0.51505,-28.235,-176.937,-174.04,136.17
S02/glasses/yawning/S02_yawning_glasses_000093.jpg,S02,yawning,glasses,glasses,,1,0.31127,0.81409,0.52484,-28.931,-177.458,-172.834,136.14
S02/glasses/yawning/S02_yawning_glasses_000094.jpg,S02,yawning,glasses,glasses,,1,0.3098,0.81131,0.53279,-29.969,-177.073,-173.388,136.13
S02/glasses/yawning/S02_yawning_glasses_000095.jpg,S02,yawning,glasses,glasses,,1,0.30919,0.81204,0.52408,-29.6,-176.164,-174.234,136.12
S02/glasses/yawning/S02_yawning_glasses_000096.jpg,S02,yawning,glasses,glasses,,1,0.22227,0.80621,0.52361,-28.75,-176.482,-175.783,136.13
S02/glasses/yawning/S02_yawning_glasses_000097.jpg,S02,yawning,glasses,glasses,,1,0.30253,0.81521,0.51913,-28.566,-175.561,-174.944,136.18
S02/glasses/yawning/S02_yawning_glasses_000098.jpg,S02,yawning,glasses,glasses,,1,0.30422,0.79843,0.51376,-27.301,-174.003,-176.131,136.17
S02/glasses/yawning/S02_yawning_glasses_000099.jpg,S02,yawning,glasses,glasses,,1,0.32234,0.81779,0.52015,-28.454,-174.051,-176.15,136.21
S02/glasses/yawning/S02_yawning_glasses_000100.jpg,S02,yawning,glasses,glasses,,1,0.31482,0.81296,0.51338,-28.227,-174.253,-176.021,136.12
S02/glasses/yawning/S02_yawning_glasses_000101.jpg,S02,yawning,glasses,glasses,,1,0.29064,0.822,0.51968,-29.105,-175.452,-175.591,136.21
S02/glasses/yawning/S02_yawning_glasses_000102.jpg,S02,yawning,glasses,glasses,,1,0.29062,0.8077,0.52231,-29.731,-176.166,-175.531,136.28
S02/glasses/yawning/S02_yawning_glasses_000103.jpg,S02,yawning,glasses,glasses,,1,0.30953,0.81668,0.51878,-28.666,-174.52,-176.529,136.29
S02/glasses/yawning/S02_yawning_glasses_000104.jpg,S02,yawning,glasses,glasses,,1,0.30968,0.83542,0.5295,-29.558,-174.741,-176.054,136.44
S02/glasses/yawning/S02_yawning_glasses_000105.jpg,S02,yawning,glasses,glasses,,1,0.3253,0.82005,0.52314,-29.609,-174.523,-176.217,136.39
S02/glasses/yawning/S02_yawning_glasses_000106.jpg,S02,yawning,glasses,glasses,,1,0.24754,0.83579,0.53603,-26.198,-176.903,-174.95,136.29
S02/glasses/yawning/S02_yawning_glasses_000107.jpg,S02,yawning,glasses,glasses,,1,0.26814,0.82783,0.53885,-28.342,-176.092,-175.882,136.23
S02/glasses/yawning/S02_yawning_glasses_000108.jpg,S02,yawning,glasses,glasses,,1,0.29377,0.81154,0.53877,-27.533,-175.142,-176.014,136.07
S02/glasses/yawning/S02_yawning_glasses_000109.jpg,S02,yawning,glasses,glasses,,1,0.26392,0.83028,0.54207,-28.575,-176.358,-175.13,136.0
S02/glasses/yawning/S02_yawning_glasses_000110.jpg,S02,yawning,glasses,glasses,,1,0.27311,0.82019,0.54437,-27.733,-176.676,-175.589,136.06
S02/glasses/yawning/S02_yawning_glasses_000111.jpg,S02,yawning,glasses,glasses,,1,0.28582,0.83312,0.54415,-28.017,-176.449,-175.059,136.12
S02/glasses/yawning/S02_yawning_glasses_000112.jpg,S02,yawning,glasses,glasses,,1,0.29089,0.82406,0.53314,-28.562,-175.748,-175.724,136.05
S02/glasses/yawning/S02_yawning_glasses_000113.jpg,S02,yawning,glasses,glasses,,1,0.28239,0.85614,0.54599,-26.277,-176.11,-175.42,136.06
S02/glasses/yawning/S02_yawning_glasses_000114.jpg,S02,yawning,glasses,glasses,,1,0.29417,0.82448,0.53863,-28.461,-176.673,-175.899,136.08
S02/glasses/yawning/S02_yawning_glasses_000115.jpg,S02,yawning,glasses,glasses,,1,0.23136,0.83056,0.54065,-26.397,179.786,-174.492,136.21
S02/glasses/yawning/S02_yawning_glasses_000116.jpg,S02,yawning,glasses,glasses,,1,0.23432,0.81814,0.54628,-27.063,-177.416,-175.407,136.13
S02/glasses/yawning/S02_yawning_glasses_000117.jpg,S02,yawning,glasses,glasses,,1,0.26877,0.81319,0.53014,-27.865,-177.251,-174.728,136.19
S02/glasses/yawning/S02_yawning_glasses_000118.jpg,S02,yawning,glasses,glasses,,1,0.28845,0.82214,0.53126,-28.647,-176.127,-175.759,136.09
S02/glasses/yawning/S02_yawning_glasses_000119.jpg,S02,yawning,glasses,glasses,,1,0.27794,0.80565,0.52976,-28.577,-175.56,-175.562,136.1
S02/glasses/yawning/S02_yawning_glasses_000120.jpg,S02,yawning,glasses,glasses,,1,0.28624,0.81513,0.53397,-27.363,-175.739,-175.575,136.17
S02/glasses/yawning/S02_yawning_glasses_000121.jpg,S02,yawning,glasses,glasses,,1,0.27977,0.81285,0.5398,-27.464,-176.03,-175.679,136.08
S02/glasses/yawning/S02_yawning_glasses_000122.jpg,S02,yawning,glasses,glasses,,1,0.26692,0.71611,0.51112,-27.995,-175.337,-175.608,136.12
S02/glasses/yawning/S02_yawning_glasses_000123.jpg,S02,yawning,glasses,glasses,,1,0.24772,0.68852,0.52509,-24.76,-175.652,-175.94,136.07
S02/glasses/yawning/S02_yawning_glasses_000124.jpg,S02,yawning,glasses,glasses,,1,0.2945,0.61848,0.51448,-26.164,-174.121,-175.94,136.1
S02/glasses/yawning/S02_yawning_glasses_000125.jpg,S02,yawning,glasses,glasses,,1,0.27503,0.59563,0.51192,-26.059,-174.712,-174.997,136.02
S02/glasses/yawning/S02_yawning_glasses_000126.jpg,S02,yawning,glasses,glasses,,1,0.28867,0.58073,0.50338,-24.952,-173.907,-173.234,135.51
S02/glasses/yawning/S02_yawning_glasses_000127.jpg,S02,yawning,glasses,glasses,,1,0.27572,0.50681,0.49675,-24.014,-173.989,-173.863,136.05
S02/glasses/yawning/S02_yawning_glasses_000128.jpg,S02,yawning,glasses,glasses,,1,0.26275,0.55532,0.49773,-26.177,-173.889,-173.909,135.74
S02/glasses/yawning/S02_yawning_glasses_000129.jpg,S02,yawning,glasses,glasses,,1,0.20728,0.44815,0.50044,-19.868,-177.298,-172.088,134.61
S02/glasses/yawning/S02_yawning_glasses_000130.jpg,S02,yawning,glasses,glasses,,1,0.26447,0.44905,0.47355,-24.123,-175.248,-175.082,136.05
S02/glasses/yawning/S02_yawning_glasses_000131.jpg,S02,yawning,glasses,glasses,,1,0.27203,0.44861,0.47864,-24.003,-175.36,-175.096,136.21
S02/glasses/yawning/S02_yawning_glasses_000132.jpg,S02,yawning,glasses,glasses,,1,0.25296,0.44974,0.47765,-24.112,-175.421,-174.571,136.68
S02/glasses/yawning/S02_yawning_glasses_000133.jpg,S02,yawning,glasses,glasses,,1,0.25919,0.44994,0.4714,-24.724,-176.388,-174.383,136.56
S02/glasses/yawning/S02_yawning_glasses_000134.jpg,S02,yawning,glasses,glasses,,1,0.20184,0.44933,0.4796,-23.896,-177.38,-174.056,136.54
S02/glasses/yawning/S02_yawning_glasses_000135.jpg,S02,yawning,glasses,glasses,,1,0.21296,0.45007,0.47474,-23.177,-177.187,-174.498,136.26
S02/glasses/yawning/S02_yawning_glasses_000136.jpg,S02,yawning,glasses,glasses,,1,0.25095,0.44997,0.47407,-24.236,-178.401,-173.797,136.43
S02/glasses/yawning/S02_yawning_glasses_000137.jpg,S02,yawning,glasses,glasses,,1,0.27202,0.45019,0.46923,-25.128,-178.515,-174.507,136.38
S02/glasses/yawning/S02_yawning_glasses_000138.jpg,S02,yawning,glasses,glasses,,1,0.28741,0.44968,0.47456,-25.442,-176.805,-174.718,135.9
S02/glasses/yawning/S02_yawning_glasses_000139.jpg,S02,yawning,glasses,glasses,,1,0.27848,0.45477,0.4807,-25.782,-177.533,-174.917,135.53
S02/glasses/yawning/S02_yawning_glasses_000140.jpg,S02,yawning,glasses,glasses,,1,0.22671,0.45363,0.50372,-22.328,-179.524,-174.245,135.13
S02/glasses/yawning/S02_yawning_glasses_000141.jpg,S02,yawning,glasses,glasses,,1,0.2585,0.46679,0.48253,-24.607,-177.89,-174.443,135.6
S02/glasses/yawning/S02_yawning_glasses_000142.jpg,S02,yawning,glasses,glasses,,1,0.28312,0.46806,0.48599,-23.711,-177.775,-175.202,135.57
S02/glasses/yawning/S02_yawning_glasses_000143.jpg,S02,yawning,glasses,glasses,,1,0.28054,0.46524,0.48012,-23.698,-178.51,-175.496,135.48
S02/glasses/yawning/S02_yawning_glasses_000144.jpg,S02,yawning,glasses,glasses,,1,0.26429,0.45225,0.47889,-24.041,-179.024,-175.102,135.41
S02/glasses/yawning/S02_yawning_glasses_000145.jpg,S02,yawning,glasses,glasses,,1,0.29484,0.45731,0.46925,-23.845,-178.74,-174.754,135.37
S02/glasses/yawning/S02_yawning_glasses_000146.jpg,S02,yawning,glasses,glasses,,1,0.29035,0.45822,0.46976,-23.517,-178.646,-174.691,135.49
S02/glasses/yawning/S02_yawning_glasses_000147.jpg,S02,yawning,glasses,glasses,,1,0.27649,0.45279,0.46861,-23.419,-178.198,-174.42,135.79
S02/glasses/yawning/S02_yawning_glasses_000148.jpg,S02,yawning,glasses,glasses,,1,0.28441,0.45258,0.478,-24.045,-178.687,-174.184,135.7
S02/glasses/yawning/S02_yawning_glasses_000149.jpg,S02,yawning,glasses,glasses,,1,0.27143,0.45111,0.47227,-23.952,-178.284,-174.486,135.78
S02/glasses/yawning/S02_yawning_glasses_000150.jpg,S02,yawning,glasses,glasses,,1,0.27516,0.45247,0.47102,-23.496,-178.05,-173.554,135.6
S02/glasses/yawning/S02_yawning_glasses_000151.jpg,S02,yawning,glasses,glasses,,1,0.30566,0.45069,0.46453,-24.478,-177.428,-174.117,135.6
S02/glasses/yawning/S02_yawning_glasses_000152.jpg,S02,yawning,glasses,glasses,,1,0.31605,0.44928,0.47663,-23.893,-177.802,-172.729,135.41
S02/glasses/yawning/S02_yawning_glasses_000153.jpg,S02,yawning,glasses,glasses,,1,0.32346,0.45028,0.47443,-22.726,-176.693,-173.021,135.39
S02/glasses/yawning/S02_yawning_glasses_000154.jpg,S02,yawning,glasses,glasses,,1,0.32452,0.44944,0.4767,-24.773,-176.036,-173.886,135.44
S02/glasses/yawning/S02_yawning_glasses_000155.jpg,S02,yawning,glasses,glasses,,1,0.32063,0.4506,0.47649,-23.555,-175.676,-173.661,135.36
S02/glasses/yawning/S02_yawning_glasses_000156.jpg,S02,yawning,glasses,glasses,,1,0.21199,0.44912,0.48548,-22.126,-179.276,-173.69,135.35
S02/glasses/yawning/S02_yawning_glasses_000157.jpg,S02,yawning,glasses,glasses,,1,0.21536,0.45278,0.48212,-25.005,-176.88,-174.594,135.27
S02/glasses/yawning/S02_yawning_glasses_000158.jpg,S02,yawning,glasses,glasses,,1,0.25136,0.59617,0.50776,-26.791,-175.139,-174.736,135.43
S02/glasses/yawning/S02_yawning_glasses_000159.jpg,S02,yawning,glasses,glasses,,1,0.27906,0.68871,0.53204,-27.604,-176.095,-175.206,135.23
S02/glasses/yawning/S02_yawning_glasses_000160.jpg,S02,yawning,glasses,glasses,,1,0.2866,0.70031,0.52419,-28.201,-176.271,-176.717,134.36
S02/glasses/yawning/S02_yawning_glasses_000161.jpg,S02,yawning,glasses,glasses,,1,0.23816,0.68517,0.53753,-30.983,-177.159,-176.172,134.08
S02/glasses/yawning/S02_yawning_glasses_000162.jpg,S02,yawning,glasses,glasses,,1,0.25131,0.69607,0.54241,-25.364,-175.78,-176.944,133.63
S02/glasses/yawning/S02_yawning_glasses_000163.jpg,S02,yawning,glasses,glasses,,1,0.29924,0.71085,0.47442,-22.143,-179.673,-174.758,131.06
S02/glasses/yawning/S02_yawning_glasses_000164.jpg,S02,yawning,glasses,glasses,,1,0.29306,0.71015,0.47059,-20.618,-179.524,-175.2,130.65
S02/glasses/yawning/S02_yawning_glasses_000165.jpg,S02,yawning,glasses,glasses,,1,0.25776,0.68224,0.47853,-22.395,178.102,-175.682,130.56
S02/glasses/yawning/S02_yawning_glasses_000166.jpg,S02,yawning,glasses,glasses,,1,0.27042,0.67977,0.47485,-26.164,179.657,-175.532,129.46
S02/glasses/yawning/S02_yawning_glasses_000167.jpg,S02,yawning,glasses,glasses,,1,0.31902,0.6983,0.495,-27.411,-178.432,-177.296,129.4
S02/glasses/yawning/S02_yawning_glasses_000168.jpg,S02,yawning,glasses,glasses,,1,0.27842,0.68991,0.4957,-26.682,-178.856,-176.204,131.03
S02/glasses/yawning/S02_yawning_glasses_000169.jpg,S02,yawning,glasses,glasses,,1,0.28604,0.67516,0.49534,-28.415,-175.912,-176.956,131.72
S02/glasses/yawning/S02_yawning_glasses_000170.jpg,S02,yawning,glasses,glasses,,1,0.30734,0.66687,0.47729,-25.665,-176.835,-176.798,130.72
S02/glasses/yawning/S02_yawning_glasses_000171.jpg,S02,yawning,glasses,glasses,,1,0.22667,0.60215,0.46531,-21.857,-179.705,-175.617,129.89
S02/glasses/yawning/S02_yawning_glasses_000172.jpg,S02,yawning,glasses,glasses,,1,0.30782,0.64534,0.46005,-21.312,-179.249,-175.837,130.56
S02/glasses/yawning/S02_yawning_glasses_000173.jpg,S02,yawning,glasses,glasses,,1,0.3242,0.60335,0.45909,-20.169,-177.26,-176.328,131.4
S02/glasses/yawning/S02_yawning_glasses_000174.jpg,S02,yawning,glasses,glasses,,1,0.30985,0.52102,0.45456,-19.961,-178.313,-176.058,131.97
S02/glasses/yawning/S02_yawning_glasses_000175.jpg,S02,yawning,glasses,glasses,,1,0.32384,0.45369,0.45425,-23.195,-178.168,-176.768,131.9
S02/glasses/yawning/S02_yawning_glasses_000176.jpg,S02,yawning,glasses,glasses,,1,0.31104,0.45349,0.4693,-23.713,-179.119,-175.64,132.73
S02/glasses/yawning/S02_yawning_glasses_000177.jpg,S02,yawning,glasses,glasses,,1,0.27013,0.45032,0.48007,-21.428,179.75,-172.67,133.03
S02/glasses/yawning/S02_yawning_glasses_000178.jpg,S02,yawning,glasses,glasses,,1,0.28923,0.45138,0.4747,-21.909,-176.12,-172.566,133.29
S02/glasses/yawning/S02_yawning_glasses_000179.jpg,S02,yawning,glasses,glasses,,1,0.27419,0.44944,0.47599,-22.706,-177.054,-171.77,133.21
S02/glasses/yawning/S02_yawning_glasses_000180.jpg,S02,yawning,glasses,glasses,,1,0.29068,0.44872,0.47392,-23.484,-175.87,-172.287,133.62
S02/glasses/yawning/S02_yawning_glasses_000181.jpg,S02,yawning,glasses,glasses,,1,0.27829,0.45022,0.47152,-22.042,-176.74,-171.916,133.49
S02/glasses/yawning/S02_yawning_glasses_000182.jpg,S02,yawning,glasses,glasses,,1,0.22521,0.44972,0.47976,-20.679,178.885,-170.276,133.81
S02/glasses/yawning/S02_yawning_glasses_000183.jpg,S02,yawning,glasses,glasses,,1,0.26599,0.44989,0.47075,-22.821,-178.529,-171.78,133.98
S02/glasses/yawning/S02_yawning_glasses_000184.jpg,S02,yawning,glasses,glasses,,1,0.28027,0.44921,0.47174,-21.99,-177.67,-170.851,133.96
S02/glasses/yawning/S02_yawning_glasses_000185.jpg,S02,yawning,glasses,glasses,,1,0.27118,0.44976,0.46909,-22.508,-178.142,-170.804,133.79
S02/glasses/yawning/S02_yawning_glasses_000186.jpg,S02,yawning,glasses,glasses,,1,0.30002,0.45194,0.46587,-27.225,-179.558,-171.038,133.04
S02/glasses/yawning/S02_yawning_glasses_000187.jpg,S02,yawning,glasses,glasses,,1,0.24418,0.44975,0.48595,-27.32,-179.388,-170.86,133.08
S02/glasses/yawning/S02_yawning_glasses_000188.jpg,S02,yawning,glasses,glasses,,1,0.22567,0.44965,0.50633,-26.98,-179.838,-170.437,134.88
S02/glasses/yawning/S02_yawning_glasses_000189.jpg,S02,yawning,glasses,glasses,,1,0.24032,0.44848,0.51481,-26.533,175.617,-168.906,137.89
S02/glasses/yawning/S02_yawning_glasses_000190.jpg,S02,yawning,glasses,glasses,,1,0.25624,0.4478,0.50367,-31.24,173.945,-165.872,138.34
S02/glasses/yawning/S02_yawning_glasses_000191.jpg,S02,yawning,glasses,glasses,,1,0.25127,0.44826,0.49652,-31.879,176.01,-166.99,138.16
S02/glasses/yawning/S02_yawning_glasses_000192.jpg,S02,yawning,glasses,glasses,,1,0.26085,0.49162,0.48782,-32.79,176.869,-167.515,137.97
S02/glasses/yawning/S02_yawning_glasses_000193.jpg,S02,yawning,glasses,glasses,,1,0.25789,0.56989,0.49219,-34.387,176.356,-169.057,137.13
S02/glasses/yawning/S02_yawning_glasses_000194.jpg,S02,yawning,glasses,glasses,,1,0.19862,0.55314,0.4944,-32.384,178.933,-171.011,134.06
S02/glasses/yawning/S02_yawning_glasses_000195.jpg,S02,yawning,glasses,glasses,,1,0.24216,0.69463,0.50405,-30.961,179.143,-171.958,132.15
S02/glasses/yawning/S02_yawning_glasses_000196.jpg,S02,yawning,glasses,glasses,,1,0.23289,0.71646,0.51723,-28.284,-177.597,-172.931,134.19
S02/glasses/yawning/S02_yawning_glasses_000197.jpg,S02,yawning,glasses,glasses,,1,0.24969,0.74626,0.52406,-29.191,-177.752,-172.679,134.58
S02/glasses/yawning/S02_yawning_glasses_000198.jpg,S02,yawning,glasses,glasses,,1,0.26225,0.77561,0.52655,-30.206,-176.326,-173.836,135.41
S02/glasses/yawning/S02_yawning_glasses_000199.jpg,S02,yawning,glasses,glasses,,1,0.23701,0.74993,0.51918,-30.296,-177.078,-173.139,135.22
S02/glasses/yawning/S02_yawning_glasses_000200.jpg,S02,yawning,glasses,glasses,,1,0.19525,0.76517,0.53286,-30.274,-177.382,-172.745,135.11
S02/glasses/yawning/S02_yawning_glasses_000201.jpg,S02,yawning,glasses,glasses,,1,0.22631,0.77949,0.53248,-29.173,-178.368,-172.736,135.13
S02/glasses/yawning/S02_yawning_glasses_000202.jpg,S02,yawning,glasses,glasses,,1,0.25038,0.80188,0.52708,-29.746,-178.097,-173.191,134.86
S02/glasses/yawning/S02_yawning_glasses_000203.jpg,S02,yawning,glasses,glasses,,1,0.20629,0.8358,0.54596,-27.241,-178.707,-172.857,134.65
S02/glasses/yawning/S02_yawning_glasses_000204.jpg,S02,yawning,glasses,glasses,,1,0.25294,0.87842,0.53943,-30.043,-177.895,-172.17,134.55
S02/glasses/yawning/S02_yawning_glasses_000205.jpg,S02,yawning,glasses,glasses,,1,0.26273,0.92327,0.54,-30.002,-177.725,-172.769,135.01
S02/glasses/yawning/S02_yawning_glasses_000206.jpg,S02,yawning,glasses,glasses,,1,0.26536,0.9061,0.53445,-29.429,-177.929,-172.231,134.68
S02/glasses/yawning/S02_yawning_glasses_000207.jpg,S02,yawning,glasses,glasses,,1,0.22551,0.90512,0.54289,-27.448,-178.602,-173.321,134.39
S02/glasses/yawning/S02_yawning_glasses_000208.jpg,S02,yawning,glasses,glasses,,1,0.24481,0.89337,0.52192,-29.213,-177.906,-172.637,134.82
S02/glasses/yawning/S02_yawning_glasses_000209.jpg,S02,yawning,glasses,glasses,,1,0.25719,0.89527,0.52771,-30.414,-177.199,-173.101,134.76
S02/glasses/yawning/S02_yawning_glasses_000210.jpg,S02,yawning,glasses,glasses,,1,0.26992,0.90054,0.53211,-30.406,-177.112,-173.212,134.77
S02/glasses/yawning/S02_yawning_glasses_000211.jpg,S02,yawning,glasses,glasses,,1,0.23854,0.89836,0.52439,-29.04,-177.291,-172.959,135.1
S02/glasses/yawning/S02_yawning_glasses_000212.jpg,S02,yawning,glasses,glasses,,1,0.24276,0.88251,0.54029,-29.381,-177.048,-172.893,134.8
S02/glasses/yawning/S02_yawning_glasses_000213.jpg,S02,yawning,glasses,glasses,,1,0.24063,0.91764,0.55238,-29.29,-176.939,-173.538,134.9
S02/glasses/yawning/S02_yawning_glasses_000214.jpg,S02,yawning,glasses,glasses,,1,0.25062,0.96105,0.55798,-30.025,-177.224,-173.343,135.05
S02/glasses/yawning/S02_yawning_glasses_000215.jpg,S02,yawning,glasses,glasses,,1,0.23835,0.98797,0.55234,-30.233,-177.856,-172.821,134.8
S02/glasses/yawning/S02_yawning_glasses_000216.jpg,S02,yawning,glasses,glasses,,1,0.24867,0.97362,0.54498,-31.315,-177.606,-172.816,134.71
S02/glasses/yawning/S02_yawning_glasses_000217.jpg,S02,yawning,glasses,glasses,,1,0.23848,0.94688,0.53254,-30.764,-177.295,-172.916,135.07
S02/glasses/yawning/S02_yawning_glasses_000218.jpg,S02,yawning,glasses,glasses,,1,0.25914,0.91028,0.54859,-30.37,-177.552,-173.92,135.18
S02/glasses/yawning/S02_yawning_glasses_000219.jpg,S02,yawning,glasses,glasses,,1,0.25133,0.95604,0.55422,-27.444,-177.683,-173.048,135.12
S02/glasses/yawning/S02_yawning_glasses_000220.jpg,S02,yawning,glasses,glasses,,1,0.18784,0.90183,0.56334,-24.784,-178.154,-173.951,135.51
S02/glasses/yawning/S02_yawning_glasses_000221.jpg,S02,yawning,glasses,glasses,,1,0.22059,0.92785,0.54139,-28.511,-178.393,-172.425,135.2
S02/glasses/yawning/S02_yawning_glasses_000222.jpg,S02,yawning,glasses,glasses,,1,0.2659,0.93189,0.54581,-29.956,-176.929,-174.199,135.77
S02/glasses/yawning/S02_yawning_glasses_000223.jpg,S02,yawning,glasses,glasses,,1,0.2677,0.94576,0.54247,-29.279,-176.825,-173.669,135.37
S02/glasses/yawning/S02_yawning_glasses_000224.jpg,S02,yawning,glasses,glasses,,1,0.26322,0.91684,0.53414,-30.55,-176.33,-173.791,135.72
S02/glasses/yawning/S02_yawning_glasses_000225.jpg,S02,yawning,glasses,glasses,,1,0.2411,0.90467,0.54574,-27.825,-177.203,-173.457,135.86
S02/glasses/yawning/S02_yawning_glasses_000226.jpg,S02,yawning,glasses,glasses,,1,0.26511,0.92185,0.54877,-29.683,-176.069,-174.173,135.56
S02/glasses/yawning/S02_yawning_glasses_000227.jpg,S02,yawning,glasses,glasses,,1,0.25411,0.90342,0.5428,-29.714,-175.819,-173.858,135.57
S02/glasses/yawning/S02_yawning_glasses_000228.jpg,S02,yawning,glasses,glasses,,1,0.27235,0.85424,0.53854,-29.521,-175.711,-174.037,135.33
S02/glasses/yawning/S02_yawning_glasses_000229.jpg,S02,yawning,glasses,glasses,,1,0.26132,0.78911,0.52593,-28.531,-176.004,-173.704,135.49
S02/glasses/yawning/S02_yawning_glasses_000230.jpg,S02,yawning,glasses,glasses,,1,0.26668,0.76076,0.52733,-29.564,-175.628,-173.633,135.28
S02/glasses/yawning/S02_yawning_glasses_000231.jpg,S02,yawning,glasses,glasses,,1,0.26169,0.69186,0.50778,-29.478,-175.881,-173.501,135.48
S02/glasses/yawning/S02_yawning_glasses_000232.jpg,S02,yawning,glasses,glasses,,1,0.27059,0.65306,0.50559,-28.839,-175.729,-173.648,135.46
S02/glasses/yawning/S02_yawning_glasses_000233.jpg,S02,yawning,glasses,glasses,,1,0.26544,0.65343,0.50695,-27.225,-176.315,-173.484,135.24
S02/glasses/yawning/S02_yawning_glasses_000234.jpg,S02,yawning,glasses,glasses,,1,0.21501,0.71297,0.53042,-24.54,-177.889,-172.571,135.31
S02/glasses/yawning/S02_yawning_glasses_000235.jpg,S02,yawning,glasses,glasses,,1,0.24683,0.83413,0.53079,-27.613,-176.057,-174.018,135.12
S02/glasses/yawning/S02_yawning_glasses_000236.jpg,S02,yawning,glasses,glasses,,1,0.25691,0.86968,0.53993,-26.744,-175.979,-173.59,135.17
S02/glasses/yawning/S02_yawning_glasses_000237.jpg,S02,yawning,glasses,glasses,,1,0.25867,0.88085,0.53025,-28.125,-176.609,-173.906,134.84
S02/glasses/yawning/S02_yawning_glasses_000238.jpg,S02,yawning,glasses,glasses,,1,0.26081,0.9128,0.5367,-29.875,-177.599,-174.199,135.05
S02/glasses/yawning/S02_yawning_glasses_000239.jpg,S02,yawning,glasses,glasses,,1,0.24874,0.92479,0.53709,-28.643,-177.398,-173.529,134.78
S02/glasses/yawning/S02_yawning_glasses_000240.jpg,S02,yawning,glasses,glasses,,1,0.25779,0.91608,0.53911,-30.023,-177.256,-174.261,134.8
S02/glasses/yawning/S02_yawning_glasses_000241.jpg,S02,yawning,glasses,glasses,,1,0.24396,0.89295,0.5338,-29.156,-176.973,-173.481,134.61
S02/glasses/yawning/S02_yawning_glasses_000242.jpg,S02,yawning,glasses,glasses,,1,0.21681,0.93379,0.55196,-24.218,-177.743,-174.134,134.56
S02/glasses/yawning/S02_yawning_glasses_000243.jpg,S02,yawning,glasses,glasses,,1,0.24393,0.90644,0.54159,-28.838,-177.357,-173.423,134.54
S02/glasses/yawning/S02_yawning_glasses_000244.jpg,S02,yawning,glasses,glasses,,1,0.24844,0.91183,0.54026,-29.166,-177.714,-173.821,134.8
S02/glasses/yawning/S02_yawning_glasses_000245.jpg,S02,yawning,glasses,glasses,,1,0.26056,0.80648,0.52794,-27.978,-177.028,-173.534,134.82
S02/glasses/yawning/S02_yawning_glasses_000246.jpg,S02,yawning,glasses,glasses,,1,0.2729,0.5448,0.48872,-23.793,-176.311,-174.112,134.52
S02/glasses/yawning/S02_yawning_glasses_000247.jpg,S02,yawning,glasses,glasses,,1,0.26377,0.44912,0.48338,-25.257,-176.863,-173.952,134.77
S02/glasses/yawning/S02_yawning_glasses_000248.jpg,S02,yawning,glasses,glasses,,1,0.25933,0.44768,0.47551,-24.007,-177.47,-173.233,134.86
S02/glasses/yawning/S02_yawning_glasses_000249.jpg,S02,yawning,glasses,glasses,,1,0.23462,0.44953,0.4897,-23.619,-177.088,-173.104,134.82
S02/glasses/yawning/S02_yawning_glasses_000250.jpg,S02,yawning,glasses,glasses,,1,0.24352,0.45037,0.48416,-22.561,-177.251,-173.208,135.03
S02/glasses/yawning/S02_yawning_glasses_000251.jpg,S02,yawning,glasses,glasses,,1,0.23328,0.44995,0.47655,-24.635,-177.018,-173.674,135.17
S02/glasses/yawning/S02_yawning_glasses_000252.jpg,S02,yawning,glasses,glasses,,1,0.2377,0.44992,0.47794,-23.703,-177.377,-172.163,135.16
S02/glasses/yawning/S02_yawning_glasses_000253.jpg,S02,yawning,glasses,glasses,,1,0.25262,0.45064,0.46669,-24.488,-177.027,-173.033,135.14
S02/glasses/yawning/S02_yawning_glasses_000254.jpg,S02,yawning,glasses,glasses,,1,0.22583,0.46324,0.47469,-24.042,-176.887,-173.303,135.29
S02/glasses/yawning/S02_yawning_glasses_000255.jpg,S02,yawning,glasses,glasses,,1,0.19754,0.6596,0.51021,-23.439,-177.419,-173.369,135.35
S02/glasses/yawning/S02_yawning_glasses_000256.jpg,S02,yawning,glasses,glasses,,1,0.25174,0.71642,0.52276,-25.295,-176.923,-173.871,135.08
S02/glasses/yawning/S02_yawning_glasses_000257.jpg,S02,yawning,glasses,glasses,,1,0.2649,0.72441,0.51882,-27.498,-175.76,-173.999,135.31
S02/glasses/yawning/S02_yawning_glasses_000258.jpg,S02,yawning,glasses,glasses,,1,0.22495,0.74405,0.52299,-28.005,-176.159,-174.264,135.46
S02/glasses/yawning/S02_yawning_glasses_000259.jpg,S02,yawning,glasses,glasses,,1,0.25219,0.75547,0.49991,-32.302,-179.452,-174.325,134.46
S02/glasses/yawning/S02_yawning_glasses_000260.jpg,S02,yawning,glasses,glasses,,1,0.23835,0.73528,0.4806,-35.896,-177.933,-176.02,133.73
S02/glasses/yawning/S02_yawning_glasses_000261.jpg,S02,yawning,glasses,glasses,,1,0.20971,0.73342,0.46454,-39.341,-179.608,-175.424,133.76
S02/glasses/yawning/S02_yawning_glasses_000262.jpg,S02,yawning,glasses,glasses,,1,0.12881,0.76378,0.47336,-35.243,-179.551,-175.964,133.22
S02/glasses/yawning/S02_yawning_glasses_000263.jpg,S02,yawning,glasses,glasses,,1,0.23686,0.68587,0.47478,-31.447,-176.932,-176.407,134.49
S02/glasses/yawning/S02_yawning_glasses_000264.jpg,S02,yawning,glasses,glasses,,1,0.26076,0.51447,0.49004,-27.163,179.98,-176.317,132.95
S02/glasses/yawning/S02_yawning_glasses_000265.jpg,S02,yawning,glasses,glasses,,1,0.25225,0.59354,0.48256,-26.349,177.625,-176.816,137.95
S02/glasses/yawning/S02_yawning_glasses_000266.jpg,S02,yawning,glasses,glasses,,1,0.23938,0.48047,0.48669,-26.392,178.692,-179.327,138.01
S02/glasses/yawning/S02_yawning_glasses_000267.jpg,S02,yawning,glasses,glasses,,1,0.25022,0.51986,0.47031,-26.439,-179.971,-179.115,138.45
S02/glasses/yawning/S02_yawning_glasses_000268.jpg,S02,yawning,glasses,glasses,,1,0.24314,0.53941,0.47072,-21.443,-179.117,-179.236,138.93
S02/glasses/yawning/S02_yawning_glasses_000269.jpg,S02,yawning,glasses,glasses,,1,0.23419,0.54224,0.49035,-19.763,178.582,-177.617,140.67
S02/glasses/yawning/S02_yawning_glasses_000270.jpg,S02,yawning,glasses,glasses,,1,0.2321,0.5512,0.49664,-19.253,177.297,-176.543,136.25
S02/glasses/yawning/S02_yawning_glasses_000271.jpg,S02,yawning,glasses,glasses,,1,0.21511,0.54024,0.49153,-16.44,177.852,-176.966,132.23
S02/glasses/yawning/S02_yawning_glasses_000272.jpg,S02,yawning,glasses,glasses,,1,0.19564,0.51311,0.49447,-8.526,177.971,-175.848,140.25
S02/glasses/yawning/S02_yawning_glasses_000273.jpg,S02,yawning,glasses,glasses,,1,0.24961,0.51817,0.48437,-19.07,-175.693,179.906,134.93
S02/glasses/yawning/S02_yawning_glasses_000274.jpg,S02,yawning,glasses,glasses,,1,0.22248,0.53177,0.48187,-16.915,178.203,-176.599,136.7
S02/glasses/yawning/S02_yawning_glasses_000275.jpg,S02,yawning,glasses,glasses,,1,0.2231,0.54741,0.48711,-25.062,-179.205,-175.981,132.77
S02/glasses/yawning/S02_yawning_glasses_000276.jpg,S02,yawning,glasses,glasses,,1,0.2063,0.59605,0.4807,-28.581,-179.497,-175.952,132.7
S02/glasses/yawning/S02_yawning_glasses_000277.jpg,S02,yawning,glasses,glasses,,1,0.22382,0.62849,0.50851,-29.419,-178.407,-175.108,130.1
S02/glasses/yawning/S02_yawning_glasses_000278.jpg,S02,yawning,glasses,glasses,,1,0.19944,0.65602,0.52382,-27.683,-175.519,-175.608,133.87
S02/glasses/yawning/S02_yawning_glasses_000279.jpg,S02,yawning,glasses,glasses,,1,0.21618,0.69602,0.52623,-29.643,-178.44,-173.903,133.14
S02/glasses/yawning/S02_yawning_glasses_000280.jpg,S02,yawning,glasses,glasses,,1,0.21368,0.67624,0.51863,-30.656,-175.552,-174.827,134.37
S02/glasses/yawning/S02_yawning_glasses_000281.jpg,S02,yawning,glasses,glasses,,1,0.22015,0.68827,0.5426,-29.303,-176.174,-173.248,133.92
S02/glasses/yawning/S02_yawning_glasses_000282.jpg,S02,yawning,glasses,glasses,,1,0.21,0.71603,0.54453,-29.467,-175.49,-174.114,134.41
S02/glasses/yawning/S02_yawning_glasses_000283.jpg,S02,yawning,glasses,glasses,,1,0.22065,0.72,0.55831,-30.592,-174.084,-174.057,134.02
S02/glasses/yawning/S02_yawning_glasses_000284.jpg,S02,yawning,glasses,glasses,,1,0.22111,0.683,0.53258,-29.305,-175.549,-174.503,133.94
S02/glasses/yawning/S02_yawning_glasses_000285.jpg,S02,yawning,glasses,glasses,,1,0.22468,0.59117,0.49258,-29.366,-173.888,-175.769,134.11
S02/glasses/yawning/S02_yawning_glasses_000286.jpg,S02,yawning,glasses,glasses,,1,0.18525,0.451,0.50147,-27.669,-179.429,-174.814,133.43
S02/glasses/yawning/S02_yawning_glasses_000287.jpg,S02,yawning,glasses,glasses,,1,0.15664,0.50791,0.4655,-34.405,179.18,-173.79,132.9
S02/glasses/yawning/S02_yawning_glasses_000288.jpg,S02,yawning,glasses,glasses,,1,0.27451,0.54621,0.47585,-43.029,175.316,-171.952,131.23
S02/glasses/yawning/S02_yawning_glasses_000289.jpg,S02,yawning,glasses,glasses,,1,0.33909,0.56437,0.47172,-49.564,178.566,-173.652,130.18
S02/glasses/yawning/S02_yawning_glasses_000290.jpg,S02,yawning,glasses,glasses,,1,0.29703,0.55363,0.46774,-47.428,173.166,-170.199,131.59
S02/glasses/yawning/S02_yawning_glasses_000291.jpg,S02,yawning,glasses,glasses,,1,0.23349,0.48031,0.46873,-45.73,170.647,-170.493,132.42
S02/glasses/yawning/S02_yawning_glasses_000292.jpg,S02,yawning,glasses,glasses,,1,0.18223,0.45346,0.4775,-34.222,176.749,-173.55,133.82
S02/glasses/yawning/S02_yawning_glasses_000293.jpg,S02,yawning,glasses,glasses,,1,0.21456,0.52528,0.50116,-27.54,-178.62,-175.818,134.07
S02/glasses/yawning/S02_yawning_glasses_000294.jpg,S02,yawning,glasses,glasses,,1,0.21533,0.5241,0.49312,-27.35,-178.244,-176.059,134.77
S02/glasses/yawning/S02_yawning_glasses_000295.jpg,S02,yawning,glasses,glasses,,1,0.23198,0.452,0.48489,-27.415,-178.366,-174.901,133.86
S02/glasses/yawning/S02_yawning_glasses_000296.jpg,S02,yawning,glasses,glasses,,1,0.23535,0.47676,0.48328,-26.054,-179.027,-172.212,133.53
S02/glasses/yawning/S02_yawning_glasses_000297.jpg,S02,yawning,glasses,glasses,,1,0.2171,0.5321,0.47381,-28.947,-179.691,-173.388,132.24
S02/glasses/yawning/S02_yawning_glasses_000298.jpg,S02,yawning,glasses,glasses,,1,0.23729,0.52992,0.47263,-27.958,-178.552,-173.857,131.44
S02/glasses/yawning/S02_yawning_glasses_000299.jpg,S02,yawning,glasses,glasses,,1,0.21787,0.53089,0.47272,-23.818,-177.783,-173.77,131.65
S02/glasses/yawning/S02_yawning_glasses_000300.jpg,S02,yawning,glasses,glasses,,1,0.22199,0.53377,0.47429,-25.766,-179.792,-174.025,131.74
S02/glasses/yawning/S02_yawning_glasses_000301.jpg,S02,yawning,glasses,glasses,,1,0.22525,0.68623,0.50611,-28.698,-176.557,-173.705,131.62
S02/glasses/yawning/S02_yawning_glasses_000302.jpg,S02,yawning,glasses,glasses,,1,0.26294,0.77252,0.51655,-30.2,-175.575,-174.398,132.22
S02/glasses/yawning/S02_yawning_glasses_000303.jpg,S02,yawning,glasses,glasses,,1,0.24487,0.80093,0.51909,-30.212,-176.933,-174.08,132.0
S02/glasses/yawning/S02_yawning_glasses_000304.jpg,S02,yawning,glasses,glasses,,1,0.23575,0.79526,0.53133,-30.568,-176.201,-174.11,132.21
S02/glasses/yawning/S02_yawning_glasses_000305.jpg,S02,yawning,glasses,glasses,,1,0.25017,0.79379,0.51237,-30.138,-175.467,-175.081,132.01
S02/glasses/yawning/S02_yawning_glasses_000306.jpg,S02,yawning,glasses,glasses,,1,0.23418,0.80227,0.5197,-27.941,-174.725,-174.981,132.05
S02/glasses/yawning/S02_yawning_glasses_000307.jpg,S02,yawning,glasses,glasses,,1,0.21989,0.79237,0.51414,-27.991,-175.38,-175.094,131.76
S02/glasses/yawning/S02_yawning_glasses_000308.jpg,S02,yawning,glasses,glasses,,1,0.27182,0.78782,0.52457,-32.822,-176.246,-175.661,132.24
S02/glasses/yawning/S02_yawning_glasses_000309.jpg,S02,yawning,glasses,glasses,,1,0.27037,0.8025,0.51584,-31.253,-175.343,-175.942,132.64
S02/glasses/yawning/S02_yawning_glasses_000310.jpg,S02,yawning,glasses,glasses,,1,0.25952,0.78888,0.5078,-30.431,-176.478,-175.308,133.09
S02/glasses/yawning/S02_yawning_glasses_000311.jpg,S02,yawning,glasses,glasses,,1,0.26612,0.80456,0.51485,-29.398,-176.503,-174.851,133.35
S02/glasses/yawning/S02_yawning_glasses_000312.jpg,S02,yawning,glasses,glasses,,1,0.26992,0.78826,0.51204,-28.514,-175.606,-175.094,133.62
S02/glasses/yawning/S02_yawning_glasses_000313.jpg,S02,yawning,glasses,glasses,,1,0.27249,0.80155,0.51693,-28.996,-175.058,-175.524,133.45
S02/glasses/yawning/S02_yawning_glasses_000314.jpg,S02,yawning,glasses,glasses,,1,0.27426,0.80041,0.4983,-29.308,-175.415,-175.122,133.26
S02/glasses/yawning/S02_yawning_glasses_000315.jpg,S02,yawning,glasses,glasses,,1,0.2724,0.79434,0.50152,-28.73,-175.994,-175.245,133.33
S02/glasses/yawning/S02_yawning_glasses_000316.jpg,S02,yawning,glasses,glasses,,1,0.28335,0.80294,0.50026,-29.041,-175.363,-175.951,133.3
S02/glasses/yawning/S02_yawning_glasses_000317.jpg,S02,yawning,glasses,glasses,,1,0.28124,0.78949,0.49198,-29.609,-175.515,-175.936,132.92
S02/glasses/yawning/S02_yawning_glasses_000318.jpg,S02,yawning,glasses,glasses,,1,0.27681,0.80183,0.48508,-29.733,-175.58,-176.346,133.12
S02/glasses/yawning/S02_yawning_glasses_000319.jpg,S02,yawning,glasses,glasses,,1,0.3138,0.79166,0.4848,-27.478,-175.297,-176.22,133.3
S02/glasses/yawning/S02_yawning_glasses_000320.jpg,S02,yawning,glasses,glasses,,1,0.28363,0.78543,0.49307,-28.475,-175.916,-175.629,133.63
S02/glasses/yawning/S02_yawning_glasses_000321.jpg,S02,yawning,glasses,glasses,,1,0.25067,0.79524,0.49456,-24.954,-178.336,-174.274,134.32
S02/glasses/yawning/S02_yawning_glasses_000322.jpg,S02,yawning,glasses,glasses,,1,0.25603,0.7707,0.49885,-28.9,-178.808,-174.02,135.61
S02/glasses/yawning/S02_yawning_glasses_000323.jpg,S02,yawning,glasses,glasses,,1,0.30496,0.77106,0.49041,-27.97,-176.345,-175.358,135.36
S02/glasses/yawning/S02_yawning_glasses_000324.jpg,S02,yawning,glasses,glasses,,1,0.2963,0.76401,0.5021,-26.675,-176.038,-175.46,135.06
S02/glasses/yawning/S02_yawning_glasses_000325.jpg,S02,yawning,glasses,glasses,,1,0.2988,0.7827,0.48953,-29.133,-177.193,-175.294,134.48
S02/glasses/yawning/S02_yawning_glasses_000326.jpg,S02,yawning,glasses,glasses,,1,0.28237,0.75938,0.49074,-27.988,-176.791,-174.822,134.07
S02/glasses/yawning/S02_yawning_glasses_000327.jpg,S02,yawning,glasses,glasses,,1,0.28552,0.75507,0.49288,-28.753,-177.364,-175.047,133.76
S02/glasses/yawning/S02_yawning_glasses_000328.jpg,S02,yawning,glasses,glasses,,1,0.27612,0.76361,0.50081,-28.846,-176.167,-175.002,133.25
S02/glasses/yawning/S02_yawning_glasses_000329.jpg,S02,yawning,glasses,glasses,,1,0.29217,0.73569,0.50057,-27.934,-175.575,-174.662,134.07
S02/glasses/yawning/S02_yawning_glasses_000330.jpg,S02,yawning,glasses,glasses,,1,0.28035,0.75238,0.51089,-25.3,-176.35,-174.569,134.65
S02/glasses/yawning/S02_yawning_glasses_000331.jpg,S02,yawning,glasses,glasses,,1,0.26764,0.76264,0.5184,-26.449,-175.867,-174.674,135.16
S02/glasses/yawning/S02_yawning_glasses_000332.jpg,S02,yawning,glasses,glasses,,1,0.26142,0.80239,0.51977,-28.196,-175.8,-174.213,134.36
S02/glasses/yawning/S02_yawning_glasses_000333.jpg,S02,yawning,glasses,glasses,,1,0.25011,0.75892,0.52251,-28.218,-178.293,-173.154,133.73
S02/glasses/yawning/S02_yawning_glasses_000334.jpg,S02,yawning,glasses,glasses,,1,0.29875,0.45616,0.48661,-23.234,-175.908,-175.372,132.91
S02/glasses/yawning/S02_yawning_glasses_000335.jpg,S02,yawning,glasses,glasses,,1,0.25207,0.47874,0.49487,-26.185,-175.909,-175.985,132.81
S02/glasses/yawning/S02_yawning_glasses_000336.jpg,S02,yawning,glasses,glasses,,1,0.24749,0.49593,0.48468,-23.484,-176.996,-175.179,132.46
S02/glasses/yawning/S02_yawning_glasses_000337.jpg,S02,yawning,glasses,glasses,,1,0.24162,0.50966,0.48342,-22.57,-178.737,-174.228,132.6
S02/glasses/yawning/S02_yawning_glasses_000338.jpg,S02,yawning,glasses,glasses,,1,0.23176,0.46919,0.48032,-23.564,-179.683,-174.338,132.85
S02/glasses/yawning/S02_yawning_glasses_000339.jpg,S02,yawning,glasses,glasses,,1,0.22318,0.60769,0.48279,-26.628,-178.528,-175.201,132.5
S02/glasses/yawning/S02_yawning_glasses_000340.jpg,S02,yawning,glasses,glasses,,1,0.24013,0.64296,0.49848,-25.483,-177.29,-174.351,132.96
S02/glasses/yawning/S02_yawning_glasses_000341.jpg,S02,yawning,glasses,glasses,,1,0.24301,0.65638,0.50714,-24.94,-177.679,-175.205,133.06
S02/glasses/yawning/S02_yawning_glasses_000342.jpg,S02,yawning,glasses,glasses,,1,0.23325,0.67461,0.51764,-26.362,-175.963,-175.909,133.14
S02/glasses/yawning/S02_yawning_glasses_000343.jpg,S02,yawning,glasses,glasses,,1,0.23642,0.76262,0.5349,-27.952,-174.515,-175.981,133.06
S02/glasses/yawning/S02_yawning_glasses_000344.jpg,S02,yawning,glasses,glasses,,1,0.19843,0.80626,0.53887,-27.863,-177.206,-175.01,133.21
S02/glasses/yawning/S02_yawning_glasses_000345.jpg,S02,yawning,glasses,glasses,,1,0.21386,0.79499,0.51985,-25.942,-177.04,-174.846,133.06
S02/glasses/yawning/S02_yawning_glasses_000346.jpg,S02,yawning,glasses,glasses,,1,0.26464,0.80548,0.53228,-29.218,-175.838,-175.005,133.57
S02/glasses/yawning/S02_yawning_glasses_000347.jpg,S02,yawning,glasses,glasses,,1,0.25645,0.79157,0.51263,-27.061,-176.915,-175.514,133.33
S02/glasses/yawning/S02_yawning_glasses_000348.jpg,S02,yawning,glasses,glasses,,1,0.27367,0.79832,0.52875,-25.835,-175.639,-175.904,133.62
S02/glasses/yawning/S02_yawning_glasses_000349.jpg,S02,yawning,glasses,glasses,,1,0.26085,0.80488,0.52434,-25.304,-176.234,-175.721,133.34
S02/glasses/yawning/S02_yawning_glasses_000350.jpg,S02,yawning,glasses,glasses,,1,0.19345,0.80017,0.53041,-22.416,-175.922,-175.333,133.75
S02/glasses/yawning/S02_yawning_glasses_000351.jpg,S02,yawning,glasses,glasses,,1,0.31837,0.76925,0.51269,-27.001,-175.722,-172.977,133.15
S02/glasses/yawning/S02_yawning_glasses_000352.jpg,S02,yawning,glasses,glasses,,1,0.31312,0.77288,0.50473,-27.119,-174.509,-173.752,133.53
S02/glasses/yawning/S02_yawning_glasses_000353.jpg,S02,yawning,glasses,glasses,,1,0.30891,0.78325,0.50846,-27.796,-175.623,-174.267,133.03
S02/glasses/yawning/S02_yawning_glasses_000354.jpg,S02,yawning,glasses,glasses,,1,0.24416,0.80674,0.51462,-22.139,-176.283,-173.933,133.65
S02/glasses/yawning/S02_yawning_glasses_000355.jpg,S02,yawning,glasses,glasses,,1,0.26684,0.77749,0.51987,-25.036,-175.951,-174.8,133.54
S02/glasses/yawning/S02_yawning_glasses_000356.jpg,S02,yawning,glasses,glasses,,1,0.26632,0.78839,0.52835,-24.876,-174.331,-175.284,133.58
S02/glasses/yawning/S02_yawning_glasses_000357.jpg,S02,yawning,glasses,glasses,,1,0.28704,0.7754,0.52801,-25.813,-174.283,-175.2,133.57
S02/glasses/yawning/S02_yawning_glasses_000358.jpg,S02,yawning,glasses,glasses,,1,0.28115,0.7903,0.52169,-25.699,-174.639,-175.612,133.59
S02/glasses/yawning/S02_yawning_glasses_000359.jpg,S02,yawning,glasses,glasses,,1,0.2727,0.79199,0.51861,-26.764,-174.88,-174.906,133.75
S02/glasses/yawning/S02_yawning_glasses_000360.jpg,S02,yawning,glasses,glasses,,1,0.27179,0.78414,0.52386,-23.985,-175.115,-174.768,133.92
S02/glasses/yawning/S02_yawning_glasses_000361.jpg,S02,yawning,glasses,glasses,,1,0.27024,0.7844,0.51892,-25.303,-174.549,-174.825,133.81
S02/glasses/yawning/S02_yawning_glasses_000362.jpg,S02,yawning,glasses,glasses,,1,0.2717,0.79253,0.52482,-27.136,-174.342,-175.769,134.32
S02/glasses/yawning/S02_yawning_glasses_000363.jpg,S02,yawning,glasses,glasses,,1,0.28716,0.79764,0.52063,-25.623,-174.462,-174.982,134.0
S02/glasses/yawning/S02_yawning_glasses_000364.jpg,S02,yawning,glasses,glasses,,1,0.28051,0.79997,0.52847,-25.766,-174.243,-175.214,134.02
S02/glasses/yawning/S02_yawning_glasses_000365.jpg,S02,yawning,glasses,glasses,,1,0.28058,0.79041,0.51782,-25.89,-174.751,-175.078,134.06
S02/glasses/yawning/S02_yawning_glasses_000366.jpg,S02,yawning,glasses,glasses,,1,0.21515,0.80448,0.52326,-24.882,-177.76,-174.4,134.17
S02/glasses/yawning/S02_yawning_glasses_000367.jpg,S02,yawning,glasses,glasses,,1,0.27628,0.80496,0.52967,-27.125,-176.201,-174.422,134.17
S02/glasses/yawning/S02_yawning_glasses_000368.jpg,S02,yawning,glasses,glasses,,1,0.27633,0.81228,0.52926,-25.653,-176.097,-174.584,134.03
S02/glasses/yawning/S02_yawning_glasses_000369.jpg,S02,yawning,glasses,glasses,,1,0.28154,0.8356,0.5318,-26.167,-176.429,-174.696,134.23
S02/glasses/yawning/S02_yawning_glasses_000370.jpg,S02,yawning,glasses,glasses,,1,0.25498,0.83366,0.53088,-27.008,-176.063,-174.627,134.38
S02/glasses/yawning/S02_yawning_glasses_000371.jpg,S02,yawning,glasses,glasses,,1,0.28203,0.86102,0.53564,-27.083,-175.846,-174.949,134.18
S02/glasses/yawning/S02_yawning_glasses_000372.jpg,S02,yawning,glasses,glasses,,1,0.27453,0.86123,0.53463,-27.882,-174.634,-175.581,134.07
S02/glasses/yawning/S02_yawning_glasses_000373.jpg,S02,yawning,glasses,glasses,,1,0.29033,0.80923,0.52872,-26.932,-175.15,-175.644,134.3
S02/glasses/yawning/S02_yawning_glasses_000374.jpg,S02,yawning,glasses,glasses,,1,0.27818,0.80047,0.51544,-29.352,-174.901,-175.52,134.02
S02/glasses/yawning/S02_yawning_glasses_000375.jpg,S02,yawning,glasses,glasses,,1,0.2822,0.81556,0.52496,-29.402,-174.84,-175.754,133.74
S02/glasses/yawning/S02_yawning_glasses_000376.jpg,S02,yawning,glasses,glasses,,1,0.27708,0.8266,0.52769,-28.594,-174.509,-176.612,133.81
S02/glasses/yawning/S02_yawning_glasses_000377.jpg,S02,yawning,glasses,glasses,,1,0.27185,0.80288,0.52519,-27.812,-174.046,-175.722,134.06
S02/glasses/yawning/S02_yawning_glasses_000378.jpg,S02,yawning,glasses,glasses,,1,0.27966,0.78336,0.52751,-28.505,-174.41,-176.058,133.3
S02/glasses/yawning/S02_yawning_glasses_000379.jpg,S02,yawning,glasses,glasses,,1,0.20106,0.79546,0.51929,-25.758,-176.077,-173.92,133.51
S02/glasses/yawning/S02_yawning_glasses_000380.jpg,S02,yawning,glasses,glasses,,1,0.27864,0.78447,0.52201,-27.53,-174.958,-175.471,133.54
S02/glasses/yawning/S02_yawning_glasses_000381.jpg,S02,yawning,glasses,glasses,,1,0.27696,0.77579,0.51674,-26.519,-174.733,-174.627,133.59
S02/glasses/yawning/S02_yawning_glasses_000382.jpg,S02,yawning,glasses,glasses,,1,0.26303,0.7935,0.51191,-28.045,-173.459,-175.615,134.0
S02/glasses/yawning/S02_yawning_glasses_000383.jpg,S02,yawning,glasses,glasses,,1,0.26957,0.78046,0.51812,-27.628,-174.534,-174.967,133.81
S02/glasses/yawning/S02_yawning_glasses_000384.jpg,S02,yawning,glasses,glasses,,1,0.28533,0.77227,0.52208,-28.283,-174.931,-175.099,134.17
S02/glasses/yawning/S02_yawning_glasses_000385.jpg,S02,yawning,glasses,glasses,,1,0.27175,0.79148,0.53266,-27.147,-173.935,-175.028,133.84
S02/glasses/yawning/S02_yawning_glasses_000386.jpg,S02,yawning,glasses,glasses,,1,0.28125,0.79016,0.53286,-27.946,-174.371,-175.368,134.02
S02/glasses/yawning/S02_yawning_glasses_000387.jpg,S02,yawning,glasses,glasses,,1,0.28611,0.8085,0.53512,-27.663,-174.073,-175.475,133.95
S02/glasses/yawning/S02_yawning_glasses_000388.jpg,S02,yawning,glasses,glasses,,1,0.26731,0.77598,0.52806,-27.386,-174.741,-175.368,134.1
S02/glasses/yawning/S02_yawning_glasses_000389.jpg,S02,yawning,glasses,glasses,,1,0.20437,0.7896,0.53735,-24.825,-176.796,-174.141,133.94
S02/glasses/yawning/S02_yawning_glasses_000390.jpg,S02,yawning,glasses,glasses,,1,0.23236,0.79601,0.53019,-26.042,-176.19,-174.54,134.2
S02/glasses/yawning/S02_yawning_glasses_000391.jpg,S02,yawning,glasses,glasses,,1,0.26872,0.78783,0.5196,-26.715,-174.726,-174.97,133.89
S02/glasses/yawning/S02_yawning_glasses_000392.jpg,S02,yawning,glasses,glasses,,1,0.28262,0.78859,0.52869,-27.042,-174.471,-174.842,133.9
S02/glasses/yawning/S02_yawning_glasses_000393.jpg,S02,yawning,glasses,glasses,,1,0.27565,0.80846,0.53681,-26.755,-173.734,-175.482,133.62
S02/glasses/yawning/S02_yawning_glasses_000394.jpg,S02,yawning,glasses,glasses,,1,0.27195,0.78322,0.51455,-26.181,-173.894,-175.037,133.68
S02/glasses/yawning/S02_yawning_glasses_000395.jpg,S02,yawning,glasses,glasses,,1,0.27948,0.7791,0.52891,-25.742,-173.794,-175.075,133.49
S02/glasses/yawning/S02_yawning_glasses_000396.jpg,S02,yawning,glasses,glasses,,1,0.27098,0.79528,0.52135,-27.347,-174.819,-175.695,133.68
S02/glasses/yawning/S02_yawning_glasses_000397.jpg,S02,yawning,glasses,glasses,,1,0.26749,0.78398,0.52182,-28.679,-174.812,-175.435,133.47
S02/glasses/yawning/S02_yawning_glasses_000398.jpg,S02,yawning,glasses,glasses,,1,0.27699,0.78632,0.53239,-27.816,-174.843,-175.275,133.43
S02/glasses/yawning/S02_yawning_glasses_000399.jpg,S02,yawning,glasses,glasses,,1,0.2859,0.79095,0.52682,-27.794,-174.338,-175.989,133.52
S02/glasses/yawning/S02_yawning_glasses_000400.jpg,S02,yawning,glasses,glasses,,1,0.28037,0.79055,0.51943,-27.917,-174.494,-175.825,133.33
S02/glasses/yawning/S02_yawning_glasses_000401.jpg,S02,yawning,glasses,glasses,,1,0.28539,0.78876,0.52498,-27.524,-174.557,-175.609,133.34
S02/glasses/yawning/S02_yawning_glasses_000402.jpg,S02,yawning,glasses,glasses,,1,0.27935,0.76772,0.51558,-28.23,-175.044,-175.43,133.41
S02/glasses/yawning/S02_yawning_glasses_000403.jpg,S02,yawning,glasses,glasses,,1,0.26519,0.73293,0.52052,-25.422,-175.206,-174.493,133.17
S02/glasses/yawning/S02_yawning_glasses_000404.jpg,S02,yawning,glasses,glasses,,1,0.21502,0.65002,0.50199,-26.371,-177.821,-174.592,131.64
S02/glasses/yawning/S02_yawning_glasses_000405.jpg,S02,yawning,glasses,glasses,,1,0.18641,0.45514,0.47091,-10.868,-178.283,-176.674,137.24
S02/glasses/yawning/S02_yawning_glasses_000406.jpg,S02,yawning,glasses,glasses,,1,0.16361,0.45317,0.4692,-13.788,177.579,-174.299,137.93
S02/glasses/yawning/S02_yawning_glasses_000407.jpg,S02,yawning,glasses,glasses,,1,0.17718,0.45343,0.4631,-15.899,178.675,-174.657,136.78
S02/mask/attentive/S02_attentive_mask_000000.jpg,S02,attentive,mask,mask,,1,0.29302,0.46253,0.37449,-26.388,-179.563,-176.758,157.78
S02/mask/attentive/S02_attentive_mask_000001.jpg,S02,attentive,mask,mask,,1,0.29163,0.46536,0.37252,-25.99,-179.141,-176.847,157.46
S02/mask/attentive/S02_attentive_mask_000002.jpg,S02,attentive,mask,mask,,1,0.29906,0.46627,0.37572,-25.556,179.155,-176.798,157.26
S02/mask/attentive/S02_attentive_mask_000003.jpg,S02,attentive,mask,mask,,1,0.30083,0.46278,0.37213,-25.143,178.969,-176.147,157.33
S02/mask/attentive/S02_attentive_mask_000004.jpg,S02,attentive,mask,mask,,1,0.29163,0.4594,0.37166,-24.899,179.712,-177.653,156.84
S02/mask/attentive/S02_attentive_mask_000005.jpg,S02,attentive,mask,mask,,1,0.2919,0.49165,0.36632,-23.848,-179.198,-177.724,156.6
S02/mask/attentive/S02_attentive_mask_000006.jpg,S02,attentive,mask,mask,,1,0.29804,0.46596,0.37881,-24.813,-179.822,-177.031,156.2
S02/mask/attentive/S02_attentive_mask_000007.jpg,S02,attentive,mask,mask,,1,0.29281,0.47983,0.37221,-23.932,-179.465,-177.127,156.03
S02/mask/attentive/S02_attentive_mask_000008.jpg,S02,attentive,mask,mask,,1,0.29297,0.47478,0.37825,-24.729,-178.789,-176.757,156.03
S02/mask/attentive/S02_attentive_mask_000009.jpg,S02,attentive,mask,mask,,1,0.29489,0.46714,0.37064,-23.764,179.889,-176.716,155.41
S02/mask/attentive/S02_attentive_mask_000010.jpg,S02,attentive,mask,mask,,1,0.17371,0.48064,0.36516,-22.595,-177.362,-177.52,155.38
S02/mask/attentive/S02_attentive_mask_000011.jpg,S02,attentive,mask,mask,,1,0.21065,0.47039,0.37992,-22.968,178.254,-176.841,155.52
S02/mask/attentive/S02_attentive_mask_000012.jpg,S02,attentive,mask,mask,,1,0.25945,0.47403,0.36931,-24.261,177.782,-176.321,155.21
S02/mask/attentive/S02_attentive_mask_000013.jpg,S02,attentive,mask,mask,,1,0.24797,0.45387,0.37493,-26.86,173.811,-176.379,154.99
S02/mask/attentive/S02_attentive_mask_000014.jpg,S02,attentive,mask,mask,,1,0.28963,0.45621,0.36089,-28.293,179.887,-178.233,154.98
S02/mask/attentive/S02_attentive_mask_000015.jpg,S02,attentive,mask,mask,,1,0.29372,0.45674,0.37674,-27.015,178.449,-178.243,154.51
S02/mask/attentive/S02_attentive_mask_000016.jpg,S02,attentive,mask,mask,,1,0.27038,0.46311,0.38485,-28.405,177.088,-177.849,154.31
S02/mask/attentive/S02_attentive_mask_000017.jpg,S02,attentive,mask,mask,,1,0.259,0.47498,0.38769,-28.123,177.364,-178.308,154.15
S02/mask/attentive/S02_attentive_mask_000018.jpg,S02,attentive,mask,mask,,1,0.17151,0.45556,0.40217,-23.492,170.403,-177.892,154.16
S02/mask/attentive/S02_attentive_mask_000019.jpg,S02,attentive,mask,mask,,1,0.2811,0.45721,0.35153,-24.983,-176.019,-179.899,154.21
S02/mask/attentive/S02_attentive_mask_000020.jpg,S02,attentive,mask,mask,,1,0.2911,0.47059,0.373,-26.402,-178.714,-178.647,153.83
S02/mask/attentive/S02_attentive_mask_000021.jpg,S02,attentive,mask,mask,,1,0.1925,0.46155,0.36567,-18.49,178.894,-179.113,153.75
S02/mask/attentive/S02_attentive_mask_000022.jpg,S02,attentive,mask,mask,,1,0.25753,0.45972,0.36203,-22.105,178.948,179.57,156.01
S02/mask/attentive/S02_attentive_mask_000023.jpg,S02,attentive,mask,mask,,1,0.24832,0.4645,0.37574,-24.564,-179.434,-179.189,155.74
S02/mask/attentive/S02_attentive_mask_000024.jpg,S02,attentive,mask,mask,,1,0.26194,0.48343,0.37502,-25.061,177.328,-177.899,155.53
S02/mask/attentive/S02_attentive_mask_000025.jpg,S02,attentive,mask,mask,,1,0.16298,0.45642,0.36769,-22.314,-179.11,-177.203,155.95
S02/mask/attentive/S02_attentive_mask_000026.jpg,S02,attentive,mask,mask,,1,0.17977,0.49591,0.35612,-24.594,-174.806,-178.632,155.67
S02/mask/attentive/S02_attentive_mask_000027.jpg,S02,attentive,mask,mask,,1,0.24365,0.46494,0.35193,-25.491,-175.646,-179.241,155.53
S02/mask/attentive/S02_attentive_mask_000028.jpg,S02,attentive,mask,mask,,1,0.26835,0.45588,0.33564,-26.779,-171.796,-179.772,154.69
S02/mask/attentive/S02_attentive_mask_000029.jpg,S02,attentive,mask,mask,,1,0.25943,0.4614,0.33707,-27.043,-175.895,-179.478,153.96
S02/mask/attentive/S02_attentive_mask_000030.jpg,S02,attentive,mask,mask,,1,0.25421,0.49435,0.36755,-24.61,177.73,-176.793,150.57
S02/mask/attentive/S02_attentive_mask_000031.jpg,S02,attentive,mask,mask,,1,0.28018,0.46352,0.35482,-22.115,-179.926,-178.005,149.59
S02/mask/attentive/S02_attentive_mask_000032.jpg,S02,attentive,mask,mask,,1,0.28343,0.47532,0.34635,-24.959,177.794,-178.89,149.89
S02/mask/attentive/S02_attentive_mask_000033.jpg,S02,attentive,mask,mask,,1,0.28368,0.45006,0.3573,-27.575,178.623,-177.77,153.88
S02/mask/attentive/S02_attentive_mask_000034.jpg,S02,attentive,mask,mask,,1,0.24998,0.45077,0.38504,-23.27,178.683,-176.884,154.79
S02/mask/attentive/S02_attentive_mask_000035.jpg,S02,attentive,mask,mask,,1,0.28118,0.44787,0.36444,-21.332,-173.035,-179.694,162.91
S02/mask/attentive/S02_attentive_mask_000036.jpg,S02,attentive,mask,mask,,1,0.27288,0.44922,0.34145,-9.019,-172.109,-177.611,165.92
S02/mask/attentive/S02_attentive_mask_000037.jpg,S02,attentive,mask,mask,,1,0.25023,0.4556,0.37249,-17.743,-177.123,-177.671,158.36
S02/mask/attentive/S02_attentive_mask_000038.jpg,S02,attentive,mask,mask,,1,0.28219,0.46051,0.3566,-9.896,179.664,-179.816,161.61
S02/mask/attentive/S02_attentive_mask_000039.jpg,S02,attentive,mask,mask,,1,0.27363,0.44836,0.35987,14.281,177.632,-178.673,152.6
S02/mask/attentive/S02_attentive_mask_000040.jpg,S02,attentive,mask,mask,,1,0.27898,0.457,0.34392,-18.963,-179.231,-177.254,153.03
S02/mask/attentive/S02_attentive_mask_000041.jpg,S02,attentive,mask,mask,,1,0.2224,0.45479,0.38684,-16.403,171.258,-174.921,149.98
S02/mask/attentive/S02_attentive_mask_000042.jpg,S02,attentive,mask,mask,,1,0.19711,0.45502,0.37627,-21.295,173.83,-174.141,149.98
S02/mask/attentive/S02_attentive_mask_000043.jpg,S02,attentive,mask,mask,,1,0.26205,0.45682,0.37521,-20.798,171.737,-174.547,147.45
S02/mask/attentive/S02_attentive_mask_000044.jpg,S02,attentive,mask,mask,,1,0.27819,0.45728,0.36726,-21.028,172.064,-174.576,146.65
S02/mask/attentive/S02_attentive_mask_000045.jpg,S02,attentive,mask,mask,,1,0.26237,0.45535,0.37248,-22.128,173.248,-173.323,145.96
S02/mask/attentive/S02_attentive_mask_000046.jpg,S02,attentive,mask,mask,,1,0.26197,0.46056,0.38688,-20.775,168.685,-172.965,145.67
S02/mask/attentive/S02_attentive_mask_000047.jpg,S02,attentive,mask,mask,,1,0.27362,0.45207,0.36876,-19.407,172.205,-172.972,145.24
S02/mask/attentive/S02_attentive_mask_000048.jpg,S02,attentive,mask,mask,,1,0.22821,0.45337,0.36012,-21.226,174.572,-175.806,144.64
S02/mask/attentive/S02_attentive_mask_000049.jpg,S02,attentive,mask,mask,,1,0.26862,0.45665,0.39256,-20.363,173.985,-172.321,144.15
S02/mask/attentive/S02_attentive_mask_000050.jpg,S02,attentive,mask,mask,,1,0.26198,0.45711,0.40001,-17.373,179.107,-175.141,144.74
S02/mask/attentive/S02_attentive_mask_000051.jpg,S02,attentive,mask,mask,,0,0.0,0.0,0.0,0.0,0.0,0.0,146.62
S02/mask/attentive/S02_attentive_mask_000052.jpg,S02,attentive,mask,mask,,1,0.25725,0.45115,0.37783,-20.1,172.037,-174.262,149.31
S02/mask/attentive/S02_attentive_mask_000053.jpg,S02,attentive,mask,mask,,0,0.0,0.0,0.0,0.0,0.0,0.0,150.86
S02/mask/attentive/S02_attentive_mask_000054.jpg,S02,attentive,mask,mask,,1,0.26227,0.44908,0.36311,-11.984,174.861,-179.863,160.57
S02/mask/attentive/S02_attentive_mask_000055.jpg,S02,attentive,mask,mask,,1,0.17354,0.45237,0.36281,-2.304,176.753,-178.503,155.58
S02/mask/attentive/S02_attentive_mask_000056.jpg,S02,attentive,mask,mask,,1,0.246,0.44844,0.32374,7.373,-172.893,-178.124,157.43
S02/mask/attentive/S02_attentive_mask_000057.jpg,S02,attentive,mask,mask,,1,0.2716,0.45466,0.32635,4.634,-174.76,-176.635,155.29
S02/mask/attentive/S02_attentive_mask_000058.jpg,S02,attentive,mask,mask,,1,0.26149,0.45076,0.34322,-9.218,-179.195,-173.145,157.7
S02/mask/attentive/S02_attentive_mask_000059.jpg,S02,attentive,mask,mask,,1,0.16575,0.45313,0.34197,5.761,173.528,-175.445,155.35
S02/mask/attentive/S02_attentive_mask_000060.jpg,S02,attentive,mask,mask,,1,0.20818,0.46865,0.35569,-10.725,-178.872,-170.633,156.41
S02/mask/attentive/S02_attentive_mask_000061.jpg,S02,attentive,mask,mask,,1,0.27518,0.45578,0.3366,-15.138,-176.077,-171.629,155.35
S02/mask/attentive/S02_attentive_mask_000062.jpg,S02,attentive,mask,mask,,1,0.28999,0.45278,0.33289,-9.519,-177.172,-171.427,153.98
S02/mask/attentive/S02_attentive_mask_000063.jpg,S02,attentive,mask,mask,,1,0.22507,0.46725,0.34827,-12.098,-179.556,-171.824,154.15
S02/mask/attentive/S02_attentive_mask_000064.jpg,S02,attentive,mask,mask,,1,0.23631,0.44666,0.32462,-16.759,-177.441,-173.805,156.69
S02/mask/attentive/S02_attentive_mask_000065.jpg,S02,attentive,mask,mask,,1,0.27834,0.45429,0.32738,-17.092,-179.061,-175.325,154.74
S02/mask/attentive/S02_attentive_mask_000066.jpg,S02,attentive,mask,mask,,1,0.29543,0.45578,0.32415,-19.949,-175.282,-175.915,153.89
S02/mask/attentive/S02_attentive_mask_000067.jpg,S02,attentive,mask,mask,,1,0.2754,0.45241,0.3323,-21.932,-179.156,-174.816,153.63
S02/mask/attentive/S02_attentive_mask_000068.jpg,S02,attentive,mask,mask,,1,0.1748,0.46975,0.34383,-13.463,-174.206,-177.508,152.1
S02/mask/attentive/S02_attentive_mask_000069.jpg,S02,attentive,mask,mask,,1,0.21846,0.45863,0.333,-11.37,177.845,-174.669,152.75
S02/mask/attentive/S02_attentive_mask_000070.jpg,S02,attentive,mask,mask,,1,0.25538,0.4591,0.33654,-12.742,175.653,-173.804,152.31
S02/mask/attentive/S02_attentive_mask_000071.jpg,S02,attentive,mask,mask,,1,0.29027,0.46596,0.33577,-20.636,177.947,-174.336,152.22
S02/mask/attentive/S02_attentive_mask_000072.jpg,S02,attentive,mask,mask,,1,0.2826,0.47634,0.33938,-23.051,-177.99,-175.462,153.12
S02/mask/attentive/S02_attentive_mask_000073.jpg,S02,attentive,mask,mask,,1,0.098,0.44979,0.31852,-16.212,177.782,-175.948,153.42
S02/mask/attentive/S02_attentive_mask_000074.jpg,S02,attentive,mask,mask,,1,0.23595,0.44891,0.33009,-21.675,179.005,-176.023,153.97
S02/mask/attentive/S02_attentive_mask_000075.jpg,S02,attentive,mask,mask,,1,0.24191,0.45777,0.37643,-16.793,178.794,-175.688,154.34
S02/mask/attentive/S02_attentive_mask_000076.jpg,S02,attentive,mask,mask,,1,0.26159,0.45396,0.36754,-21.888,-177.335,-176.863,154.51
S02/mask/attentive/S02_attentive_mask_000077.jpg,S02,attentive,mask,mask,,1,0.26334,0.45737,0.3942,-20.439,177.654,-175.707,153.78
S02/mask/attentive/S02_attentive_mask_000078.jpg,S02,attentive,mask,mask,,1,0.26189,0.45447,0.3768,-19.916,179.568,-176.614,153.46
S02/mask/attentive/S02_attentive_mask_000079.jpg,S02,attentive,mask,mask,,1,0.26418,0.45234,0.37636,-18.505,176.354,-176.976,152.97
S02/mask/attentive/S02_attentive_mask_000080.jpg,S02,attentive,mask,mask,,1,0.27273,0.45873,0.38469,-19.096,179.896,-177.248,151.67
S02/mask/attentive/S02_attentive_mask_000081.jpg,S02,attentive,mask,mask,,1,0.28044,0.47266,0.382,-22.47,-179.12,-176.934,151.01
S02/mask/attentive/S02_attentive_mask_000082.jpg,S02,attentive,mask,mask,,1,0.27374,0.45573,0.38156,-20.901,-179.452,-176.374,150.31
S02/mask/attentive/S02_attentive_mask_000083.jpg,S02,attentive,mask,mask,,1,0.11272,0.45676,0.37355,-17.634,176.156,-175.272,149.96
S02/mask/attentive/S02_attentive_mask_000084.jpg,S02,attentive,mask,mask,,1,0.2296,0.46288,0.38737,-23.012,-176.212,-176.225,150.09
S02/mask/attentive/S02_attentive_mask_000085.jpg,S02,attentive,mask,mask,,1,0.26886,0.46295,0.39261,-24.316,-177.588,-175.989,150.03
S02/mask/attentive/S02_attentive_mask_000086.jpg,S02,attentive,mask,mask,,1,0.25986,0.46017,0.38768,-22.389,-179.058,-175.694,149.86
S02/mask/attentive/S02_attentive_mask_000087.jpg,S02,attentive,mask,mask,,1,0.26461,0.45149,0.37794,-23.473,-177.426,-177.034,149.72
S02/mask/attentive/S02_attentive_mask_000088.jpg,S02,attentive,mask,mask,,1,0.26749,0.46745,0.38746,-24.155,-178.02,-176.529,149.58
S02/mask/attentive/S02_attentive_mask_000089.jpg,S02,attentive,mask,mask,,1,0.25838,0.4705,0.36937,-23.584,-178.536,-176.19,148.97
S02/mask/attentive/S02_attentive_mask_000090.jpg,S02,attentive,mask,mask,,1,0.28675,0.45474,0.37972,-22.491,-177.348,-176.221,148.89
S02/mask/attentive/S02_attentive_mask_000091.jpg,S02,attentive,mask,mask,,1,0.30701,0.48839,0.36067,-23.727,-173.426,-175.75,148.06
S02/mask/attentive/S02_attentive_mask_000092.jpg,S02,attentive,mask,mask,,1,0.28931,0.45508,0.35731,-23.199,-172.746,-176.044,147.57
S02/mask/attentive/S02_attentive_mask_000093.jpg,S02,attentive,mask,mask,,1,0.16762,0.45571,0.37027,-22.552,-178.038,-175.077,147.47
S02/mask/attentive/S02_attentive_mask_000094.jpg,S02,attentive,mask,mask,,1,0.30371,0.45511,0.37017,-23.184,-174.432,-176.126,147.59
S02/mask/attentive/S02_attentive_mask_000095.jpg,S02,attentive,mask,mask,,1,0.31494,0.45403,0.3742,-23.367,-176.117,-176.094,147.19
S02/mask/attentive/S02_attentive_mask_000096.jpg,S02,attentive,mask,mask,,1,0.17571,0.45421,0.38094,-21.578,179.053,-174.792,143.9
S02/mask/attentive/S02_attentive_mask_000097.jpg,S02,attentive,mask,mask,,1,0.2806,0.4583,0.36161,-20.879,-176.4,-175.311,141.91
S02/mask/attentive/S02_attentive_mask_000098.jpg,S02,attentive,mask,mask,,1,0.29104,0.4533,0.37235,-22.807,-179.859,-174.742,141.49
S02/mask/attentive/S02_attentive_mask_000099.jpg,S02,attentive,mask,mask,,1,0.17762,0.45706,0.36249,-20.432,-179.804,-175.505,141.59
S02/mask/attentive/S02_attentive_mask_000100.jpg,S02,attentive,mask,mask,,1,0.27452,0.4512,0.37386,-22.739,-179.301,-174.585,141.64
S02/mask/attentive/S02_attentive_mask_000101.jpg,S02,attentive,mask,mask,,1,0.17921,0.45124,0.38909,-20.152,176.167,-172.242,141.55
S02/mask/attentive/S02_attentive_mask_000102.jpg,S02,attentive,mask,mask,,1,0.27176,0.45287,0.40092,-23.546,-179.867,-173.493,141.26
S02/mask/attentive/S02_attentive_mask_000103.jpg,S02,attentive,mask,mask,,1,0.27459,0.4536,0.39587,-21.806,-178.465,-172.929,141.16
S02/mask/attentive/S02_attentive_mask_000104.jpg,S02,attentive,mask,mask,,1,0.18312,0.45367,0.39615,-17.814,174.65,-172.568,141.34
S02/mask/attentive/S02_attentive_mask_000105.jpg,S02,attentive,mask,mask,,1,0.24486,0.45243,0.39717,-21.097,176.096,-171.705,141.49
S02/mask/attentive/S02_attentive_mask_000106.jpg,S02,attentive,mask,mask,,1,0.28901,0.45282,0.38565,-23.768,176.797,-172.675,141.38
S02/mask/attentive/S02_attentive_mask_000107.jpg,S02,attentive,mask,mask,,1,0.29242,0.4519,0.3976,-24.09,177.657,-172.889,140.95
S02/mask/attentive/S02_attentive_mask_000108.jpg,S02,attentive,mask,mask,,1,0.28272,0.45311,0.39542,-23.316,179.726,-173.519,141.13
S02/mask/attentive/S02_attentive_mask_000109.jpg,S02,attentive,mask,mask,,1,0.28736,0.45248,0.39567,-22.441,177.187,-173.844,141.24
S02/mask/attentive/S02_attentive_mask_000110.jpg,S02,attentive,mask,mask,,1,0.28143,0.45307,0.38306,-18.683,176.751,-173.282,141.59
S02/mask/attentive/S02_attentive_mask_000111.jpg,S02,attentive,mask,mask,,1,0.28399,0.45524,0.40525,-20.07,179.116,-173.539,142.08
S02/mask/attentive/S02_attentive_mask_000112.jpg,S02,attentive,mask,mask,,1,0.26003,0.45394,0.39504,-19.108,173.617,-173.995,143.7
S02/mask/attentive/S02_attentive_mask_000113.jpg,S02,attentive,mask,mask,,1,0.2735,0.45212,0.39435,-18.954,173.343,-172.799,146.8
S02/mask/attentive/S02_attentive_mask_000114.jpg,S02,attentive,mask,mask,,1,0.18071,0.45164,0.39999,-17.234,169.791,-172.062,147.21
S02/mask/attentive/S02_attentive_mask_000115.jpg,S02,attentive,mask,mask,,1,0.18705,0.45375,0.39355,-18.356,176.591,-172.501,147.58
S02/mask/attentive/S02_attentive_mask_000116.jpg,S02,attentive,mask,mask,,1,0.15642,0.45233,0.37891,-11.565,173.334,-172.768,147.54
S02/mask/attentive/S02_attentive_mask_000117.jpg,S02,attentive,mask,mask,,1,0.27065,0.50821,0.39643,-15.946,-178.584,-174.281,147.9
S02/mask/attentive/S02_attentive_mask_000118.jpg,S02,attentive,mask,mask,,1,0.27477,0.45969,0.38205,-16.873,-178.804,-173.996,147.79
S02/mask/attentive/S02_attentive_mask_000119.jpg,S02,attentive,mask,mask,,1,0.29877,0.45598,0.37359,-18.082,179.308,-174.144,147.37
S02/mask/attentive/S02_attentive_mask_000120.jpg,S02,attentive,mask,mask,,1,0.29891,0.45216,0.36132,-19.857,-179.254,-173.733,147.38
S02/mask/attentive/S02_attentive_mask_000121.jpg,S02,attentive,mask,mask,,1,0.18377,0.45593,0.35532,-15.904,-179.592,-173.964,147.36
S02/mask/attentive/S02_attentive_mask_000122.jpg,S02,attentive,mask,mask,,1,0.28564,0.45498,0.35671,-16.819,-179.997,-174.464,147.41
S02/mask/attentive/S02_attentive_mask_000123.jpg,S02,attentive,mask,mask,,1,0.28915,0.45656,0.35501,-18.337,-178.472,-174.043,147.48
S02/mask/attentive/S02_attentive_mask_000124.jpg,S02,attentive,mask,mask,,1,0.2999,0.45287,0.36769,-19.568,178.833,-174.104,147.59
S02/mask/attentive/S02_attentive_mask_000125.jpg,S02,attentive,mask,mask,,1,0.30416,0.45285,0.36694,-19.868,178.807,-174.269,147.44
S02/mask/attentive/S02_attentive_mask_000126.jpg,S02,attentive,mask,mask,,1,0.31457,0.45239,0.35948,-20.005,179.211,-174.398,147.41
S02/mask/attentive/S02_attentive_mask_000127.jpg,S02,attentive,mask,mask,,1,0.2558,0.456,0.36784,-18.854,-179.082,-173.586,147.43
S02/mask/attentive/S02_attentive_mask_000128.jpg,S02,attentive,mask,mask,,1,0.28583,0.45424,0.36795,-17.9,-179.52,-174.342,147.41
S02/mask/attentive/S02_attentive_mask_000129.jpg,S02,attentive,mask,mask,,1,0.28772,0.45341,0.37076,-17.725,178.793,-174.108,147.44
S02/mask/attentive/S02_attentive_mask_000130.jpg,S02,attentive,mask,mask,,1,0.30109,0.45313,0.36144,-18.127,-179.06,-173.713,147.24
S02/mask/attentive/S02_attentive_mask_000131.jpg,S02,attentive,mask,mask,,1,0.30269,0.45387,0.36565,-18.064,-179.295,-173.997,147.12
S02/mask/attentive/S02_attentive_mask_000132.jpg,S02,attentive,mask,mask,,1,0.30049,0.45246,0.36366,-17.563,-179.775,-173.841,147.06
S02/mask/attentive/S02_attentive_mask_000133.jpg,S02,attentive,mask,mask,,1,0.31245,0.45263,0.36499,-18.052,178.323,-173.969,147.05
S02/mask/attentive/S02_attentive_mask_000134.jpg,S02,attentive,mask,mask,,1,0.29457,0.45824,0.37553,-15.058,177.619,-173.535,147.04
S02/mask/attentive/S02_attentive_mask_000135.jpg,S02,attentive,mask,mask,,1,0.30382,0.45116,0.36899,-17.399,177.265,-174.429,147.2
S02/mask/attentive/S02_attentive_mask_000136.jpg,S02,attentive,mask,mask,,1,0.28814,0.45225,0.36306,-19.262,178.042,-173.547,147.01
S02/mask/attentive/S02_attentive_mask_000137.jpg,S02,attentive,mask,mask,,1,0.1628,0.45624,0.36814,-9.992,173.39,-172.483,147.05
S02/mask/attentive/S02_attentive_mask_000138.jpg,S02,attentive,mask,mask,,1,0.2794,0.45377,0.373,-17.936,179.352,-173.401,146.92
S02/mask/attentive/S02_attentive_mask_000139.jpg,S02,attentive,mask,mask,,1,0.27875,0.45639,0.37227,-18.922,-179.107,-173.159,146.85
S02/mask/attentive/S02_attentive_mask_000140.jpg,S02,attentive,mask,mask,,1,0.29709,0.45442,0.3614,-19.139,-179.722,-173.51,146.8
S02/mask/attentive/S02_attentive_mask_000141.jpg,S02,attentive,mask,mask,,1,0.29353,0.45603,0.37929,-17.54,-179.245,-173.254,146.65
S02/mask/attentive/S02_attentive_mask_000142.jpg,S02,attentive,mask,mask,,1,0.29955,0.45483,0.37436,-20.58,179.007,-172.965,146.47
S02/mask/attentive/S02_attentive_mask_000143.jpg,S02,attentive,mask,mask,,1,0.29708,0.45539,0.36779,-21.216,-177.663,-174.54,146.55
S02/mask/attentive/S02_attentive_mask_000144.jpg,S02,attentive,mask,mask,,1,0.29515,0.45684,0.36403,-19.977,-176.126,-175.172,146.45
S02/mask/attentive/S02_attentive_mask_000145.jpg,S02,attentive,mask,mask,,1,0.1833,0.45451,0.3593,-16.055,176.18,-171.808,146.26
S02/mask/attentive/S02_attentive_mask_000146.jpg,S02,attentive,mask,mask,,1,0.27763,0.45615,0.36191,-19.287,-177.139,-172.752,146.19
S02/mask/attentive/S02_attentive_mask_000147.jpg,S02,attentive,mask,mask,,1,0.28928,0.45674,0.37164,-20.003,-178.917,-172.592,146.13
S02/mask/attentive/S02_attentive_mask_000148.jpg,S02,attentive,mask,mask,,1,0.30319,0.4555,0.35434,-21.883,-177.852,-173.495,146.15
S02/mask/attentive/S02_attentive_mask_000149.jpg,S02,attentive,mask,mask,,1,0.28698,0.45249,0.36071,-19.121,-179.92,-171.873,146.17
S02/mask/attentive/S02_attentive_mask_000150.jpg,S02,attentive,mask,mask,,1,0.28737,0.45235,0.34873,-20.07,-179.483,-172.954,146.13
S02/mask/attentive/S02_attentive_mask_000151.jpg,S02,attentive,mask,mask,,1,0.28605,0.45477,0.36489,-17.007,-177.237,-173.005,146.29
S02/mask/attentive/S02_attentive_mask_000152.jpg,S02,attentive,mask,mask,,1,0.27741,0.45232,0.36379,-19.653,-177.577,-172.477,146.28
S02/mask/attentive/S02_attentive_mask_000153.jpg,S02,attentive,mask,mask,,1,0.27988,0.45227,0.36576,-18.716,-179.206,-172.512,146.26
S02/mask/attentive/S02_attentive_mask_000154.jpg,S02,attentive,mask,mask,,1,0.29108,0.45651,0.35654,-18.704,-177.311,-173.904,146.05
S02/mask/attentive/S02_attentive_mask_000155.jpg,S02,attentive,mask,mask,,1,0.22126,0.45322,0.34718,-18.778,177.771,-173.605,145.5
S02/mask/attentive/S02_attentive_mask_000156.jpg,S02,attentive,mask,mask,,1,0.26499,0.45623,0.33355,-26.709,-177.876,-176.105,145.36
S02/mask/attentive/S02_attentive_mask_000157.jpg,S02,attentive,mask,mask,,1,0.27559,0.44837,0.34357,-23.256,179.41,-174.948,145.85
S02/mask/attentive/S02_attentive_mask_000158.jpg,S02,attentive,mask,mask,,1,0.14379,0.45067,0.32487,-21.165,177.636,-175.688,145.71
S02/mask/attentive/S02_attentive_mask_000159.jpg,S02,attentive,mask,mask,,1,0.11941,0.44908,0.31704,-20.1,175.738,-175.245,145.43
S02/mask/attentive/S02_attentive_mask_000160.jpg,S02,attentive,mask,mask,,1,0.24291,0.45304,0.33784,-21.13,-178.184,-175.657,145.85
S02/mask/attentive/S02_attentive_mask_000161.jpg,S02,attentive,mask,mask,,1,0.27002,0.45143,0.3354,-20.912,179.91,-175.43,145.9
S02/mask/attentive/S02_attentive_mask_000162.jpg,S02,attentive,mask,mask,,1,0.24628,0.45432,0.3582,-20.351,-179.591,-173.988,146.0
S02/mask/attentive/S02_attentive_mask_000163.jpg,S02,attentive,mask,mask,,1,0.17849,0.45327,0.35112,-19.914,175.492,-173.967,146.18
S02/mask/attentive/S02_attentive_mask_000164.jpg,S02,attentive,mask,mask,,1,0.28063,0.45557,0.37177,-22.491,-179.293,-176.537,146.3
S02/mask/attentive/S02_attentive_mask_000165.jpg,S02,attentive,mask,mask,,1,0.2067,0.45415,0.34984,-18.395,-179.629,-175.699,146.26
S02/mask/attentive/S02_attentive_mask_000166.jpg,S02,attentive,mask,mask,,1,0.28408,0.45244,0.35843,-20.123,-177.98,-175.522,145.98
S02/mask/attentive/S02_attentive_mask_000167.jpg,S02,attentive,mask,mask,,1,0.30506,0.45846,0.33689,-21.034,-179.203,-176.996,145.59
S02/mask/attentive/S02_attentive_mask_000168.jpg,S02,attentive,mask,mask,,1,0.30075,0.44895,0.351,-20.491,-178.145,-176.007,145.48
S02/mask/attentive/S02_attentive_mask_000169.jpg,S02,attentive,mask,mask,,1,0.2138,0.45075,0.36103,-17.936,179.66,-175.523,145.82
S02/mask/attentive/S02_attentive_mask_000170.jpg,S02,attentive,mask,mask,,1,0.29595,0.4521,0.35022,-20.871,178.558,-174.933,146.0
S02/mask/attentive/S02_attentive_mask_000171.jpg,S02,attentive,mask,mask,,1,0.31139,0.45295,0.36299,-22.631,-178.228,-175.773,146.29
S02/mask/attentive/S02_attentive_mask_000172.jpg,S02,attentive,mask,mask,,1,0.17258,0.4557,0.35731,-23.362,-176.703,-175.756,146.43
S02/mask/attentive/S02_attentive_mask_000173.jpg,S02,attentive,mask,mask,,1,0.28652,0.45431,0.35639,-22.508,-176.506,-175.812,146.22
S02/mask/attentive/S02_attentive_mask_000174.jpg,S02,attentive,mask,mask,,1,0.29422,0.45797,0.37847,-16.153,179.886,-175.57,145.92
S02/mask/attentive/S02_attentive_mask_000175.jpg,S02,attentive,mask,mask,,1,0.30001,0.45364,0.35729,-24.57,-174.397,-176.892,145.94
S02/mask/attentive/S02_attentive_mask_000176.jpg,S02,attentive,mask,mask,,1,0.30623,0.45273,0.34254,-23.002,-178.258,-176.966,146.09
S02/mask/attentive/S02_attentive_mask_000177.jpg,S02,attentive,mask,mask,,1,0.31296,0.45087,0.35105,-24.164,179.147,-176.999,146.1
S02/mask/attentive/S02_attentive_mask_000178.jpg,S02,attentive,mask,mask,,1,0.31522,0.45522,0.35752,-23.759,179.736,-176.821,146.31
S02/mask/attentive/S02_attentive_mask_000179.jpg,S02,attentive,mask,mask,,1,0.31416,0.45648,0.3718,-19.921,177.145,-176.566,146.7
S02/mask/attentive/S02_attentive_mask_000180.jpg,S02,attentive,mask,mask,,1,0.31917,0.45431,0.37484,-21.13,176.211,-176.907,146.62
S02/mask/attentive/S02_attentive_mask_000181.jpg,S02,attentive,mask,mask,,1,0.19487,0.45283,0.35375,-18.179,176.174,-176.916,146.6
S02/mask/attentive/S02_attentive_mask_000182.jpg,S02,attentive,mask,mask,,1,0.30642,0.44986,0.35991,-22.198,178.806,-177.762,146.38
S02/mask/attentive/S02_attentive_mask_000183.jpg,S02,attentive,mask,mask,,1,0.31422,0.45387,0.35245,-24.204,-177.552,-177.012,146.04
S02/mask/attentive/S02_attentive_mask_000184.jpg,S02,attentive,mask,mask,,1,0.31491,0.45213,0.36052,-23.074,178.562,-176.161,146.0
S02/mask/attentive/S02_attentive_mask_000185.jpg,S02,attentive,mask,mask,,1,0.27351,0.44823,0.33473,-25.873,-179.695,-176.103,145.97
S02/mask/attentive/S02_attentive_mask_000186.jpg,S02,attentive,mask,mask,,1,0.32713,0.44928,0.35116,-25.304,179.089,-176.751,146.23
S02/mask/attentive/S02_attentive_mask_000187.jpg,S02,attentive,mask,mask,,1,0.33141,0.45115,0.34524,-22.936,178.042,-175.961,146.09
S02/mask/attentive/S02_attentive_mask_000188.jpg,S02,attentive,mask,mask,,1,0.34471,0.4545,0.35587,-21.509,179.089,-175.176,146.26
S02/mask/attentive/S02_attentive_mask_000189.jpg,S02,attentive,mask,mask,,1,0.34711,0.45308,0.35719,-20.18,177.823,-175.286,146.2
S02/mask/attentive/S02_attentive_mask_000190.jpg,S02,attentive,mask,mask,,1,0.35251,0.45303,0.35237,-21.702,178.475,-175.465,146.27
S02/mask/attentive/S02_attentive_mask_000191.jpg,S02,attentive,mask,mask,,1,0.36303,0.45232,0.34913,-22.492,177.3,-175.106,146.2
S02/mask/attentive/S02_attentive_mask_000192.jpg,S02,attentive,mask,mask,,1,0.37173,0.45357,0.35479,-21.712,177.983,-175.099,146.27
S02/mask/attentive/S02_attentive_mask_000193.jpg,S02,attentive,mask,mask,,1,0.34805,0.45529,0.35205,-21.933,179.112,-175.127,146.26
S02/mask/attentive/S02_attentive_mask_000194.jpg,S02,attentive,mask,mask,,1,0.34862,0.45308,0.35416,-20.866,178.964,-175.367,146.38
S02/mask/attentive/S02_attentive_mask_000195.jpg,S02,attentive,mask,mask,,1,0.349,0.45319,0.3514,-22.134,178.899,-175.359,146.42
S02/mask/attentive/S02_attentive_mask_000196.jpg,S02,attentive,mask,mask,,1,0.33419,0.45221,0.35355,-22.947,178.225,-174.932,146.52
S02/mask/attentive/S02_attentive_mask_000197.jpg,S02,attentive,mask,mask,,1,0.33615,0.45056,0.36218,-20.689,176.606,-174.264,146.48
S02/mask/attentive/S02_attentive_mask_000198.jpg,S02,attentive,mask,mask,,1,0.33107,0.4514,0.35518,-22.45,177.238,-175.599,146.59
S02/mask/attentive/S02_attentive_mask_000199.jpg,S02,attentive,mask,mask,,1,0.3333,0.45177,0.35855,-21.461,177.279,-174.958,146.69
S02/mask/attentive/S02_attentive_mask_000200.jpg,S02,attentive,mask,mask,,1,0.33701,0.45157,0.35962,-20.287,176.317,-174.609,146.7
S02/mask/attentive/S02_attentive_mask_000201.jpg,S02,attentive,mask,mask,,1,0.32685,0.45156,0.36835,-21.512,175.296,-175.06,146.76
S02/mask/attentive/S02_attentive_mask_000202.jpg,S02,attentive,mask,mask,,1,0.33959,0.45421,0.3557,-20.776,177.579,-174.85,146.82
S02/mask/attentive/S02_attentive_mask_000203.jpg,S02,attentive,mask,mask,,1,0.3394,0.45357,0.36344,-19.485,176.764,-174.862,146.81
S02/mask/attentive/S02_attentive_mask_000204.jpg,S02,attentive,mask,mask,,1,0.31823,0.47173,0.37402,-17.739,176.99,-174.989,146.33
S02/mask/attentive/S02_attentive_mask_000205.jpg,S02,attentive,mask,mask,,1,0.20587,0.45335,0.3714,-15.306,173.809,-174.754,146.69
S02/mask/attentive/S02_attentive_mask_000206.jpg,S02,attentive,mask,mask,,1,0.27248,0.45673,0.35306,-22.188,-178.918,-176.327,146.81
S02/mask/attentive/S02_attentive_mask_000207.jpg,S02,attentive,mask,mask,,1,0.30266,0.45484,0.39208,-21.374,179.549,-175.164,146.79
S02/mask/attentive/S02_attentive_mask_000208.jpg,S02,attentive,mask,mask,,1,0.3138,0.45648,0.38627,-21.956,-179.723,-174.787,146.95
S02/mask/attentive/S02_attentive_mask_000209.jpg,S02,attentive,mask,mask,,1,0.16533,0.45794,0.36434,-18.015,174.592,-174.625,146.83
S02/mask/attentive/S02_attentive_mask_000210.jpg,S02,attentive,mask,mask,,1,0.28078,0.45671,0.38382,-22.283,179.099,-176.189,146.87
S02/mask/attentive/S02_attentive_mask_000211.jpg,S02,attentive,mask,mask,,1,0.29714,0.45609,0.39133,-22.831,178.28,-175.737,146.86
S02/mask/attentive/S02_attentive_mask_000212.jpg,S02,attentive,mask,mask,,1,0.30087,0.45548,0.39077,-20.47,178.026,-174.849,146.94
S02/mask/attentive/S02_attentive_mask_000213.jpg,S02,attentive,mask,mask,,1,0.3189,0.45568,0.38966,-22.033,177.383,-174.526,146.93
S02/mask/attentive/S02_attentive_mask_000214.jpg,S02,attentive,mask,mask,,1,0.17831,0.4573,0.37371,-17.816,175.022,-174.618,146.88
S02/mask/attentive/S02_attentive_mask_000215.jpg,S02,attentive,mask,mask,,1,0.28217,0.4583,0.37264,-21.236,-178.057,-174.634,146.88
S02/mask/attentive/S02_attentive_mask_000216.jpg,S02,attentive,mask,mask,,1,0.30626,0.45524,0.38681,-19.472,176.92,-175.164,146.99
S02/mask/attentive/S02_attentive_mask_000217.jpg,S02,attentive,mask,mask,,1,0.30999,0.45682,0.37724,-20.449,176.258,-176.952,146.77
S02/mask/attentive/S02_attentive_mask_000218.jpg,S02,attentive,mask,mask,,1,0.26584,0.45114,0.3726,-20.243,178.719,-176.466,146.54
S02/mask/attentive/S02_attentive_mask_000219.jpg,S02,attentive,mask,mask,,1,0.28484,0.45185,0.36351,-19.594,177.868,-175.954,146.29
S02/mask/attentive/S02_attentive_mask_000220.jpg,S02,attentive,mask,mask,,1,0.30433,0.44822,0.36175,-20.539,176.724,-176.351,146.41
S02/mask/attentive/S02_attentive_mask_000221.jpg,S02,attentive,mask,mask,,1,0.31404,0.45068,0.36193,-20.706,177.258,-175.634,146.46
S02/mask/attentive/S02_attentive_mask_000222.jpg,S02,attentive,mask,mask,,1,0.31754,0.45157,0.36434,-20.561,176.938,-175.221,146.45
S02/mask/attentive/S02_attentive_mask_000223.jpg,S02,attentive,mask,mask,,1,0.31962,0.45119,0.36219,-19.624,176.995,-175.143,146.29
S02/mask/attentive/S02_attentive_mask_000224.jpg,S02,attentive,mask,mask,,1,0.1996,0.44888,0.36461,-17.546,172.338,-176.579,146.33
S02/mask/attentive/S02_attentive_mask_000225.jpg,S02,attentive,mask,mask,,1,0.27439,0.45114,0.36701,-17.833,174.481,-176.241,146.32
S02/mask/attentive/S02_attentive_mask_000226.jpg,S02,attentive,mask,mask,,1,0.30539,0.45052,0.36267,-19.879,177.509,-175.364,146.5
S02/mask/attentive/S02_attentive_mask_000227.jpg,S02,attentive,mask,mask,,1,0.29899,0.45159,0.36677,-17.943,176.58,-174.989,146.45
S02/mask/attentive/S02_attentive_mask_000228.jpg,S02,attentive,mask,mask,,1,0.30321,0.45217,0.36442,-18.486,177.577,-175.491,146.38
S02/mask/attentive/S02_attentive_mask_000229.jpg,S02,attentive,mask,mask,,1,0.30243,0.45121,0.37184,-17.375,174.607,-175.733,146.31
S02/mask/attentive/S02_attentive_mask_000230.jpg,S02,attentive,mask,mask,,1,0.30319,0.45213,0.37614,-21.535,175.599,-176.297,146.17
S02/mask/attentive/S02_attentive_mask_000231.jpg,S02,attentive,mask,mask,,1,0.3134,0.45183,0.37581,-21.005,175.428,-175.527,146.11
S02/mask/attentive/S02_attentive_mask_000232.jpg,S02,attentive,mask,mask,,1,0.31254,0.45472,0.37013,-19.919,176.932,-175.241,145.95
S02/mask/attentive/S02_attentive_mask_000233.jpg,S02,attentive,mask,mask,,1,0.31147,0.45358,0.36197,-17.665,177.117,-174.982,145.94
S02/mask/attentive/S02_attentive_mask_000234.jpg,S02,attentive,mask,mask,,1,0.30937,0.45249,0.36347,-18.607,176.618,-175.921,145.88
S02/mask/attentive/S02_attentive_mask_000235.jpg,S02,attentive,mask,mask,,1,0.30038,0.45412,0.3608,-16.791,177.986,-175.841,145.92
S02/mask/attentive/S02_attentive_mask_000236.jpg,S02,attentive,mask,mask,,1,0.31402,0.45497,0.37097,-18.847,177.724,-175.322,146.01
S02/mask/attentive/S02_attentive_mask_000237.jpg,S02,attentive,mask,mask,,1,0.3142,0.45715,0.36524,-17.885,-179.719,-175.244,146.07
S02/mask/attentive/S02_attentive_mask_000238.jpg,S02,attentive,mask,mask,,1,0.20458,0.45499,0.35795,-14.255,178.972,-174.782,145.86
S02/mask/attentive/S02_attentive_mask_000239.jpg,S02,attentive,mask,mask,,1,0.26891,0.45637,0.36251,-15.165,179.66,-174.722,145.94
S02/mask/attentive/S02_attentive_mask_000240.jpg,S02,attentive,mask,mask,,1,0.29599,0.45754,0.37085,-16.99,179.809,-175.382,145.82
S02/mask/attentive/S02_attentive_mask_000241.jpg,S02,attentive,mask,mask,,1,0.29497,0.45642,0.37027,-17.136,179.775,-175.304,145.75
S02/mask/attentive/S02_attentive_mask_000242.jpg,S02,attentive,mask,mask,,1,0.22138,0.45251,0.36298,-19.15,177.785,-174.098,146.08
S02/mask/attentive/S02_attentive_mask_000243.jpg,S02,attentive,mask,mask,,1,0.2063,0.4554,0.36091,-14.694,179.161,-175.195,145.64
S02/mask/attentive/S02_attentive_mask_000244.jpg,S02,attentive,mask,mask,,1,0.22852,0.45477,0.36427,-14.416,-179.284,-174.931,145.58
S02/mask/attentive/S02_attentive_mask_000245.jpg,S02,attentive,mask,mask,,1,0.29108,0.45571,0.3668,-16.014,-178.699,-174.406,145.51
S02/mask/attentive/S02_attentive_mask_000246.jpg,S02,attentive,mask,mask,,1,0.27613,0.45251,0.37545,-13.178,176.128,-174.817,145.08
S02/mask/attentive/S02_attentive_mask_000247.jpg,S02,attentive,mask,mask,,1,0.29387,0.45676,0.37377,-16.501,-177.434,-175.691,145.22
S02/mask/attentive/S02_attentive_mask_000248.jpg,S02,attentive,mask,mask,,1,0.25958,0.45769,0.37826,-10.58,178.632,-176.494,144.11
S02/mask/attentive/S02_attentive_mask_000249.jpg,S02,attentive,mask,mask,,1,0.26726,0.45246,0.3804,-9.821,-179.987,-174.686,139.03
S02/mask/attentive/S02_attentive_mask_000250.jpg,S02,attentive,mask,mask,,1,0.26135,0.45767,0.3791,-11.823,178.567,-176.592,138.09
S02/mask/attentive/S02_attentive_mask_000251.jpg,S02,attentive,mask,mask,,1,0.26646,0.45541,0.37182,-13.175,-178.249,-175.446,138.55
S02/mask/attentive/S02_attentive_mask_000252.jpg,S02,attentive,mask,mask,,1,0.26785,0.47165,0.38247,-14.848,-177.785,-174.893,138.88
S02/mask/attentive/S02_attentive_mask_000253.jpg,S02,attentive,mask,mask,,1,0.20597,0.45381,0.38266,-14.522,-177.217,-175.519,139.93
S02/mask/attentive/S02_attentive_mask_000254.jpg,S02,attentive,mask,mask,,1,0.20578,0.45744,0.34865,-12.59,-173.923,-175.451,142.75
S02/mask/attentive/S02_attentive_mask_000255.jpg,S02,attentive,mask,mask,,1,0.24629,0.45543,0.36475,-16.277,-177.382,-175.704,147.05
S02/mask/attentive/S02_attentive_mask_000256.jpg,S02,attentive,mask,mask,,1,0.26473,0.4563,0.36921,-21.556,-179.157,-175.83,149.55
S02/mask/attentive/S02_attentive_mask_000257.jpg,S02,attentive,mask,mask,,1,0.25815,0.46015,0.35735,-20.005,-174.839,-174.579,149.52
S02/mask/attentive/S02_attentive_mask_000258.jpg,S02,attentive,mask,mask,,1,0.26139,0.45752,0.36775,-17.076,-178.556,-175.953,148.69
S02/mask/attentive/S02_attentive_mask_000259.jpg,S02,attentive,mask,mask,,1,0.27013,0.45652,0.35995,-17.244,-176.351,-176.422,148.82
S02/mask/attentive/S02_attentive_mask_000260.jpg,S02,attentive,mask,mask,,1,0.26537,0.45825,0.35944,-18.843,-177.946,-176.583,148.53
S02/mask/attentive/S02_attentive_mask_000261.jpg,S02,attentive,mask,mask,,1,0.15956,0.45764,0.36738,-11.896,-179.764,-175.305,148.8
S02/mask/attentive/S02_attentive_mask_000262.jpg,S02,attentive,mask,mask,,1,0.25627,0.46764,0.36387,-18.414,-179.15,-174.465,149.01
S02/mask/attentive/S02_attentive_mask_000263.jpg,S02,attentive,mask,mask,,1,0.27827,0.4546,0.37394,-15.528,-177.531,-175.218,148.24
S02/mask/attentive/S02_attentive_mask_000264.jpg,S02,attentive,mask,mask,,1,0.13706,0.4606,0.37296,-12.117,177.603,-175.24,147.91
S02/mask/attentive/S02_attentive_mask_000265.jpg,S02,attentive,mask,mask,,1,0.15481,0.45866,0.37099,-13.677,177.14,-176.628,147.98
S02/mask/attentive/S02_attentive_mask_000266.jpg,S02,attentive,mask,mask,,1,0.25571,0.45251,0.38786,-17.463,178.55,-176.219,148.52
S02/mask/attentive/S02_attentive_mask_000267.jpg,S02,attentive,mask,mask,,1,0.2649,0.45563,0.38407,-15.836,-178.985,-174.67,149.19
S02/mask/attentive/S02_attentive_mask_000268.jpg,S02,attentive,mask,mask,,1,0.28896,0.4625,0.3819,-17.093,-174.065,-176.267,149.4
S02/mask/attentive/S02_attentive_mask_000269.jpg,S02,attentive,mask,mask,,1,0.2878,0.45494,0.38538,-18.88,-176.643,-175.298,149.31
S02/mask/attentive/S02_attentive_mask_000270.jpg,S02,attentive,mask,mask,,1,0.29667,0.45535,0.39462,-17.297,-177.149,-175.596,149.48
S02/mask/attentive/S02_attentive_mask_000271.jpg,S02,attentive,mask,mask,,1,0.29602,0.45791,0.38778,-18.968,-178.551,-175.598,149.75
S02/mask/attentive/S02_attentive_mask_000272.jpg,S02,attentive,mask,mask,,1,0.27126,0.46092,0.37638,-17.807,-174.408,-177.253,150.03
S02/mask/attentive/S02_attentive_mask_000273.jpg,S02,attentive,mask,mask,,1,0.14537,0.45412,0.37458,-10.248,176.315,-175.188,149.82
S02/mask/attentive/S02_attentive_mask_000274.jpg,S02,attentive,mask,mask,,1,0.25269,0.45795,0.37797,-16.926,-175.851,-176.396,149.92
S02/mask/attentive/S02_attentive_mask_000275.jpg,S02,attentive,mask,mask,,1,0.26627,0.45619,0.38744,-17.272,-177.808,-175.715,149.82
S02/mask/attentive/S02_attentive_mask_000276.jpg,S02,attentive,mask,mask,,1,0.27608,0.45565,0.40093,-18.786,179.546,-175.644,149.98
S02/mask/attentive/S02_attentive_mask_000277.jpg,S02,attentive,mask,mask,,1,0.27722,0.45655,0.38942,-17.93,-178.432,-175.984,149.88
S02/mask/attentive/S02_attentive_mask_000278.jpg,S02,attentive,mask,mask,,1,0.27521,0.45661,0.38769,-18.287,-178.294,-176.428,149.78
S02/mask/attentive/S02_attentive_mask_000279.jpg,S02,attentive,mask,mask,,1,0.25621,0.45608,0.38133,-18.006,-176.622,-176.983,149.71
S02/mask/attentive/S02_attentive_mask_000280.jpg,S02,attentive,mask,mask,,1,0.16811,0.45581,0.37643,-14.121,179.097,-175.661,149.68
S02/mask/attentive/S02_attentive_mask_000281.jpg,S02,attentive,mask,mask,,1,0.25871,0.4551,0.39154,-17.548,-177.909,-175.803,149.74
S02/mask/attentive/S02_attentive_mask_000282.jpg,S02,attentive,mask,mask,,1,0.26399,0.45609,0.39259,-18.31,-178.311,-176.138,149.75
S02/mask/attentive/S02_attentive_mask_000283.jpg,S02,attentive,mask,mask,,1,0.13723,0.45602,0.38333,-11.709,175.914,-175.429,149.61
S02/mask/attentive/S02_attentive_mask_000284.jpg,S02,attentive,mask,mask,,1,0.12623,0.45651,0.38149,-10.882,175.141,-174.463,149.55
S02/mask/attentive/S02_attentive_mask_000285.jpg,S02,attentive,mask,mask,,1,0.22523,0.45651,0.38877,-16.496,-178.233,-175.484,149.3
S02/mask/attentive/S02_attentive_mask_000286.jpg,S02,attentive,mask,mask,,1,0.28212,0.45467,0.38232,-18.507,-177.06,-176.82,149.81
S02/mask/attentive/S02_attentive_mask_000287.jpg,S02,attentive,mask,mask,,1,0.28488,0.45623,0.38537,-20.486,-177.432,-177.167,149.71
S02/mask/attentive/S02_attentive_mask_000288.jpg,S02,attentive,mask,mask,,1,0.29241,0.45165,0.39572,-19.743,177.253,-177.269,149.87
S02/mask/attentive/S02_attentive_mask_000289.jpg,S02,attentive,mask,mask,,1,0.30307,0.45408,0.40429,-18.904,178.666,-176.238,149.93
S02/mask/attentive/S02_attentive_mask_000290.jpg,S02,attentive,mask,mask,,1,0.32548,0.45159,0.38999,-20.585,177.808,-176.146,149.88
S02/mask/attentive/S02_attentive_mask_000291.jpg,S02,attentive,mask,mask,,1,0.31766,0.45513,0.39309,-21.463,179.382,-176.321,149.93
S02/mask/attentive/S02_attentive_mask_000292.jpg,S02,attentive,mask,mask,,1,0.2403,0.46048,0.37658,-21.266,-178.621,-175.453,149.93
S02/mask/attentive/S02_attentive_mask_000293.jpg,S02,attentive,mask,mask,,1,0.16921,0.45469,0.37011,-16.426,177.669,-175.706,149.88
S02/mask/attentive/S02_attentive_mask_000294.jpg,S02,attentive,mask,mask,,1,0.14812,0.45543,0.36848,-14.275,178.033,-174.637,149.72
S02/mask/attentive/S02_attentive_mask_000295.jpg,S02,attentive,mask,mask,,1,0.19929,0.45705,0.35128,-17.019,-178.362,-174.573,149.87
S02/mask/attentive/S02_attentive_mask_000296.jpg,S02,attentive,mask,mask,,1,0.29366,0.4611,0.40133,-19.235,-177.072,-173.914,150.58
S02/mask/attentive/S02_attentive_mask_000297.jpg,S02,attentive,mask,mask,,1,0.19151,0.46008,0.37908,-17.804,178.843,-173.264,150.94
S02/mask/attentive/S02_attentive_mask_000298.jpg,S02,attentive,mask,mask,,1,0.27078,0.4528,0.39738,-22.442,-178.117,-172.645,150.78
S02/mask/attentive/S02_attentive_mask_000299.jpg,S02,attentive,mask,mask,,1,0.30379,0.45216,0.39821,-23.561,-179.421,-172.99,150.81
S02/mask/attentive/S02_attentive_mask_000300.jpg,S02,attentive,mask,mask,,1,0.2926,0.45252,0.39695,-18.958,-177.459,-172.516,150.92
S02/mask/attentive/S02_attentive_mask_000301.jpg,S02,attentive,mask,mask,,1,0.29142,0.45551,0.39955,-20.264,-177.946,-173.886,150.94
S02/mask/attentive/S02_attentive_mask_000302.jpg,S02,attentive,mask,mask,,1,0.30159,0.45576,0.40432,-19.784,-178.619,-173.649,150.84
S02/mask/attentive/S02_attentive_mask_000303.jpg,S02,attentive,mask,mask,,1,0.30055,0.45804,0.40401,-21.488,-178.117,-173.581,150.76
S02/mask/attentive/S02_attentive_mask_000304.jpg,S02,attentive,mask,mask,,1,0.29863,0.45538,0.39428,-20.739,179.421,-173.32,150.75
S02/mask/attentive/S02_attentive_mask_000305.jpg,S02,attentive,mask,mask,,1,0.29957,0.45354,0.39986,-21.207,-179.569,-174.224,150.83
S02/mask/attentive/S02_attentive_mask_000306.jpg,S02,attentive,mask,mask,,1,0.31529,0.45641,0.40535,-19.696,-179.901,-174.61,150.82
S02/mask/attentive/S02_attentive_mask_000307.jpg,S02,attentive,mask,mask,,1,0.31282,0.45635,0.4007,-18.756,-179.3,-174.224,150.93
S02/mask/attentive/S02_attentive_mask_000308.jpg,S02,attentive,mask,mask,,1,0.31386,0.45842,0.4033,-18.547,179.876,-173.786,150.93
S02/mask/attentive/S02_attentive_mask_000309.jpg,S02,attentive,mask,mask,,1,0.31447,0.45568,0.40092,-18.444,-178.987,-174.133,150.91
S02/mask/attentive/S02_attentive_mask_000310.jpg,S02,attentive,mask,mask,,1,0.31572,0.45589,0.39888,-19.326,-179.822,-173.455,151.01
S02/mask/attentive/S02_attentive_mask_000311.jpg,S02,attentive,mask,mask,,1,0.3097,0.45432,0.39885,-20.952,-177.285,-174.098,150.95
S02/mask/attentive/S02_attentive_mask_000312.jpg,S02,attentive,mask,mask,,1,0.21284,0.45644,0.40165,-16.926,-178.571,-173.327,150.89
S02/mask/attentive/S02_attentive_mask_000313.jpg,S02,attentive,mask,mask,,1,0.26189,0.4554,0.41507,-18.334,177.02,-173.786,151.01
S02/mask/attentive/S02_attentive_mask_000314.jpg,S02,attentive,mask,mask,,1,0.29026,0.45622,0.40033,-18.416,-179.717,-173.95,150.96
S02/mask/attentive/S02_attentive_mask_000315.jpg,S02,attentive,mask,mask,,1,0.27778,0.45601,0.39982,-17.93,-177.01,-173.099,150.94
S02/mask/attentive/S02_attentive_mask_000316.jpg,S02,attentive,mask,mask,,1,0.28885,0.47379,0.394,-21.381,-179.364,-174.315,150.32
S02/mask/attentive/S02_attentive_mask_000317.jpg,S02,attentive,mask,mask,,1,0.29979,0.45378,0.39595,-21.15,-178.451,-174.128,150.36
S02/mask/attentive/S02_attentive_mask_000318.jpg,S02,attentive,mask,mask,,1,0.30904,0.45246,0.3858,-21.7,-177.836,-174.353,150.28
S02/mask/attentive/S02_attentive_mask_000319.jpg,S02,attentive,mask,mask,,1,0.31721,0.45372,0.38307,-20.462,-176.299,-174.691,150.37
S02/mask/attentive/S02_attentive_mask_000320.jpg,S02,attentive,mask,mask,,1,0.3134,0.45636,0.38841,-20.674,-177.027,-174.669,150.29
S02/mask/attentive/S02_attentive_mask_000321.jpg,S02,attentive,mask,mask,,1,0.31553,0.4546,0.38468,-21.522,-177.412,-175.423,150.32
S02/mask/attentive/S02_attentive_mask_000322.jpg,S02,attentive,mask,mask,,1,0.23477,0.45397,0.37799,-19.576,-177.288,-175.322,150.25
S02/mask/attentive/S02_attentive_mask_000323.jpg,S02,attentive,mask,mask,,1,0.24281,0.45631,0.38,-17.152,-179.171,-174.129,150.36
S02/mask/attentive/S02_attentive_mask_000324.jpg,S02,attentive,mask,mask,,1,0.29649,0.45576,0.39416,-20.972,-178.538,-174.267,150.21
S02/mask/attentive/S02_attentive_mask_000325.jpg,S02,attentive,mask,mask,,1,0.29819,0.45595,0.37812,-21.192,-177.455,-173.877,150.15
S02/mask/attentive/S02_attentive_mask_000326.jpg,S02,attentive,mask,mask,,1,0.29388,0.45276,0.39144,-21.551,178.927,-174.116,149.98
S02/mask/attentive/S02_attentive_mask_000327.jpg,S02,attentive,mask,mask,,1,0.30571,0.45114,0.38066,-22.394,177.458,-174.782,149.93
S02/mask/attentive/S02_attentive_mask_000328.jpg,S02,attentive,mask,mask,,1,0.30396,0.45027,0.38495,-22.312,176.414,-174.859,149.97
S02/mask/attentive/S02_attentive_mask_000329.jpg,S02,attentive,mask,mask,,1,0.30264,0.44875,0.37757,-23.217,176.896,-174.988,149.85
S02/mask/attentive/S02_attentive_mask_000330.jpg,S02,attentive,mask,mask,,1,0.30489,0.45195,0.39325,-23.091,176.09,-174.423,149.91
S02/mask/attentive/S02_attentive_mask_000331.jpg,S02,attentive,mask,mask,,1,0.30828,0.45219,0.38463,-22.428,176.833,-174.624,149.86
S02/mask/attentive/S02_attentive_mask_000332.jpg,S02,attentive,mask,mask,,1,0.30722,0.45442,0.37568,-22.353,177.842,-174.501,149.85
S02/mask/attentive/S02_attentive_mask_000333.jpg,S02,attentive,mask,mask,,1,0.30959,0.45675,0.38396,-22.899,179.879,-174.503,149.91
S02/mask/attentive/S02_attentive_mask_000334.jpg,S02,attentive,mask,mask,,1,0.3108,0.45367,0.39067,-23.534,178.333,-174.883,150.02
S02/mask/attentive/S02_attentive_mask_000335.jpg,S02,attentive,mask,mask,,1,0.31644,0.45178,0.38522,-23.232,177.367,-174.989,149.98
S02/mask/attentive/S02_attentive_mask_000336.jpg,S02,attentive,mask,mask,,1,0.3075,0.45895,0.37648,-22.361,-178.51,-174.647,150.23
S02/mask/attentive/S02_attentive_mask_000337.jpg,S02,attentive,mask,mask,,1,0.30948,0.45622,0.38075,-23.42,-178.734,-173.985,150.34
S02/mask/attentive/S02_attentive_mask_000338.jpg,S02,attentive,mask,mask,,1,0.31734,0.47618,0.38021,-24.147,-178.695,-174.405,150.3
S02/mask/attentive/S02_attentive_mask_000339.jpg,S02,attentive,mask,mask,,1,0.31427,0.45274,0.37132,-23.406,-179.727,-174.068,150.2
S02/mask/attentive/S02_attentive_mask_000340.jpg,S02,attentive,mask,mask,,1,0.3164,0.45277,0.38406,-23.289,179.221,-174.171,150.23
S02/mask/attentive/S02_attentive_mask_000341.jpg,S02,attentive,mask,mask,,1,0.31633,0.45329,0.38077,-23.516,178.773,-174.883,150.43
S02/mask/attentive/S02_attentive_mask_000342.jpg,S02,attentive,mask,mask,,1,0.31375,0.45165,0.3917,-23.026,177.36,-174.534,150.45
S02/mask/attentive/S02_attentive_mask_000343.jpg,S02,attentive,mask,mask,,1,0.31603,0.45653,0.37982,-22.555,178.594,-174.84,150.37
S02/mask/attentive/S02_attentive_mask_000344.jpg,S02,attentive,mask,mask,,1,0.3119,0.45428,0.37638,-23.442,-179.047,-174.713,150.51
S02/mask/attentive/S02_attentive_mask_000345.jpg,S02,attentive,mask,mask,,1,0.3143,0.45875,0.38762,-21.836,178.193,-174.789,150.47
S02/mask/attentive/S02_attentive_mask_000346.jpg,S02,attentive,mask,mask,,1,0.31558,0.45443,0.38164,-21.365,-179.572,-174.969,150.57
S02/mask/attentive/S02_attentive_mask_000347.jpg,S02,attentive,mask,mask,,1,0.30092,0.45942,0.37762,-23.494,-178.351,-174.164,150.5
S02/mask/attentive/S02_attentive_mask_000348.jpg,S02,attentive,mask,mask,,1,0.30938,0.45609,0.37811,-22.24,-179.52,-174.673,150.55
S02/mask/attentive/S02_attentive_mask_000349.jpg,S02,attentive,mask,mask,,1,0.31073,0.45506,0.38085,-21.431,-178.331,-175.03,150.43
S02/mask/attentive/S02_attentive_mask_000350.jpg,S02,attentive,mask,mask,,1,0.31563,0.45343,0.37558,-22.568,-179.61,-175.014,150.46
S02/mask/attentive/S02_attentive_mask_000351.jpg,S02,attentive,mask,mask,,1,0.3099,0.45326,0.38396,-23.358,179.0,-174.703,150.36
S02/mask/attentive/S02_attentive_mask_000352.jpg,S02,attentive,mask,mask,,1,0.30292,0.45589,0.38854,-22.556,178.465,-175.005,150.4
S02/mask/attentive/S02_attentive_mask_000353.jpg,S02,attentive,mask,mask,,1,0.31159,0.45507,0.38771,-22.957,178.686,-174.738,150.5
S02/mask/attentive/S02_attentive_mask_000354.jpg,S02,attentive,mask,mask,,1,0.31448,0.45263,0.38463,-23.78,178.603,-174.636,150.62
S02/mask/attentive/S02_attentive_mask_000355.jpg,S02,attentive,mask,mask,,1,0.31555,0.45518,0.38181,-22.283,179.493,-174.889,150.59
S02/mask/attentive/S02_attentive_mask_000356.jpg,S02,attentive,mask,mask,,1,0.31535,0.45673,0.37351,-21.821,-179.616,-174.887,151.14
S02/mask/attentive/S02_attentive_mask_000357.jpg,S02,attentive,mask,mask,,1,0.31007,0.46318,0.37634,-21.63,-179.85,-175.016,151.52
S02/mask/attentive/S02_attentive_mask_000358.jpg,S02,attentive,mask,mask,,1,0.31506,0.45572,0.37485,-22.263,179.616,-175.04,151.57
S02/mask/attentive/S02_attentive_mask_000359.jpg,S02,attentive,mask,mask,,1,0.31595,0.45193,0.37592,-22.044,178.168,-175.003,151.56
S02/mask/attentive/S02_attentive_mask_000360.jpg,S02,attentive,mask,mask,,1,0.31871,0.45603,0.37058,-22.279,-179.455,-174.646,151.51
S02/mask/attentive/S02_attentive_mask_000361.jpg,S02,attentive,mask,mask,,1,0.26122,0.45556,0.39061,-21.899,179.441,-174.838,151.68
S02/mask/attentive/S02_attentive_mask_000362.jpg,S02,attentive,mask,mask,,1,0.29044,0.45364,0.38732,-22.728,177.653,-174.857,151.82
S02/mask/attentive/S02_attentive_mask_000363.jpg,S02,attentive,mask,mask,,1,0.30557,0.45607,0.38367,-22.402,-179.833,-174.682,151.76
S02/mask/attentive/S02_attentive_mask_000364.jpg,S02,attentive,mask,mask,,1,0.3152,0.45643,0.372,-23.454,-177.052,-175.393,152.14
S02/mask/attentive/S02_attentive_mask_000365.jpg,S02,attentive,mask,mask,,1,0.30829,0.46242,0.36,-22.473,-176.645,-175.444,153.35
S02/mask/attentive/S02_attentive_mask_000366.jpg,S02,attentive,mask,mask,,1,0.32682,0.48499,0.34929,-24.379,-177.271,-176.209,153.66
S02/mask/attentive/S02_attentive_mask_000367.jpg,S02,attentive,mask,mask,,1,0.2579,0.46932,0.35561,-20.003,-179.244,-174.488,152.93
S02/mask/attentive/S02_attentive_mask_000368.jpg,S02,attentive,mask,mask,,1,0.24667,0.45214,0.38128,-21.604,179.774,-174.611,152.08
S02/mask/attentive/S02_attentive_mask_000369.jpg,S02,attentive,mask,mask,,1,0.29653,0.45723,0.3681,-23.313,-176.34,-175.135,151.4
S02/mask/attentive/S02_attentive_mask_000370.jpg,S02,attentive,mask,mask,,1,0.31391,0.4556,0.36701,-23.125,-175.206,-176.102,151.21
S02/mask/attentive/S02_attentive_mask_000371.jpg,S02,attentive,mask,mask,,1,0.31002,0.44972,0.36753,-20.881,-179.947,-175.838,149.84
S02/mask/attentive/S02_attentive_mask_000372.jpg,S02,attentive,mask,mask,,1,0.30697,0.44935,0.36303,-18.835,178.153,-174.98,150.2
S02/mask/attentive/S02_attentive_mask_000373.jpg,S02,attentive,mask,mask,,1,0.30557,0.45058,0.37738,-20.28,176.039,-173.833,150.14
S02/mask/attentive/S02_attentive_mask_000374.jpg,S02,attentive,mask,mask,,1,0.30809,0.45452,0.36543,-21.4,-179.269,-174.031,150.18
S02/mask/attentive/S02_attentive_mask_000375.jpg,S02,attentive,mask,mask,,1,0.31177,0.45625,0.35981,-20.987,-179.179,-174.8,150.14
S02/mask/attentive/S02_attentive_mask_000376.jpg,S02,attentive,mask,mask,,1,0.30575,0.45056,0.36393,-20.442,177.932,-174.811,150.08
S02/mask/attentive/S02_attentive_mask_000377.jpg,S02,attentive,mask,mask,,1,0.30885,0.45027,0.37169,-19.318,177.836,-174.696,149.81
S02/mask/attentive/S02_attentive_mask_000378.jpg,S02,attentive,mask,mask,,1,0.30601,0.45258,0.36604,-19.148,178.298,-174.929,149.75
S02/mask/attentive/S02_attentive_mask_000379.jpg,S02,attentive,mask,mask,,1,0.30308,0.45263,0.36257,-20.905,177.617,-174.645,149.51
S02/mask/attentive/S02_attentive_mask_000380.jpg,S02,attentive,mask,mask,,1,0.30913,0.45147,0.36679,-20.632,177.979,-175.216,149.4
S02/mask/attentive/S02_attentive_mask_000381.jpg,S02,attentive,mask,mask,,1,0.20326,0.45082,0.36757,-15.167,174.529,-175.443,149.45
S02/mask/attentive/S02_attentive_mask_000382.jpg,S02,attentive,mask,mask,,1,0.16652,0.45158,0.37221,-14.489,173.384,-174.174,149.49
S02/mask/attentive/S02_attentive_mask_000383.jpg,S02,attentive,mask,mask,,1,0.2844,0.45379,0.37019,-20.236,-179.573,-175.388,149.46
S02/mask/attentive/S02_attentive_mask_000384.jpg,S02,attentive,mask,mask,,1,0.30669,0.45329,0.37137,-22.907,-179.103,-175.872,149.6
S02/mask/attentive/S02_attentive_mask_000385.jpg,S02,attentive,mask,mask,,1,0.30886,0.45634,0.35903,-21.47,-179.075,-175.683,149.82
S02/mask/attentive/S02_attentive_mask_000386.jpg,S02,attentive,mask,mask,,1,0.20552,0.4536,0.36653,-18.958,179.246,-175.946,149.69
S02/mask/attentive/S02_attentive_mask_000387.jpg,S02,attentive,mask,mask,,1,0.27524,0.45523,0.3617,-22.602,-177.427,-175.939,149.79
S02/mask/attentive/S02_attentive_mask_000388.jpg,S02,attentive,mask,mask,,1,0.29521,0.45216,0.37061,-23.587,-179.797,-175.978,149.83
S02/mask/attentive/S02_attentive_mask_000389.jpg,S02,attentive,mask,mask,,1,0.30641,0.44976,0.36975,-21.012,179.045,-175.199,149.66
S02/mask/attentive/S02_attentive_mask_000390.jpg,S02,attentive,mask,mask,,1,0.30929,0.45279,0.37464,-23.128,179.874,-174.916,149.73
S02/mask/attentive/S02_attentive_mask_000391.jpg,S02,attentive,mask,mask,,1,0.2303,0.45588,0.37591,-19.975,178.587,-174.06,149.63
S02/mask/attentive/S02_attentive_mask_000392.jpg,S02,attentive,mask,mask,,1,0.28061,0.45563,0.37143,-22.602,-178.699,-174.992,149.76
S02/mask/attentive/S02_attentive_mask_000393.jpg,S02,attentive,mask,mask,,1,0.30967,0.44936,0.38189,-22.762,177.381,-175.082,149.85
S02/mask/attentive/S02_attentive_mask_000394.jpg,S02,attentive,mask,mask,,1,0.29766,0.45353,0.38088,-21.887,179.163,-175.511,149.82
S02/mask/attentive/S02_attentive_mask_000395.jpg,S02,attentive,mask,mask,,1,0.30967,0.45513,0.38191,-22.851,178.694,-175.087,149.97
S02/mask/attentive/S02_attentive_mask_000396.jpg,S02,attentive,mask,mask,,1,0.30903,0.45365,0.39175,-23.284,178.858,-174.77,150.19
S02/mask/attentive/S02_attentive_mask_000397.jpg,S02,attentive,mask,mask,,1,0.30003,0.45328,0.36889,-22.067,-179.18,-175.749,150.1
S02/mask/attentive/S02_attentive_mask_000398.jpg,S02,attentive,mask,mask,,1,0.29221,0.44963,0.37218,-21.809,179.592,-175.772,149.84
S02/mask/attentive/S02_attentive_mask_000399.jpg,S02,attentive,mask,mask,,1,0.29651,0.45207,0.37245,-21.574,179.714,-175.165,149.89
S02/mask/attentive/S02_attentive_mask_000400.jpg,S02,attentive,mask,mask,,1,0.29543,0.45077,0.37779,-19.991,179.259,-175.114,149.67
S02/mask/attentive/S02_attentive_mask_000401.jpg,S02,attentive,mask,mask,,1,0.30997,0.45066,0.37579,-22.102,179.367,-175.514,149.89
S02/mask/attentive/S02_attentive_mask_000402.jpg,S02,attentive,mask,mask,,1,0.23659,0.45047,0.37149,-20.604,178.986,-175.641,149.88
S02/mask/attentive/S02_attentive_mask_000403.jpg,S02,attentive,mask,mask,,1,0.29778,0.45146,0.37645,-22.073,-179.858,-175.948,149.89
S02/mask/attentive/S02_attentive_mask_000404.jpg,S02,attentive,mask,mask,,1,0.31092,0.45253,0.38039,-22.798,-179.191,-175.474,149.99
S02/mask/attentive/S02_attentive_mask_000405.jpg,S02,attentive,mask,mask,,1,0.30943,0.45127,0.37333,-23.108,-179.633,-175.008,150.17
S02/mask/attentive/S02_attentive_mask_000406.jpg,S02,attentive,mask,mask,,1,0.31595,0.4515,0.37398,-22.586,-179.653,-175.248,150.12
S02/mask/attentive/S02_attentive_mask_000407.jpg,S02,attentive,mask,mask,,1,0.2312,0.45221,0.37095,-19.917,179.282,-175.055,150.11
S02/mask/attentive/S02_attentive_mask_000408.jpg,S02,attentive,mask,mask,,1,0.3005,0.45059,0.38705,-20.875,177.72,-175.505,150.2
S02/mask/attentive/S02_attentive_mask_000409.jpg,S02,attentive,mask,mask,,1,0.28981,0.45611,0.37915,-20.941,-178.159,-177.546,150.89
S02/mask/attentive/S02_attentive_mask_000410.jpg,S02,attentive,mask,mask,,1,0.31601,0.45744,0.375,-20.831,-176.665,-177.564,150.71
S02/mask/attentive/S02_attentive_mask_000411.jpg,S02,attentive,mask,mask,,1,0.30695,0.45948,0.36954,-20.692,-177.796,-176.815,150.69
S02/mask/attentive/S02_attentive_mask_000412.jpg,S02,attentive,mask,mask,,1,0.31676,0.45503,0.36538,-20.821,-179.356,-176.616,150.68
S02/mask/attentive/S02_attentive_mask_000413.jpg,S02,attentive,mask,mask,,1,0.32198,0.45691,0.37821,-22.751,178.918,-176.393,150.64
S02/mask/attentive/S02_attentive_mask_000414.jpg,S02,attentive,mask,mask,,1,0.3047,0.45659,0.36329,-21.89,-179.361,-176.239,150.77
S02/mask/attentive/S02_attentive_mask_000415.jpg,S02,attentive,mask,mask,,1,0.31473,0.45415,0.37103,-22.112,178.978,-175.759,150.75
S02/mask/attentive/S02_attentive_mask_000416.jpg,S02,attentive,mask,mask,,1,0.31902,0.4562,0.36658,-24.326,-177.814,-175.865,150.82
S02/mask/drowsy/S02_drowsy_mask_000000.jpg,S02,drowsy,mask,mask,,1,0.27689,0.45758,0.34139,-22.874,174.261,-175.947,144.72
S02/mask/drowsy/S02_drowsy_mask_000001.jpg,S02,drowsy,mask,mask,,1,0.27836,0.45694,0.34298,-18.869,172.772,-175.409,145.07
S02/mask/drowsy/S02_drowsy_mask_000002.jpg,S02,drowsy,mask,mask,,1,0.27396,0.46213,0.34376,-22.769,176.218,-176.243,145.48
S02/mask/drowsy/S02_drowsy_mask_000003.jpg,S02,drowsy,mask,mask,,1,0.27907,0.4605,0.35291,-23.85,177.159,-176.711,145.33
S02/mask/drowsy/S02_drowsy_mask_000004.jpg,S02,drowsy,mask,mask,,1,0.17944,0.45765,0.33635,-22.1,177.031,-177.153,144.57
S02/mask/drowsy/S02_drowsy_mask_000005.jpg,S02,drowsy,mask,mask,,1,0.17639,0.45555,0.32642,-23.723,179.282,-176.782,144.06
S02/mask/drowsy/S02_drowsy_mask_000006.jpg,S02,drowsy,mask,mask,,1,0.15827,0.45643,0.32521,-21.437,179.082,-177.681,143.99
S02/mask/drowsy/S02_drowsy_mask_000007.jpg,S02,drowsy,mask,mask,,1,0.16633,0.45662,0.32855,-22.504,177.819,-176.746,144.03
S02/mask/drowsy/S02_drowsy_mask_000008.jpg,S02,drowsy,mask,mask,,1,0.1639,0.45777,0.3203,-17.816,177.732,-176.785,144.03
S02/mask/drowsy/S02_drowsy_mask_000009.jpg,S02,drowsy,mask,mask,,1,0.1332,0.45758,0.32591,-20.005,175.371,-176.029,144.06
S02/mask/drowsy/S02_drowsy_mask_000010.jpg,S02,drowsy,mask,mask,,1,0.1265,0.45837,0.32221,-17.215,174.79,-176.459,144.16
S02/mask/drowsy/S02_drowsy_mask_000011.jpg,S02,drowsy,mask,mask,,1,0.14816,0.45739,0.32555,-16.583,177.251,-177.631,144.07
S02/mask/drowsy/S02_drowsy_mask_000012.jpg,S02,drowsy,mask,mask,,1,0.17558,0.46119,0.33017,-18.757,177.339,-175.952,143.97
S02/mask/drowsy/S02_drowsy_mask_000013.jpg,S02,drowsy,mask,mask,,1,0.12821,0.46008,0.32012,-19.7,177.995,-177.003,143.95
S02/mask/drowsy/S02_drowsy_mask_000014.jpg,S02,drowsy,mask,mask,,1,0.12294,0.45573,0.31935,-21.19,177.275,-176.131,143.92
S02/mask/drowsy/S02_drowsy_mask_000015.jpg,S02,drowsy,mask,mask,,1,0.1285,0.45741,0.32194,-20.037,177.028,-175.895,144.2
S02/mask/drowsy/S02_drowsy_mask_000016.jpg,S02,drowsy,mask,mask,,1,0.11753,0.45368,0.31417,-19.669,177.463,-177.047,144.2
S02/mask/drowsy/S02_drowsy_mask_000017.jpg,S02,drowsy,mask,mask,,1,0.10517,0.45332,0.32157,-19.321,175.924,-176.585,144.13
S02/mask/drowsy/S02_drowsy_mask_000018.jpg,S02,drowsy,mask,mask,,1,0.11981,0.45446,0.32041,-19.643,177.172,-176.153,144.04
S02/mask/drowsy/S02_drowsy_mask_000019.jpg,S02,drowsy,mask,mask,,1,0.14112,0.45635,0.32279,-20.002,178.133,-175.891,144.02
S02/mask/drowsy/S02_drowsy_mask_000020.jpg,S02,drowsy,mask,mask,,1,0.12975,0.45774,0.3222,-19.246,176.37,-176.108,143.98
S02/mask/drowsy/S02_drowsy_mask_000021.jpg,S02,drowsy,mask,mask,,1,0.10696,0.45379,0.31605,-20.351,177.369,-174.432,144.24
S02/mask/drowsy/S02_drowsy_mask_000022.jpg,S02,drowsy,mask,mask,,1,0.10678,0.4503,0.30397,-21.28,174.419,-174.801,144.16
S02/mask/drowsy/S02_drowsy_mask_000023.jpg,S02,drowsy,mask,mask,,1,0.1337,0.45691,0.31591,-20.427,177.064,-175.857,144.21
S02/mask/drowsy/S02_drowsy_mask_000024.jpg,S02,drowsy,mask,mask,,1,0.13178,0.45905,0.32394,-21.469,176.71,-175.863,144.52
S02/mask/drowsy/S02_drowsy_mask_000025.jpg,S02,drowsy,mask,mask,,1,0.13471,0.45398,0.34004,-21.983,175.017,-174.248,144.27
S02/mask/drowsy/S02_drowsy_mask_000026.jpg,S02,drowsy,mask,mask,,1,0.12439,0.45274,0.32545,-22.976,175.664,-174.179,144.19
S02/mask/drowsy/S02_drowsy_mask_000027.jpg,S02,drowsy,mask,mask,,1,0.18534,0.45641,0.33254,-21.206,179.04,-178.357,144.17
S02/mask/drowsy/S02_drowsy_mask_000028.jpg,S02,drowsy,mask,mask,,1,0.24742,0.45572,0.33644,-25.183,178.235,-175.193,144.08
S02/mask/drowsy/S02_drowsy_mask_000029.jpg,S02,drowsy,mask,mask,,1,0.27623,0.4565,0.33956,-25.724,176.933,-175.71,144.03
S02/mask/drowsy/S02_drowsy_mask_000030.jpg,S02,drowsy,mask,mask,,1,0.27508,0.45523,0.34255,-26.363,177.544,-175.795,144.01
S02/mask/drowsy/S02_drowsy_mask_000031.jpg,S02,drowsy,mask,mask,,1,0.28033,0.45612,0.34648,-24.912,174.773,-174.914,144.01
S02/mask/drowsy/S02_drowsy_mask_000032.jpg,S02,drowsy,mask,mask,,1,0.26569,0.45653,0.33479,-26.772,174.58,-175.693,143.75
S02/mask/drowsy/S02_drowsy_mask_000033.jpg,S02,drowsy,mask,mask,,1,0.27259,0.45473,0.33985,-25.473,176.316,-175.605,143.77
S02/mask/drowsy/S02_drowsy_mask_000034.jpg,S02,drowsy,mask,mask,,1,0.17994,0.45937,0.33896,-23.806,-179.3,-177.036,142.86
S02/mask/drowsy/S02_drowsy_mask_000035.jpg,S02,drowsy,mask,mask,,1,0.17385,0.46021,0.33254,-22.437,177.319,-175.271,142.94
S02/mask/drowsy/S02_drowsy_mask_000036.jpg,S02,drowsy,mask,mask,,1,0.16927,0.46049,0.32751,-20.36,178.885,-175.233,142.93
S02/mask/drowsy/S02_drowsy_mask_000037.jpg,S02,drowsy,mask,mask,,1,0.16565,0.45882,0.34083,-21.163,-179.21,-176.268,144.37
S02/mask/drowsy/S02_drowsy_mask_000038.jpg,S02,drowsy,mask,mask,,1,0.15707,0.45786,0.33153,-20.926,178.62,-174.25,145.89
S02/mask/drowsy/S02_drowsy_mask_000039.jpg,S02,drowsy,mask,mask,,1,0.15072,0.45897,0.32808,-21.081,176.994,-175.061,146.23
S02/mask/drowsy/S02_drowsy_mask_000040.jpg,S02,drowsy,mask,mask,,1,0.15968,0.4618,0.32082,-19.593,179.173,-175.047,146.42
S02/mask/drowsy/S02_drowsy_mask_000041.jpg,S02,drowsy,mask,mask,,1,0.17018,0.46059,0.3288,-19.186,178.837,-174.164,146.56
S02/mask/drowsy/S02_drowsy_mask_000042.jpg,S02,drowsy,mask,mask,,1,0.17125,0.45959,0.32978,-20.226,178.841,-175.185,146.63
S02/mask/drowsy/S02_drowsy_mask_000043.jpg,S02,drowsy,mask,mask,,1,0.15523,0.45951,0.32984,-19.163,176.846,-174.158,146.73
S02/mask/drowsy/S02_drowsy_mask_000044.jpg,S02,drowsy,mask,mask,,1,0.10969,0.4588,0.3207,-19.403,176.994,-174.86,146.8
S02/mask/drowsy/S02_drowsy_mask_000045.jpg,S02,drowsy,mask,mask,,1,0.13449,0.45762,0.32415,-18.968,177.887,-176.055,146.78
S02/mask/drowsy/S02_drowsy_mask_000046.jpg,S02,drowsy,mask,mask,,1,0.13266,0.46195,0.32856,-20.02,177.573,-174.523,146.83
S02/mask/drowsy/S02_drowsy_mask_000047.jpg,S02,drowsy,mask,mask,,1,0.15402,0.46053,0.33581,-18.715,174.107,-175.189,146.75
S02/mask/drowsy/S02_drowsy_mask_000048.jpg,S02,drowsy,mask,mask,,1,0.214,0.45691,0.34532,-25.363,173.783,-175.076,146.78
S02/mask/drowsy/S02_drowsy_mask_000049.jpg,S02,drowsy,mask,mask,,1,0.25431,0.45726,0.34666,-24.617,176.428,-174.591,146.83
S02/mask/drowsy/S02_drowsy_mask_000050.jpg,S02,drowsy,mask,mask,,1,0.26979,0.45861,0.35078,-25.14,176.631,-175.373,146.79
S02/mask/drowsy/S02_drowsy_mask_000051.jpg,S02,drowsy,mask,mask,,1,0.2686,0.45763,0.34783,-26.717,175.119,-175.088,146.78
S02/mask/drowsy/S02_drowsy_mask_000052.jpg,S02,drowsy,mask,mask,,1,0.27038,0.459,0.34879,-24.199,177.434,-175.004,146.77
S02/mask/drowsy/S02_drowsy_mask_000053.jpg,S02,drowsy,mask,mask,,1,0.28101,0.45627,0.33981,-26.705,174.753,-175.189,146.76
S02/mask/drowsy/S02_drowsy_mask_000054.jpg,S02,drowsy,mask,mask,,1,0.27849,0.45758,0.34154,-25.028,176.438,-174.918,146.76
S02/mask/drowsy/S02_drowsy_mask_000055.jpg,S02,drowsy,mask,mask,,1,0.27052,0.45883,0.33959,-24.017,176.145,-174.355,146.78
S02/mask/drowsy/S02_drowsy_mask_000056.jpg,S02,drowsy,mask,mask,,1,0.21408,0.4575,0.33905,-24.172,179.145,-176.121,146.75
S02/mask/drowsy/S02_drowsy_mask_000057.jpg,S02,drowsy,mask,mask,,1,0.17874,0.45604,0.3274,-22.736,-177.628,-176.82,146.81
S02/mask/drowsy/S02_drowsy_mask_000058.jpg,S02,drowsy,mask,mask,,1,0.16931,0.45506,0.32857,-21.771,179.156,-175.975,146.81
S02/mask/drowsy/S02_drowsy_mask_000059.jpg,S02,drowsy,mask,mask,,1,0.25444,0.45611,0.34339,-25.046,176.766,-175.5,146.77
S02/mask/drowsy/S02_drowsy_mask_000060.jpg,S02,drowsy,mask,mask,,1,0.28022,0.46001,0.34751,-25.741,175.884,-175.227,146.81
S02/mask/drowsy/S02_drowsy_mask_000061.jpg,S02,drowsy,mask,mask,,1,0.19133,0.45685,0.33655,-23.795,178.534,-176.041,146.82
S02/mask/drowsy/S02_drowsy_mask_000062.jpg,S02,drowsy,mask,mask,,1,0.13732,0.45768,0.32278,-20.427,177.035,-175.195,146.94
S02/mask/drowsy/S02_drowsy_mask_000063.jpg,S02,drowsy,mask,mask,,1,0.13903,0.4575,0.3209,-21.057,177.315,-175.496,146.92
S02/mask/drowsy/S02_drowsy_mask_000064.jpg,S02,drowsy,mask,mask,,1,0.13285,0.45443,0.3158,-21.19,176.664,-175.328,146.88
S02/mask/drowsy/S02_drowsy_mask_000065.jpg,S02,drowsy,mask,mask,,1,0.14561,0.4591,0.31922,-21.825,178.029,-175.305,146.88
S02/mask/drowsy/S02_drowsy_mask_000066.jpg,S02,drowsy,mask,mask,,1,0.16143,0.45772,0.32581,-21.306,177.329,-174.985,146.85
S02/mask/drowsy/S02_drowsy_mask_000067.jpg,S02,drowsy,mask,mask,,1,0.16047,0.45712,0.33433,-20.719,177.725,-174.481,146.89
S02/mask/drowsy/S02_drowsy_mask_000068.jpg,S02,drowsy,mask,mask,,1,0.1441,0.45696,0.32388,-21.14,177.337,-174.899,146.97
S02/mask/drowsy/S02_drowsy_mask_000069.jpg,S02,drowsy,mask,mask,,1,0.14746,0.45747,0.32412,-20.185,176.389,-175.043,146.95
S02/mask/drowsy/S02_drowsy_mask_000070.jpg,S02,drowsy,mask,mask,,1,0.1297,0.45897,0.3214,-20.56,175.811,-174.671,146.95
S02/mask/drowsy/S02_drowsy_mask_000071.jpg,S02,drowsy,mask,mask,,1,0.14162,0.45919,0.32079,-20.584,177.535,-176.112,146.95
S02/mask/drowsy/S02_drowsy_mask_000072.jpg,S02,drowsy,mask,mask,,1,0.14745,0.45577,0.33181,-20.772,176.703,-174.164,146.91
S02/mask/drowsy/S02_drowsy_mask_000073.jpg,S02,drowsy,mask,mask,,1,0.12432,0.45523,0.31502,-22.28,175.829,-174.926,146.92
S02/mask/drowsy/S02_drowsy_mask_000074.jpg,S02,drowsy,mask,mask,,1,0.1586,0.45952,0.32532,-20.715,177.051,-174.914,146.97
S02/mask/drowsy/S02_drowsy_mask_000075.jpg,S02,drowsy,mask,mask,,1,0.15264,0.46655,0.32314,-19.48,174.632,-172.812,147.29
S02/mask/drowsy/S02_drowsy_mask_000076.jpg,S02,drowsy,mask,mask,,1,0.1507,0.45887,0.32234,-21.97,176.861,-175.0,147.35
S02/mask/drowsy/S02_drowsy_mask_000077.jpg,S02,drowsy,mask,mask,,1,0.13564,0.45854,0.31506,-20.935,178.602,-176.045,147.36
S02/mask/drowsy/S02_drowsy_mask_000078.jpg,S02,drowsy,mask,mask,,1,0.13985,0.45783,0.31578,-21.665,176.723,-175.498,147.36
S02/mask/drowsy/S02_drowsy_mask_000079.jpg,S02,drowsy,mask,mask,,1,0.13774,0.45414,0.32182,-21.562,176.132,-175.395,147.36
S02/mask/drowsy/S02_drowsy_mask_000080.jpg,S02,drowsy,mask,mask,,1,0.12164,0.45278,0.31792,-21.316,173.854,-174.874,147.52
S02/mask/drowsy/S02_drowsy_mask_000081.jpg,S02,drowsy,mask,mask,,1,0.13954,0.45593,0.32083,-21.753,175.985,-176.144,147.52
S02/mask/drowsy/S02_drowsy_mask_000082.jpg,S02,drowsy,mask,mask,,1,0.14368,0.45965,0.32872,-20.739,176.621,-175.984,147.53
S02/mask/drowsy/S02_drowsy_mask_000083.jpg,S02,drowsy,mask,mask,,1,0.14248,0.45719,0.32603,-21.176,176.661,-175.704,147.48
S02/mask/drowsy/S02_drowsy_mask_000084.jpg,S02,drowsy,mask,mask,,1,0.15726,0.45972,0.32644,-20.95,176.323,-175.839,147.41
S02/mask/drowsy/S02_drowsy_mask_000085.jpg,S02,drowsy,mask,mask,,1,0.15052,0.45562,0.3276,-21.291,175.046,-175.286,147.41
S02/mask/drowsy/S02_drowsy_mask_000086.jpg,S02,drowsy,mask,mask,,1,0.17197,0.4615,0.33438,-19.88,178.187,-176.423,147.39
S02/mask/drowsy/S02_drowsy_mask_000087.jpg,S02,drowsy,mask,mask,,1,0.15032,0.45976,0.32859,-20.825,178.872,-176.171,147.37
S02/mask/drowsy/S02_drowsy_mask_000088.jpg,S02,drowsy,mask,mask,,1,0.14962,0.45798,0.32347,-21.633,179.459,-176.404,147.26
S02/mask/drowsy/S02_drowsy_mask_000089.jpg,S02,drowsy,mask,mask,,1,0.15241,0.45507,0.33101,-23.11,174.849,-175.154,147.27
S02/mask/drowsy/S02_drowsy_mask_000090.jpg,S02,drowsy,mask,mask,,1,0.17978,0.45484,0.3358,-25.207,174.678,-174.489,147.2
S02/mask/drowsy/S02_drowsy_mask_000091.jpg,S02,drowsy,mask,mask,,1,0.20538,0.45355,0.33654,-26.776,174.341,-174.421,147.25
S02/mask/drowsy/S02_drowsy_mask_000092.jpg,S02,drowsy,mask,mask,,1,0.23265,0.45702,0.34264,-25.458,175.522,-175.074,147.12
S02/mask/drowsy/S02_drowsy_mask_000093.jpg,S02,drowsy,mask,mask,,1,0.2447,0.45631,0.3399,-26.859,173.897,-174.158,147.0
S02/mask/drowsy/S02_drowsy_mask_000094.jpg,S02,drowsy,mask,mask,,1,0.25753,0.45784,0.34265,-26.026,175.771,-174.539,146.98
S02/mask/drowsy/S02_drowsy_mask_000095.jpg,S02,drowsy,mask,mask,,1,0.272,0.45846,0.34477,-25.103,177.381,-174.968,146.94
S02/mask/drowsy/S02_drowsy_mask_000096.jpg,S02,drowsy,mask,mask,,1,0.27776,0.45949,0.34315,-25.466,176.66,-174.902,146.89
S02/mask/drowsy/S02_drowsy_mask_000097.jpg,S02,drowsy,mask,mask,,1,0.21754,0.45569,0.32497,-23.344,-178.393,-178.027,146.84
S02/mask/drowsy/S02_drowsy_mask_000098.jpg,S02,drowsy,mask,mask,,1,0.1714,0.45461,0.31887,-21.584,177.254,-175.913,146.86
S02/mask/drowsy/S02_drowsy_mask_000099.jpg,S02,drowsy,mask,mask,,1,0.14723,0.4563,0.32239,-20.558,176.137,-175.303,146.88
S02/mask/drowsy/S02_drowsy_mask_000100.jpg,S02,drowsy,mask,mask,,1,0.16904,0.45695,0.32524,-21.201,176.881,-176.489,147.14
S02/mask/drowsy/S02_drowsy_mask_000101.jpg,S02,drowsy,mask,mask,,1,0.14717,0.45521,0.31969,-21.436,175.183,-175.657,147.21
S02/mask/drowsy/S02_drowsy_mask_000102.jpg,S02,drowsy,mask,mask,,1,0.17367,0.45769,0.31694,-19.285,-178.92,-178.479,147.31
S02/mask/drowsy/S02_drowsy_mask_000103.jpg,S02,drowsy,mask,mask,,1,0.15674,0.45975,0.32226,-19.465,177.839,-177.127,147.22
S02/mask/drowsy/S02_drowsy_mask_000104.jpg,S02,drowsy,mask,mask,,1,0.16831,0.46238,0.32473,-20.078,-179.52,-177.921,147.26
S02/mask/drowsy/S02_drowsy_mask_000105.jpg,S02,drowsy,mask,mask,,1,0.14891,0.455,0.32377,-20.664,175.363,-173.773,147.65
S02/mask/drowsy/S02_drowsy_mask_000106.jpg,S02,drowsy,mask,mask,,1,0.1754,0.46301,0.30718,-20.58,176.008,-175.072,148.84
S02/mask/drowsy/S02_drowsy_mask_000107.jpg,S02,drowsy,mask,mask,,1,0.17623,0.45593,0.32275,-19.369,177.092,-173.53,149.56
S02/mask/drowsy/S02_drowsy_mask_000108.jpg,S02,drowsy,mask,mask,,1,0.15973,0.45234,0.32341,-19.321,176.356,-174.019,149.29
S02/mask/drowsy/S02_drowsy_mask_000109.jpg,S02,drowsy,mask,mask,,1,0.17179,0.45633,0.33035,-19.094,178.251,-177.138,148.86
S02/mask/drowsy/S02_drowsy_mask_000110.jpg,S02,drowsy,mask,mask,,1,0.16036,0.45919,0.32637,-19.764,177.717,-176.547,149.02
S02/mask/drowsy/S02_drowsy_mask_000111.jpg,S02,drowsy,mask,mask,,1,0.18573,0.45789,0.32238,-24.005,178.947,-177.186,146.39
S02/mask/drowsy/S02_drowsy_mask_000112.jpg,S02,drowsy,mask,mask,,1,0.16393,0.45932,0.31471,-20.068,176.894,-175.746,149.48
S02/mask/drowsy/S02_drowsy_mask_000113.jpg,S02,drowsy,mask,mask,,1,0.17087,0.45583,0.31973,-18.237,177.995,-174.324,150.05
S02/mask/drowsy/S02_drowsy_mask_000114.jpg,S02,drowsy,mask,mask,,1,0.1711,0.45356,0.32913,-19.818,178.711,-176.356,149.28
S02/mask/drowsy/S02_drowsy_mask_000115.jpg,S02,drowsy,mask,mask,,1,0.1508,0.45733,0.31786,-19.403,178.854,-174.831,149.09
S02/mask/drowsy/S02_drowsy_mask_000116.jpg,S02,drowsy,mask,mask,,1,0.18438,0.45638,0.33187,-20.47,179.055,-179.872,148.82
S02/mask/drowsy/S02_drowsy_mask_000117.jpg,S02,drowsy,mask,mask,,1,0.14508,0.45447,0.31739,-20.165,177.416,-176.225,148.95
S02/mask/drowsy/S02_drowsy_mask_000118.jpg,S02,drowsy,mask,mask,,1,0.13842,0.45494,0.32014,-18.953,178.014,-176.017,148.8
S02/mask/drowsy/S02_drowsy_mask_000119.jpg,S02,drowsy,mask,mask,,1,0.14198,0.45399,0.31905,-19.719,-179.663,-175.994,148.93
S02/mask/drowsy/S02_drowsy_mask_000120.jpg,S02,drowsy,mask,mask,,1,0.14747,0.45525,0.31339,-19.191,-179.919,-174.82,148.85
S02/mask/drowsy/S02_drowsy_mask_000121.jpg,S02,drowsy,mask,mask,,1,0.15485,0.45534,0.31513,-20.246,-179.13,-175.954,148.82
S02/mask/drowsy/S02_drowsy_mask_000122.jpg,S02,drowsy,mask,mask,,1,0.13816,0.45599,0.31811,-18.319,-177.823,-175.785,148.95
S02/mask/drowsy/S02_drowsy_mask_000123.jpg,S02,drowsy,mask,mask,,1,0.16116,0.45643,0.31713,-18.766,-179.431,-176.281,148.79
S02/mask/drowsy/S02_drowsy_mask_000124.jpg,S02,drowsy,mask,mask,,1,0.14871,0.45625,0.31613,-18.173,177.726,-175.506,148.73
S02/mask/drowsy/S02_drowsy_mask_000125.jpg,S02,drowsy,mask,mask,,1,0.16905,0.4566,0.31976,-19.621,-178.987,-177.782,148.68
S02/mask/drowsy/S02_drowsy_mask_000126.jpg,S02,drowsy,mask,mask,,1,0.14048,0.45546,0.31996,-21.097,177.944,-175.374,148.64
S02/mask/drowsy/S02_drowsy_mask_000127.jpg,S02,drowsy,mask,mask,,1,0.16994,0.45634,0.32756,-22.464,179.245,-176.171,148.62
S02/mask/drowsy/S02_drowsy_mask_000128.jpg,S02,drowsy,mask,mask,,1,0.24459,0.45636,0.33619,-24.99,177.433,-175.246,148.52
S02/mask/drowsy/S02_drowsy_mask_000129.jpg,S02,drowsy,mask,mask,,1,0.26995,0.45634,0.33927,-24.953,177.431,-175.352,148.5
S02/mask/drowsy/S02_drowsy_mask_000130.jpg,S02,drowsy,mask,mask,,1,0.26572,0.45682,0.33908,-25.556,177.011,-175.031,148.53
S02/mask/drowsy/S02_drowsy_mask_000131.jpg,S02,drowsy,mask,mask,,1,0.25821,0.45717,0.33908,-25.233,176.374,-174.724,148.56
S02/mask/drowsy/S02_drowsy_mask_000132.jpg,S02,drowsy,mask,mask,,1,0.19436,0.45799,0.33632,-23.149,178.126,-175.315,148.51
S02/mask/drowsy/S02_drowsy_mask_000133.jpg,S02,drowsy,mask,mask,,1,0.22406,0.45201,0.37501,-36.238,179.634,-176.99,148.91
S02/mask/drowsy/S02_drowsy_mask_000134.jpg,S02,drowsy,mask,mask,,1,0.21422,0.45645,0.37861,-25.658,176.805,-171.923,141.14
S02/mask/drowsy/S02_drowsy_mask_000135.jpg,S02,drowsy,mask,mask,,1,0.23081,0.45131,0.40271,-29.841,177.207,-177.158,137.07
S02/mask/drowsy/S02_drowsy_mask_000136.jpg,S02,drowsy,mask,mask,,1,0.19913,0.45981,0.40826,-31.218,177.053,-178.296,140.71
S02/mask/drowsy/S02_drowsy_mask_000137.jpg,S02,drowsy,mask,mask,,1,0.19949,0.44963,0.45461,-33.466,175.544,-177.933,150.96
S02/mask/drowsy/S02_drowsy_mask_000138.jpg,S02,drowsy,mask,mask,,1,0.18028,0.45057,0.42364,-33.408,174.309,-177.247,153.15
S02/mask/drowsy/S02_drowsy_mask_000139.jpg,S02,drowsy,mask,mask,,1,0.20946,0.4518,0.41546,-32.238,176.666,-178.449,154.79
S02/mask/drowsy/S02_drowsy_mask_000140.jpg,S02,drowsy,mask,mask,,1,0.20761,0.45076,0.42543,-33.391,176.422,-177.516,154.38
S02/mask/drowsy/S02_drowsy_mask_000141.jpg,S02,drowsy,mask,mask,,1,0.21349,0.45101,0.43069,-37.105,173.898,-176.493,153.38
S02/mask/drowsy/S02_drowsy_mask_000142.jpg,S02,drowsy,mask,mask,,1,0.24462,0.45277,0.41173,-36.939,177.039,-175.228,153.36
S02/mask/drowsy/S02_drowsy_mask_000143.jpg,S02,drowsy,mask,mask,,1,0.24461,0.53976,0.40307,-37.076,-178.634,-177.191,150.87
S02/mask/drowsy/S02_drowsy_mask_000144.jpg,S02,drowsy,mask,mask,,1,0.12807,0.55429,0.40575,-36.733,177.565,-175.123,149.19
S02/mask/drowsy/S02_drowsy_mask_000145.jpg,S02,drowsy,mask,mask,,1,0.10101,0.55617,0.41293,-32.163,179.624,-177.083,148.87
S02/mask/drowsy/S02_drowsy_mask_000146.jpg,S02,drowsy,mask,mask,,1,0.10465,0.54803,0.41222,-26.843,-179.887,-178.197,148.77
S02/mask/drowsy/S02_drowsy_mask_000147.jpg,S02,drowsy,mask,mask,,1,0.10292,0.54923,0.37558,-21.598,-178.563,-179.47,148.87
S02/mask/drowsy/S02_drowsy_mask_000148.jpg,S02,drowsy,mask,mask,,1,0.11961,0.55633,0.36757,-17.673,-175.043,-179.372,148.59
S02/mask/drowsy/S02_drowsy_mask_000149.jpg,S02,drowsy,mask,mask,,1,0.10061,0.53697,0.3683,-12.396,-177.584,-178.965,148.19
S02/mask/drowsy/S02_drowsy_mask_000150.jpg,S02,drowsy,mask,mask,,1,0.11694,0.53477,0.3631,-12.537,-174.951,178.823,148.16
S02/mask/drowsy/S02_drowsy_mask_000151.jpg,S02,drowsy,mask,mask,,1,0.18737,0.50803,0.379,-2.998,-177.943,177.599,148.26
S02/mask/drowsy/S02_drowsy_mask_000152.jpg,S02,drowsy,mask,mask,,0,0.0,0.0,0.0,0.0,0.0,0.0,148.28
S02/mask/drowsy/S02_drowsy_mask_000153.jpg,S02,drowsy,mask,mask,,1,0.21899,0.45581,0.52411,49.09,150.022,156.032,151.94
S02/mask/drowsy/S02_drowsy_mask_000154.jpg,S02,drowsy,mask,mask,,1,0.19612,0.45287,0.56841,-19.351,170.264,-178.861,153.81
S02/mask/drowsy/S02_drowsy_mask_000155.jpg,S02,drowsy,mask,mask,,1,0.27281,0.51663,0.55099,-42.583,166.186,9.207,151.38
S02/mask/drowsy/S02_drowsy_mask_000156.jpg,S02,drowsy,mask,mask,,1,0.31479,0.45975,0.53734,-54.768,155.684,-165.092,152.87
S02/mask/drowsy/S02_drowsy_mask_000157.jpg,S02,drowsy,mask,mask,,1,0.35191,0.45687,0.52862,-50.542,168.824,4.805,151.98
S02/mask/drowsy/S02_drowsy_mask_000158.jpg,S02,drowsy,mask,mask,,1,0.29896,0.45411,0.31799,-15.042,-175.547,179.964,173.16
S02/mask/drowsy/S02_drowsy_mask_000159.jpg,S02,drowsy,mask,mask,,1,0.30109,0.45514,0.33079,-12.25,-175.836,-178.374,173.18
S02/mask/drowsy/S02_drowsy_mask_000160.jpg,S02,drowsy,mask,mask,,1,0.30712,0.45916,0.32166,-12.726,-169.526,-179.216,173.16
S02/mask/drowsy/S02_drowsy_mask_000161.jpg,S02,drowsy,mask,mask,,1,0.30084,0.45625,0.33116,-10.734,-172.81,-177.582,173.22
S02/mask/drowsy/S02_drowsy_mask_000162.jpg,S02,drowsy,mask,mask,,1,0.31437,0.45769,0.32095,-13.686,-170.516,-178.884,173.09
S02/mask/drowsy/S02_drowsy_mask_000163.jpg,S02,drowsy,mask,mask,,1,0.31756,0.45939,0.33277,-14.14,-173.752,-178.398,173.22
S02/mask/drowsy/S02_drowsy_mask_000164.jpg,S02,drowsy,mask,mask,,1,0.32145,0.45643,0.32643,-13.702,-174.1,-178.43,173.3
S02/mask/drowsy/S02_drowsy_mask_000165.jpg,S02,drowsy,mask,mask,,1,0.31408,0.45668,0.32926,-13.411,-171.608,-178.489,173.28
S02/mask/drowsy/S02_drowsy_mask_000166.jpg,S02,drowsy,mask,mask,,1,0.31851,0.45546,0.3177,-13.625,-171.763,-178.69,173.26
S02/mask/drowsy/S02_drowsy_mask_000167.jpg,S02,drowsy,mask,mask,,1,0.3161,0.45729,0.32492,-14.11,-172.648,-178.732,173.21
S02/mask/drowsy/S02_drowsy_mask_000168.jpg,S02,drowsy,mask,mask,,1,0.25172,0.45666,0.33297,-17.355,-175.007,-178.727,173.25
S02/mask/drowsy/S02_drowsy_mask_000169.jpg,S02,drowsy,mask,mask,,1,0.27759,0.45678,0.32817,-16.051,-170.574,-179.109,173.19
S02/mask/drowsy/S02_drowsy_mask_000170.jpg,S02,drowsy,mask,mask,,1,0.30133,0.45677,0.32682,-16.685,-172.467,-178.489,173.2
S02/mask/drowsy/S02_drowsy_mask_000171.jpg,S02,drowsy,mask,mask,,1,0.28901,0.46025,0.34184,-15.808,-174.012,-177.937,173.36
S02/mask/drowsy/S02_drowsy_mask_000172.jpg,S02,drowsy,mask,mask,,1,0.31005,0.45725,0.33805,-16.679,-170.618,-179.033,173.23
S02/mask/drowsy/S02_drowsy_mask_000173.jpg,S02,drowsy,mask,mask,,1,0.29952,0.45619,0.33095,-14.902,-174.719,-178.336,173.41
S02/mask/drowsy/S02_drowsy_mask_000174.jpg,S02,drowsy,mask,mask,,1,0.23363,0.45516,0.31956,-14.475,-176.841,-178.274,173.29
S02/mask/drowsy/S02_drowsy_mask_000175.jpg,S02,drowsy,mask,mask,,1,0.29761,0.45705,0.33422,-15.932,-172.665,-178.989,173.21
S02/mask/drowsy/S02_drowsy_mask_000176.jpg,S02,drowsy,mask,mask,,1,0.31318,0.4567,0.33081,-13.861,-171.99,-178.606,173.38
S02/mask/drowsy/S02_drowsy_mask_000177.jpg,S02,drowsy,mask,mask,,1,0.29447,0.45587,0.33756,-15.312,-172.611,-179.429,173.31
S02/mask/drowsy/S02_drowsy_mask_000178.jpg,S02,drowsy,mask,mask,,1,0.30381,0.45405,0.32968,-16.064,-174.426,-179.436,173.35
S02/mask/drowsy/S02_drowsy_mask_000179.jpg,S02,drowsy,mask,mask,,1,0.16538,0.45584,0.33184,-13.493,177.58,-176.496,173.27
S02/mask/drowsy/S02_drowsy_mask_000180.jpg,S02,drowsy,mask,mask,,1,0.27087,0.45655,0.33813,-16.464,-176.563,-178.465,173.37
S02/mask/drowsy/S02_drowsy_mask_000181.jpg,S02,drowsy,mask,mask,,1,0.30174,0.45541,0.33582,-16.657,-175.055,-179.112,173.32
S02/mask/drowsy/S02_drowsy_mask_000182.jpg,S02,drowsy,mask,mask,,1,0.30895,0.45563,0.33103,-17.738,-175.612,-178.862,173.21
S02/mask/drowsy/S02_drowsy_mask_000183.jpg,S02,drowsy,mask,mask,,1,0.24395,0.45703,0.3291,-15.074,-175.208,-178.298,173.18
S02/mask/drowsy/S02_drowsy_mask_000184.jpg,S02,drowsy,mask,mask,,1,0.28329,0.45731,0.32683,-16.399,-174.089,-178.878,173.24
S02/mask/drowsy/S02_drowsy_mask_000185.jpg,S02,drowsy,mask,mask,,1,0.29702,0.45785,0.33844,-17.71,-173.65,-179.213,173.28
S02/mask/drowsy/S02_drowsy_mask_000186.jpg,S02,drowsy,mask,mask,,1,0.31567,0.45635,0.33543,-20.462,-172.613,179.873,173.38
S02/mask/drowsy/S02_drowsy_mask_000187.jpg,S02,drowsy,mask,mask,,1,0.29515,0.45603,0.33004,-16.51,-175.478,-178.765,172.96
S02/mask/drowsy/S02_drowsy_mask_000188.jpg,S02,drowsy,mask,mask,,1,0.31501,0.45762,0.33173,-16.066,-175.213,-178.39,173.63
S02/mask/drowsy/S02_drowsy_mask_000189.jpg,S02,drowsy,mask,mask,,1,0.20734,0.45699,0.31632,-13.265,-177.631,-177.977,172.71
S02/mask/drowsy/S02_drowsy_mask_000190.jpg,S02,drowsy,mask,mask,,1,0.277,0.46072,0.33536,-16.567,-175.593,-179.285,173.7
S02/mask/drowsy/S02_drowsy_mask_000191.jpg,S02,drowsy,mask,mask,,1,0.31141,0.45731,0.3259,-16.704,-168.715,179.814,172.47
S02/mask/drowsy/S02_drowsy_mask_000192.jpg,S02,drowsy,mask,mask,,1,0.3034,0.45479,0.32264,-13.926,-175.703,-178.798,172.86
S02/mask/drowsy/S02_drowsy_mask_000193.jpg,S02,drowsy,mask,mask,,1,0.30686,0.45686,0.32991,-15.301,-175.712,-178.343,172.83
S02/mask/drowsy/S02_drowsy_mask_000194.jpg,S02,drowsy,mask,mask,,1,0.299,0.4587,0.32402,-13.65,-172.966,-178.362,172.69
S02/mask/drowsy/S02_drowsy_mask_000195.jpg,S02,drowsy,mask,mask,,1,0.30632,0.45822,0.33825,-17.82,-179.703,-179.293,173.61
S02/mask/drowsy/S02_drowsy_mask_000196.jpg,S02,drowsy,mask,mask,,1,0.25471,0.45647,0.33953,-14.661,-175.899,-178.625,172.79
S02/mask/drowsy/S02_drowsy_mask_000197.jpg,S02,drowsy,mask,mask,,1,0.28176,0.45761,0.3335,-16.465,-173.295,-179.796,172.82
S02/mask/drowsy/S02_drowsy_mask_000198.jpg,S02,drowsy,mask,mask,,1,0.30925,0.45776,0.33936,-18.159,-174.51,179.866,173.12
S02/mask/drowsy/S02_drowsy_mask_000199.jpg,S02,drowsy,mask,mask,,1,0.30476,0.45693,0.33138,-16.09,-174.034,-179.116,172.87
S02/mask/drowsy/S02_drowsy_mask_000200.jpg,S02,drowsy,mask,mask,,1,0.29162,0.4574,0.33989,-16.696,-169.608,-179.456,172.98
S02/mask/drowsy/S02_drowsy_mask_000201.jpg,S02,drowsy,mask,mask,,1,0.18955,0.45858,0.33712,-14.211,-177.349,-177.241,178.64
S02/mask/drowsy/S02_drowsy_mask_000202.jpg,S02,drowsy,mask,mask,,1,0.29347,0.46019,0.33041,-17.205,-173.715,-178.896,172.63
S02/mask/drowsy/S02_drowsy_mask_000203.jpg,S02,drowsy,mask,mask,,1,0.29634,0.45734,0.32331,-16.875,-175.228,-178.949,173.07
S02/mask/drowsy/S02_drowsy_mask_000204.jpg,S02,drowsy,mask,mask,,1,0.29673,0.4564,0.32284,-16.641,-171.619,-178.837,173.34
S02/mask/drowsy/S02_drowsy_mask_000205.jpg,S02,drowsy,mask,mask,,1,0.30072,0.46165,0.32303,-17.396,-167.205,-179.182,172.92
S02/mask/drowsy/S02_drowsy_mask_000206.jpg,S02,drowsy,mask,mask,,1,0.30809,0.45889,0.3225,-14.538,-173.942,-178.043,173.49
S02/mask/drowsy/S02_drowsy_mask_000207.jpg,S02,drowsy,mask,mask,,1,0.28733,0.4565,0.32821,-16.537,-172.741,-177.978,173.24
S02/mask/drowsy/S02_drowsy_mask_000208.jpg,S02,drowsy,mask,mask,,1,0.14959,0.46094,0.3226,-15.162,-174.806,-177.961,173.44
S02/mask/drowsy/S02_drowsy_mask_000209.jpg,S02,drowsy,mask,mask,,1,0.12906,0.45781,0.32097,-14.791,179.602,-176.213,173.1
S02/mask/drowsy/S02_drowsy_mask_000210.jpg,S02,drowsy,mask,mask,,1,0.12233,0.45515,0.31705,-15.436,175.173,-175.085,173.77
S02/mask/drowsy/S02_drowsy_mask_000211.jpg,S02,drowsy,mask,mask,,1,0.11946,0.45757,0.32882,-13.925,175.445,-174.948,173.07
S02/mask/drowsy/S02_drowsy_mask_000212.jpg,S02,drowsy,mask,mask,,1,0.16821,0.45954,0.33134,-12.385,178.41,-174.91,170.37
S02/mask/drowsy/S02_drowsy_mask_000213.jpg,S02,drowsy,mask,mask,,1,0.15873,0.45824,0.32558,-14.601,176.356,-175.039,166.41
S02/mask/drowsy/S02_drowsy_mask_000214.jpg,S02,drowsy,mask,mask,,1,0.12795,0.45803,0.32695,-14.688,-178.612,-175.965,163.23
S02/mask/drowsy/S02_drowsy_mask_000215.jpg,S02,drowsy,mask,mask,,1,0.15903,0.45837,0.31601,-14.752,-177.639,-177.407,161.24
S02/mask/drowsy/S02_drowsy_mask_000216.jpg,S02,drowsy,mask,mask,,1,0.14627,0.46426,0.33868,-18.194,-175.809,-177.241,158.05
S02/mask/drowsy/S02_drowsy_mask_000217.jpg,S02,drowsy,mask,mask,,1,0.13436,0.45673,0.32012,-13.919,178.265,-176.119,155.55
S02/mask/drowsy/S02_drowsy_mask_000218.jpg,S02,drowsy,mask,mask,,1,0.13058,0.4564,0.31518,-13.856,-179.42,-175.601,154.67
S02/mask/drowsy/S02_drowsy_mask_000219.jpg,S02,drowsy,mask,mask,,1,0.12465,0.45726,0.32422,-14.406,179.646,-175.502,154.72
S02/mask/drowsy/S02_drowsy_mask_000220.jpg,S02,drowsy,mask,mask,,1,0.13144,0.45746,0.33609,-14.586,178.293,-176.39,154.58
S02/mask/drowsy/S02_drowsy_mask_000221.jpg,S02,drowsy,mask,mask,,1,0.13008,0.46452,0.31427,-16.286,-177.353,-176.409,154.26
S02/mask/drowsy/S02_drowsy_mask_000222.jpg,S02,drowsy,mask,mask,,1,0.13003,0.45741,0.3241,-14.011,179.917,-176.247,153.77
S02/mask/drowsy/S02_drowsy_mask_000223.jpg,S02,drowsy,mask,mask,,1,0.15323,0.45815,0.32967,-14.659,-176.64,-176.812,153.73
S02/mask/drowsy/S02_drowsy_mask_000224.jpg,S02,drowsy,mask,mask,,1,0.12281,0.45997,0.32933,-15.894,-175.286,-176.913,153.4
S02/mask/drowsy/S02_drowsy_mask_000225.jpg,S02,drowsy,mask,mask,,1,0.13653,0.45751,0.33064,-14.191,179.754,-175.875,153.36
S02/mask/drowsy/S02_drowsy_mask_000226.jpg,S02,drowsy,mask,mask,,1,0.14425,0.45698,0.32786,-13.29,-177.776,-176.518,152.43
S02/mask/drowsy/S02_drowsy_mask_000227.jpg,S02,drowsy,mask,mask,,1,0.15057,0.45759,0.33254,-13.675,-178.636,-176.796,152.24
S02/mask/drowsy/S02_drowsy_mask_000228.jpg,S02,drowsy,mask,mask,,1,0.14044,0.4583,0.32633,-15.09,-178.408,-176.652,152.25
S02/mask/drowsy/S02_drowsy_mask_000229.jpg,S02,drowsy,mask,mask,,1,0.14319,0.45708,0.33174,-14.721,178.687,-176.524,151.3
S02/mask/drowsy/S02_drowsy_mask_000230.jpg,S02,drowsy,mask,mask,,1,0.14429,0.45778,0.33015,-15.229,-179.557,-176.408,151.09
S02/mask/drowsy/S02_drowsy_mask_000231.jpg,S02,drowsy,mask,mask,,1,0.14462,0.45628,0.32992,-15.473,-174.255,-177.679,151.06
S02/mask/drowsy/S02_drowsy_mask_000232.jpg,S02,drowsy,mask,mask,,1,0.133,0.45791,0.33451,-14.709,-178.693,-176.687,150.78
S02/mask/drowsy/S02_drowsy_mask_000233.jpg,S02,drowsy,mask,mask,,1,0.16364,0.45812,0.33389,-14.222,-175.586,-176.78,150.38
S02/mask/drowsy/S02_drowsy_mask_000234.jpg,S02,drowsy,mask,mask,,1,0.25868,0.45749,0.33677,-16.958,-170.501,-179.162,149.66
S02/mask/drowsy/S02_drowsy_mask_000235.jpg,S02,drowsy,mask,mask,,1,0.27734,0.45655,0.34044,-17.953,-168.646,-179.896,149.4
S02/mask/drowsy/S02_drowsy_mask_000236.jpg,S02,drowsy,mask,mask,,1,0.29609,0.45586,0.33329,-20.012,-170.107,179.758,149.27
S02/mask/drowsy/S02_drowsy_mask_000237.jpg,S02,drowsy,mask,mask,,1,0.30354,0.45855,0.34303,-19.832,-169.291,179.666,149.22
S02/mask/drowsy/S02_drowsy_mask_000238.jpg,S02,drowsy,mask,mask,,1,0.18261,0.45962,0.32358,-17.317,-176.07,-177.991,149.25
S02/mask/drowsy/S02_drowsy_mask_000239.jpg,S02,drowsy,mask,mask,,1,0.16489,0.46594,0.33602,-17.44,-175.356,-177.171,149.31
S02/mask/drowsy/S02_drowsy_mask_000240.jpg,S02,drowsy,mask,mask,,1,0.16426,0.46577,0.33396,-17.622,-175.286,-177.244,149.32
S02/mask/drowsy/S02_drowsy_mask_000241.jpg,S02,drowsy,mask,mask,,1,0.14141,0.46253,0.3312,-17.881,-176.778,-176.001,149.26
S02/mask/drowsy/S02_drowsy_mask_000242.jpg,S02,drowsy,mask,mask,,1,0.14716,0.45806,0.32146,-16.728,-176.794,-176.796,149.27
S02/mask/drowsy/S02_drowsy_mask_000243.jpg,S02,drowsy,mask,mask,,1,0.14566,0.46502,0.32516,-17.898,-175.151,-176.137,149.29
S02/mask/drowsy/S02_drowsy_mask_000244.jpg,S02,drowsy,mask,mask,,1,0.13029,0.45883,0.32484,-15.789,-174.598,-176.015,149.31
S02/mask/drowsy/S02_drowsy_mask_000245.jpg,S02,drowsy,mask,mask,,1,0.13724,0.45671,0.3241,-14.553,-178.808,-176.489,149.32
S02/mask/drowsy/S02_drowsy_mask_000246.jpg,S02,drowsy,mask,mask,,1,0.13355,0.45686,0.32752,-13.875,-179.756,-175.951,149.28
S02/mask/drowsy/S02_drowsy_mask_000247.jpg,S02,drowsy,mask,mask,,1,0.13198,0.45787,0.32029,-14.453,-176.113,-175.863,149.29
S02/mask/drowsy/S02_drowsy_mask_000248.jpg,S02,drowsy,mask,mask,,1,0.11711,0.46666,0.31992,-17.871,-177.337,-176.063,149.16
S02/mask/drowsy/S02_drowsy_mask_000249.jpg,S02,drowsy,mask,mask,,1,0.15031,0.45695,0.32498,-16.417,-174.221,-176.533,149.27
S02/mask/drowsy/S02_drowsy_mask_000250.jpg,S02,drowsy,mask,mask,,1,0.15083,0.45618,0.32384,-14.009,-176.705,-176.761,149.34
S02/mask/drowsy/S02_drowsy_mask_000251.jpg,S02,drowsy,mask,mask,,1,0.13242,0.45642,0.31944,-14.108,-176.445,-176.436,149.34
S02/mask/drowsy/S02_drowsy_mask_000252.jpg,S02,drowsy,mask,mask,,1,0.13232,0.45612,0.32449,-13.699,179.383,-175.672,149.38
S02/mask/drowsy/S02_drowsy_mask_000253.jpg,S02,drowsy,mask,mask,,1,0.1212,0.46229,0.32271,-17.671,-173.96,-176.842,149.35
S02/mask/drowsy/S02_drowsy_mask_000254.jpg,S02,drowsy,mask,mask,,1,0.13543,0.45892,0.32365,-15.242,178.058,-175.319,149.37
S02/mask/drowsy/S02_drowsy_mask_000255.jpg,S02,drowsy,mask,mask,,1,0.12639,0.45651,0.32837,-15.258,-176.903,-176.943,149.21
S02/mask/drowsy/S02_drowsy_mask_000256.jpg,S02,drowsy,mask,mask,,1,0.13889,0.45825,0.32916,-15.673,178.651,-175.827,149.17
S02/mask/drowsy/S02_drowsy_mask_000257.jpg,S02,drowsy,mask,mask,,1,0.13069,0.45818,0.32563,-14.791,178.75,-175.343,149.07
S02/mask/drowsy/S02_drowsy_mask_000258.jpg,S02,drowsy,mask,mask,,1,0.14941,0.45866,0.33145,-15.992,178.886,-175.542,149.03
S02/mask/drowsy/S02_drowsy_mask_000259.jpg,S02,drowsy,mask,mask,,1,0.13242,0.45752,0.33424,-13.875,177.23,-175.642,148.93
S02/mask/drowsy/S02_drowsy_mask_000260.jpg,S02,drowsy,mask,mask,,1,0.15066,0.45806,0.3324,-15.402,-178.921,-176.799,148.92
S02/mask/drowsy/S02_drowsy_mask_000261.jpg,S02,drowsy,mask,mask,,1,0.24967,0.45866,0.34064,-18.502,-172.732,-178.142,148.91
S02/mask/drowsy/S02_drowsy_mask_000262.jpg,S02,drowsy,mask,mask,,1,0.28703,0.45837,0.34197,-18.409,-174.5,-178.055,149.03
S02/mask/drowsy/S02_drowsy_mask_000263.jpg,S02,drowsy,mask,mask,,1,0.28853,0.4583,0.3387,-19.441,-173.669,-178.184,149.01
S02/mask/drowsy/S02_drowsy_mask_000264.jpg,S02,drowsy,mask,mask,,1,0.29478,0.45812,0.33105,-18.913,-170.551,-178.458,149.03
S02/mask/drowsy/S02_drowsy_mask_000265.jpg,S02,drowsy,mask,mask,,1,0.29635,0.45793,0.33353,-19.103,-172.389,-178.364,149.02
S02/mask/drowsy/S02_drowsy_mask_000266.jpg,S02,drowsy,mask,mask,,1,0.29305,0.45759,0.32588,-19.188,-171.612,-178.502,148.96
S02/mask/drowsy/S02_drowsy_mask_000267.jpg,S02,drowsy,mask,mask,,1,0.28127,0.45763,0.3252,-20.46,-174.315,-178.9,149.12
S02/mask/drowsy/S02_drowsy_mask_000268.jpg,S02,drowsy,mask,mask,,1,0.20424,0.45574,0.31805,-18.658,-177.617,-177.342,148.94
S02/mask/drowsy/S02_drowsy_mask_000269.jpg,S02,drowsy,mask,mask,,1,0.14708,0.45599,0.3188,-15.218,179.482,-176.227,149.02
S02/mask/drowsy/S02_drowsy_mask_000270.jpg,S02,drowsy,mask,mask,,1,0.13395,0.45761,0.31764,-14.303,179.582,-175.537,148.86
S02/mask/drowsy/S02_drowsy_mask_000271.jpg,S02,drowsy,mask,mask,,1,0.13795,0.45814,0.31642,-15.364,179.808,-175.529,148.85
S02/mask/drowsy/S02_drowsy_mask_000272.jpg,S02,drowsy,mask,mask,,1,0.15142,0.45911,0.31929,-15.664,177.524,-175.438,149.02
S02/mask/drowsy/S02_drowsy_mask_000273.jpg,S02,drowsy,mask,mask,,1,0.13724,0.4569,0.32031,-16.618,178.133,-175.679,149.05
S02/mask/drowsy/S02_drowsy_mask_000274.jpg,S02,drowsy,mask,mask,,1,0.12303,0.45645,0.32776,-16.712,178.625,-176.079,149.17
S02/mask/drowsy/S02_drowsy_mask_000275.jpg,S02,drowsy,mask,mask,,1,0.14506,0.45661,0.3154,-15.439,178.384,-175.374,149.26
S02/mask/drowsy/S02_drowsy_mask_000276.jpg,S02,drowsy,mask,mask,,1,0.15205,0.45625,0.31973,-16.652,179.401,-176.065,149.29
S02/mask/drowsy/S02_drowsy_mask_000277.jpg,S02,drowsy,mask,mask,,1,0.26613,0.45576,0.33256,-19.019,-176.191,-177.749,149.34
S02/mask/drowsy/S02_drowsy_mask_000278.jpg,S02,drowsy,mask,mask,,1,0.27379,0.4566,0.32756,-19.004,-174.02,-178.277,149.42
S02/mask/drowsy/S02_drowsy_mask_000279.jpg,S02,drowsy,mask,mask,,1,0.28157,0.45714,0.3301,-18.601,-173.596,-178.417,149.58
S02/mask/drowsy/S02_drowsy_mask_000280.jpg,S02,drowsy,mask,mask,,1,0.27918,0.45556,0.3316,-19.276,-174.266,-178.762,149.66
S02/mask/drowsy/S02_drowsy_mask_000281.jpg,S02,drowsy,mask,mask,,1,0.29173,0.45714,0.33875,-19.511,-175.303,-178.448,149.72
S02/mask/drowsy/S02_drowsy_mask_000282.jpg,S02,drowsy,mask,mask,,1,0.29166,0.45699,0.33728,-18.927,-175.51,-178.253,149.63
S02/mask/drowsy/S02_drowsy_mask_000283.jpg,S02,drowsy,mask,mask,,1,0.29158,0.45696,0.33968,-19.138,-174.912,-178.528,149.63
S02/mask/drowsy/S02_drowsy_mask_000284.jpg,S02,drowsy,mask,mask,,1,0.28008,0.45529,0.33088,-18.996,-176.932,-177.695,149.64
S02/mask/drowsy/S02_drowsy_mask_000285.jpg,S02,drowsy,mask,mask,,1,0.27515,0.45787,0.33373,-20.36,-175.515,-178.3,149.58
S02/mask/drowsy/S02_drowsy_mask_000286.jpg,S02,drowsy,mask,mask,,1,0.2093,0.45782,0.32742,-16.978,-176.898,-177.406,149.6
S02/mask/drowsy/S02_drowsy_mask_000287.jpg,S02,drowsy,mask,mask,,1,0.1433,0.4568,0.32078,-15.725,-179.792,-176.364,149.59
S02/mask/drowsy/S02_drowsy_mask_000288.jpg,S02,drowsy,mask,mask,,1,0.12778,0.457,0.31749,-15.752,177.817,-175.384,149.55
S02/mask/drowsy/S02_drowsy_mask_000289.jpg,S02,drowsy,mask,mask,,1,0.14327,0.45823,0.31821,-15.685,-179.544,-175.601,149.59
S02/mask/drowsy/S02_drowsy_mask_000290.jpg,S02,drowsy,mask,mask,,1,0.13443,0.45658,0.32112,-16.272,179.207,-176.216,149.54
S02/mask/drowsy/S02_drowsy_mask_000291.jpg,S02,drowsy,mask,mask,,1,0.1255,0.45743,0.32809,-15.661,-179.739,-175.746,149.52
S02/mask/drowsy/S02_drowsy_mask_000292.jpg,S02,drowsy,mask,mask,,1,0.14238,0.45735,0.32702,-15.85,179.236,-175.79,149.58
S02/mask/drowsy/S02_drowsy_mask_000293.jpg,S02,drowsy,mask,mask,,1,0.14636,0.45817,0.32864,-17.107,-178.864,-175.9,149.5
S02/mask/drowsy/S02_drowsy_mask_000294.jpg,S02,drowsy,mask,mask,,1,0.14044,0.45662,0.32927,-16.84,-179.144,-176.468,149.46
S02/mask/drowsy/S02_drowsy_mask_000295.jpg,S02,drowsy,mask,mask,,1,0.14835,0.45832,0.32645,-15.294,178.646,-176.285,149.56
S02/mask/drowsy/S02_drowsy_mask_000296.jpg,S02,drowsy,mask,mask,,1,0.14097,0.45719,0.33097,-16.435,-179.799,-176.88,149.52
S02/mask/drowsy/S02_drowsy_mask_000297.jpg,S02,drowsy,mask,mask,,1,0.13105,0.46231,0.32281,-16.582,179.09,-175.199,149.59
S02/mask/drowsy/S02_drowsy_mask_000298.jpg,S02,drowsy,mask,mask,,1,0.12902,0.46228,0.32541,-15.816,177.1,-175.152,149.56
S02/mask/drowsy/S02_drowsy_mask_000299.jpg,S02,drowsy,mask,mask,,1,0.13399,0.46095,0.32479,-17.225,-178.443,-175.832,149.55
S02/mask/drowsy/S02_drowsy_mask_000300.jpg,S02,drowsy,mask,mask,,1,0.12763,0.4625,0.3214,-16.314,178.265,-175.063,149.51
S02/mask/drowsy/S02_drowsy_mask_000301.jpg,S02,drowsy,mask,mask,,1,0.14515,0.46285,0.33161,-17.925,178.749,-175.585,149.53
S02/mask/drowsy/S02_drowsy_mask_000302.jpg,S02,drowsy,mask,mask,,1,0.12456,0.45923,0.32711,-17.4,179.319,-176.182,149.59
S02/mask/drowsy/S02_drowsy_mask_000303.jpg,S02,drowsy,mask,mask,,1,0.12279,0.45972,0.32852,-17.596,179.486,-175.959,149.53
S02/mask/drowsy/S02_drowsy_mask_000304.jpg,S02,drowsy,mask,mask,,1,0.13179,0.4567,0.32236,-15.419,178.716,-175.726,149.55
S02/mask/drowsy/S02_drowsy_mask_000305.jpg,S02,drowsy,mask,mask,,1,0.1323,0.45966,0.33157,-16.483,-179.04,-175.669,149.54
S02/mask/drowsy/S02_drowsy_mask_000306.jpg,S02,drowsy,mask,mask,,1,0.12907,0.45942,0.32911,-16.417,178.285,-175.576,149.56
S02/mask/drowsy/S02_drowsy_mask_000307.jpg,S02,drowsy,mask,mask,,1,0.13658,0.45743,0.32771,-16.307,178.968,-175.251,149.53
S02/mask/drowsy/S02_drowsy_mask_000308.jpg,S02,drowsy,mask,mask,,1,0.13954,0.45998,0.32683,-17.722,-175.948,-176.277,149.53
S02/mask/drowsy/S02_drowsy_mask_000309.jpg,S02,drowsy,mask,mask,,1,0.138,0.45775,0.3293,-16.382,-177.096,-175.865,149.51
S02/mask/drowsy/S02_drowsy_mask_000310.jpg,S02,drowsy,mask,mask,,1,0.12169,0.45827,0.33043,-17.075,-178.247,-176.277,149.52
S02/mask/drowsy/S02_drowsy_mask_000311.jpg,S02,drowsy,mask,mask,,1,0.13324,0.45741,0.33159,-17.244,-179.113,-176.621,149.48
S02/mask/drowsy/S02_drowsy_mask_000312.jpg,S02,drowsy,mask,mask,,1,0.12854,0.4578,0.32085,-16.215,178.831,-176.016,149.53
S02/mask/drowsy/S02_drowsy_mask_000313.jpg,S02,drowsy,mask,mask,,1,0.12679,0.45892,0.32625,-16.424,-178.696,-176.03,149.52
S02/mask/drowsy/S02_drowsy_mask_000314.jpg,S02,drowsy,mask,mask,,1,0.1178,0.46191,0.32483,-16.397,-177.073,-176.227,149.49
S02/mask/drowsy/S02_drowsy_mask_000315.jpg,S02,drowsy,mask,mask,,1,0.12668,0.46087,0.32246,-15.956,-178.895,-175.815,149.5
S02/mask/drowsy/S02_drowsy_mask_000316.jpg,S02,drowsy,mask,mask,,1,0.12565,0.45675,0.32332,-14.704,179.29,-174.929,149.46
S02/mask/drowsy/S02_drowsy_mask_000317.jpg,S02,drowsy,mask,mask,,1,0.13792,0.4579,0.32199,-15.885,-176.872,-175.902,149.45
S02/mask/drowsy/S02_drowsy_mask_000318.jpg,S02,drowsy,mask,mask,,1,0.14125,0.45778,0.32432,-15.622,179.305,-175.263,149.5
S02/mask/drowsy/S02_drowsy_mask_000319.jpg,S02,drowsy,mask,mask,,1,0.12889,0.4583,0.31878,-15.0,-179.615,-174.817,149.48
S02/mask/drowsy/S02_drowsy_mask_000320.jpg,S02,drowsy,mask,mask,,1,0.12819,0.45801,0.32384,-15.202,178.698,-175.36,149.49
S02/mask/drowsy/S02_drowsy_mask_000321.jpg,S02,drowsy,mask,mask,,1,0.1195,0.45743,0.3185,-15.304,178.784,-174.768,149.51
S02/mask/drowsy/S02_drowsy_mask_000322.jpg,S02,drowsy,mask,mask,,1,0.13261,0.45781,0.31922,-14.672,179.833,-174.568,149.53
S02/mask/drowsy/S02_drowsy_mask_000323.jpg,S02,drowsy,mask,mask,,1,0.12889,0.45737,0.31941,-14.984,178.537,-174.713,149.51
S02/mask/drowsy/S02_drowsy_mask_000324.jpg,S02,drowsy,mask,mask,,1,0.1244,0.45897,0.32853,-15.575,178.355,-175.071,149.46
S02/mask/drowsy/S02_drowsy_mask_000325.jpg,S02,drowsy,mask,mask,,1,0.12592,0.46015,0.32208,-16.823,-178.761,-175.983,148.91
S02/mask/drowsy/S02_drowsy_mask_000326.jpg,S02,drowsy,mask,mask,,1,0.12147,0.45821,0.32205,-15.747,177.99,-175.845,148.6
S02/mask/drowsy/S02_drowsy_mask_000327.jpg,S02,drowsy,mask,mask,,1,0.13576,0.45708,0.32452,-15.713,179.491,-175.957,148.59
S02/mask/drowsy/S02_drowsy_mask_000328.jpg,S02,drowsy,mask,mask,,1,0.12691,0.45827,0.32413,-16.289,-179.02,-175.707,148.52
S02/mask/drowsy/S02_drowsy_mask_000329.jpg,S02,drowsy,mask,mask,,1,0.1349,0.45949,0.32276,-16.771,-177.017,-176.314,148.56
S02/mask/drowsy/S02_drowsy_mask_000330.jpg,S02,drowsy,mask,mask,,1,0.12109,0.45846,0.32507,-16.586,-176.765,-177.074,148.55
S02/mask/drowsy/S02_drowsy_mask_000331.jpg,S02,drowsy,mask,mask,,1,0.11841,0.46013,0.32372,-15.806,-178.282,-176.386,148.56
S02/mask/drowsy/S02_drowsy_mask_000332.jpg,S02,drowsy,mask,mask,,1,0.12141,0.45643,0.32966,-17.276,179.395,-176.635,148.57
S02/mask/drowsy/S02_drowsy_mask_000333.jpg,S02,drowsy,mask,mask,,1,0.12892,0.45919,0.32963,-16.571,-178.757,-176.092,148.57
S02/mask/drowsy/S02_drowsy_mask_000334.jpg,S02,drowsy,mask,mask,,1,0.13297,0.45923,0.3316,-17.579,-177.177,-176.506,148.58
S02/mask/drowsy/S02_drowsy_mask_000335.jpg,S02,drowsy,mask,mask,,1,0.13509,0.45771,0.3259,-16.618,-177.414,-176.722,148.58
S02/mask/drowsy/S02_drowsy_mask_000336.jpg,S02,drowsy,mask,mask,,1,0.12276,0.46094,0.32357,-17.057,-176.832,-177.298,148.57
S02/mask/drowsy/S02_drowsy_mask_000337.jpg,S02,drowsy,mask,mask,,1,0.12873,0.45628,0.32345,-16.63,-179.229,-176.365,148.59
S02/mask/drowsy/S02_drowsy_mask_000338.jpg,S02,drowsy,mask,mask,,1,0.11881,0.45613,0.32764,-16.196,179.61,-176.466,148.6
S02/mask/drowsy/S02_drowsy_mask_000339.jpg,S02,drowsy,mask,mask,,1,0.12233,0.458,0.32438,-16.404,-178.589,-176.353,148.63
S02/mask/drowsy/S02_drowsy_mask_000340.jpg,S02,drowsy,mask,mask,,1,0.13401,0.45672,0.32406,-15.692,-179.3,-176.186,148.63
S02/mask/drowsy/S02_drowsy_mask_000341.jpg,S02,drowsy,mask,mask,,1,0.12803,0.45743,0.32138,-15.877,179.609,-176.117,148.65
S02/mask/drowsy/S02_drowsy_mask_000342.jpg,S02,drowsy,mask,mask,,1,0.12661,0.46142,0.31617,-17.157,-178.475,-176.625,148.62
S02/mask/drowsy/S02_drowsy_mask_000343.jpg,S02,drowsy,mask,mask,,1,0.11822,0.46229,0.30975,-17.244,-178.689,-176.78,148.41
S02/mask/drowsy/S02_drowsy_mask_000344.jpg,S02,drowsy,mask,mask,,1,0.15102,0.45854,0.31549,-13.566,175.638,-173.499,148.79
S02/mask/drowsy/S02_drowsy_mask_000345.jpg,S02,drowsy,mask,mask,,1,0.13253,0.46429,0.30683,-16.597,-179.387,-175.725,148.44
S02/mask/drowsy/S02_drowsy_mask_000346.jpg,S02,drowsy,mask,mask,,1,0.13886,0.45907,0.32191,-17.279,179.582,-175.848,148.63
S02/mask/drowsy/S02_drowsy_mask_000347.jpg,S02,drowsy,mask,mask,,1,0.12624,0.45752,0.31492,-16.835,-178.598,-176.241,148.54
S02/mask/drowsy/S02_drowsy_mask_000348.jpg,S02,drowsy,mask,mask,,1,0.11747,0.45753,0.32277,-16.601,-178.531,-176.512,148.53
S02/mask/drowsy/S02_drowsy_mask_000349.jpg,S02,drowsy,mask,mask,,1,0.11739,0.46206,0.32038,-17.37,-178.261,-176.457,148.66
S02/mask/drowsy/S02_drowsy_mask_000350.jpg,S02,drowsy,mask,mask,,1,0.13622,0.45794,0.32117,-15.482,-176.145,-176.594,148.62
S02/mask/drowsy/S02_drowsy_mask_000351.jpg,S02,drowsy,mask,mask,,1,0.12025,0.45785,0.32215,-16.308,-176.762,-176.614,148.66
S02/mask/drowsy/S02_drowsy_mask_000352.jpg,S02,drowsy,mask,mask,,1,0.20145,0.45707,0.31831,-18.29,-172.391,-177.183,148.55
S02/mask/drowsy/S02_drowsy_mask_000353.jpg,S02,drowsy,mask,mask,,1,0.26163,0.45787,0.32752,-19.862,-173.643,-177.509,148.61
S02/mask/drowsy/S02_drowsy_mask_000354.jpg,S02,drowsy,mask,mask,,1,0.27912,0.45602,0.32861,-20.16,-172.515,-179.226,148.49
S02/mask/drowsy/S02_drowsy_mask_000355.jpg,S02,drowsy,mask,mask,,1,0.28634,0.4564,0.32387,-19.425,-172.306,-178.342,148.62
S02/mask/drowsy/S02_drowsy_mask_000356.jpg,S02,drowsy,mask,mask,,1,0.29167,0.45752,0.32606,-18.514,-172.92,-177.935,148.53
S02/mask/drowsy/S02_drowsy_mask_000357.jpg,S02,drowsy,mask,mask,,1,0.27507,0.45661,0.31724,-19.384,-173.085,-177.748,148.59
S02/mask/drowsy/S02_drowsy_mask_000358.jpg,S02,drowsy,mask,mask,,1,0.19604,0.4568,0.32054,-18.173,-177.861,-176.662,148.54
S02/mask/drowsy/S02_drowsy_mask_000359.jpg,S02,drowsy,mask,mask,,1,0.14988,0.45708,0.32174,-17.616,-179.644,-176.758,148.57
S02/mask/drowsy/S02_drowsy_mask_000360.jpg,S02,drowsy,mask,mask,,1,0.14609,0.45781,0.32577,-16.693,177.03,-175.48,148.57
S02/mask/drowsy/S02_drowsy_mask_000361.jpg,S02,drowsy,mask,mask,,1,0.14004,0.45906,0.32901,-17.827,-179.599,-176.355,148.61
S02/mask/drowsy/S02_drowsy_mask_000362.jpg,S02,drowsy,mask,mask,,1,0.2686,0.46003,0.32845,-20.895,-172.207,-178.459,148.66
S02/mask/drowsy/S02_drowsy_mask_000363.jpg,S02,drowsy,mask,mask,,1,0.28007,0.45677,0.31797,-19.61,-171.356,-178.488,148.56
S02/mask/drowsy/S02_drowsy_mask_000364.jpg,S02,drowsy,mask,mask,,1,0.28615,0.45635,0.33032,-18.704,-173.859,-178.488,148.63
S02/mask/drowsy/S02_drowsy_mask_000365.jpg,S02,drowsy,mask,mask,,1,0.28553,0.45983,0.33298,-21.224,-172.911,-178.746,148.55
S02/mask/drowsy/S02_drowsy_mask_000366.jpg,S02,drowsy,mask,mask,,1,0.28776,0.45671,0.32849,-20.654,-172.045,-178.932,148.6
S02/mask/drowsy/S02_drowsy_mask_000367.jpg,S02,drowsy,mask,mask,,1,0.16444,0.4567,0.31548,-18.319,-179.791,-176.599,148.61
S02/mask/drowsy/S02_drowsy_mask_000368.jpg,S02,drowsy,mask,mask,,1,0.14222,0.46015,0.31983,-17.711,179.291,-176.141,148.55
S02/mask/drowsy/S02_drowsy_mask_000369.jpg,S02,drowsy,mask,mask,,1,0.13877,0.46165,0.31844,-16.804,-179.241,-176.08,148.54
S02/mask/drowsy/S02_drowsy_mask_000370.jpg,S02,drowsy,mask,mask,,1,0.14592,0.46005,0.32157,-16.96,179.777,-175.942,148.53
S02/mask/drowsy/S02_drowsy_mask_000371.jpg,S02,drowsy,mask,mask,,1,0.13148,0.46278,0.31634,-17.156,179.651,-175.654,148.57
S02/mask/drowsy/S02_drowsy_mask_000372.jpg,S02,drowsy,mask,mask,,1,0.13976,0.46098,0.32536,-17.143,-179.826,-175.302,148.56
S02/mask/drowsy/S02_drowsy_mask_000373.jpg,S02,drowsy,mask,mask,,1,0.13652,0.45878,0.32412,-16.304,178.42,-175.364,148.56
S02/mask/drowsy/S02_drowsy_mask_000374.jpg,S02,drowsy,mask,mask,,1,0.25821,0.45703,0.33404,-20.558,-171.054,-179.009,148.56
S02/mask/drowsy/S02_drowsy_mask_000375.jpg,S02,drowsy,mask,mask,,1,0.29045,0.45779,0.32921,-21.038,-169.555,-179.49,148.58
S02/mask/drowsy/S02_drowsy_mask_000376.jpg,S02,drowsy,mask,mask,,1,0.304,0.4575,0.3314,-20.911,-169.269,-179.595,148.6
S02/mask/drowsy/S02_drowsy_mask_000377.jpg,S02,drowsy,mask,mask,,1,0.30068,0.45871,0.32866,-19.717,-170.772,-179.17,148.58
S02/mask/drowsy/S02_drowsy_mask_000378.jpg,S02,drowsy,mask,mask,,1,0.30925,0.45794,0.31808,-19.362,-169.819,-179.072,148.57
S02/mask/drowsy/S02_drowsy_mask_000379.jpg,S02,drowsy,mask,mask,,1,0.30581,0.45952,0.3219,-20.151,-170.338,-178.93,148.61
S02/mask/drowsy/S02_drowsy_mask_000380.jpg,S02,drowsy,mask,mask,,1,0.30287,0.45806,0.32062,-19.592,-167.918,-179.439,148.56
S02/mask/drowsy/S02_drowsy_mask_000381.jpg,S02,drowsy,mask,mask,,1,0.21048,0.45814,0.32058,-18.774,-174.969,-177.799,148.53
S02/mask/drowsy/S02_drowsy_mask_000382.jpg,S02,drowsy,mask,mask,,1,0.18484,0.46748,0.31969,-19.082,-174.545,-177.089,148.52
S02/mask/drowsy/S02_drowsy_mask_000383.jpg,S02,drowsy,mask,mask,,1,0.14361,0.46488,0.32323,-18.233,-174.564,-177.286,148.51
S02/mask/drowsy/S02_drowsy_mask_000384.jpg,S02,drowsy,mask,mask,,1,0.15783,0.46464,0.31693,-19.231,-177.254,-176.423,148.62
S02/mask/drowsy/S02_drowsy_mask_000385.jpg,S02,drowsy,mask,mask,,1,0.118,0.46804,0.30933,-16.336,-177.337,-176.056,148.56
S02/mask/drowsy/S02_drowsy_mask_000386.jpg,S02,drowsy,mask,mask,,1,0.11949,0.46282,0.31758,-16.778,-176.858,-176.39,148.56
S02/mask/drowsy/S02_drowsy_mask_000387.jpg,S02,drowsy,mask,mask,,1,0.12004,0.468,0.30918,-16.151,-176.1,-176.512,148.56
S02/mask/drowsy/S02_drowsy_mask_000388.jpg,S02,drowsy,mask,mask,,1,0.11985,0.46341,0.32224,-17.016,-175.266,-176.567,148.53
S02/mask/drowsy/S02_drowsy_mask_000389.jpg,S02,drowsy,mask,mask,,1,0.12552,0.46517,0.31643,-15.86,-179.81,-176.136,148.54
S02/mask/drowsy/S02_drowsy_mask_000390.jpg,S02,drowsy,mask,mask,,1,0.11181,0.47322,0.31739,-17.076,-176.614,-176.339,148.48
S02/mask/drowsy/S02_drowsy_mask_000391.jpg,S02,drowsy,mask,mask,,1,0.11903,0.45722,0.31483,-16.837,178.991,-176.005,148.54
S02/mask/drowsy/S02_drowsy_mask_000392.jpg,S02,drowsy,mask,mask,,1,0.12599,0.4599,0.31923,-16.679,-179.616,-176.341,148.68
S02/mask/drowsy/S02_drowsy_mask_000393.jpg,S02,drowsy,mask,mask,,1,0.11064,0.45856,0.32371,-16.39,-179.54,-176.364,148.5
S02/mask/drowsy/S02_drowsy_mask_000394.jpg,S02,drowsy,mask,mask,,1,0.14738,0.4558,0.32473,-16.55,177.14,-176.636,148.55
S02/mask/drowsy/S02_drowsy_mask_000395.jpg,S02,drowsy,mask,mask,,1,0.14442,0.45759,0.32257,-14.385,179.037,-176.215,148.53
S02/mask/drowsy/S02_drowsy_mask_000396.jpg,S02,drowsy,mask,mask,,1,0.12651,0.45623,0.31463,-14.474,177.875,-175.876,148.6
S02/mask/drowsy/S02_drowsy_mask_000397.jpg,S02,drowsy,mask,mask,,1,0.11243,0.46068,0.31493,-14.761,-179.565,-176.208,148.48
S02/mask/drowsy/S02_drowsy_mask_000398.jpg,S02,drowsy,mask,mask,,1,0.13583,0.45678,0.31576,-14.723,178.277,-175.589,148.65
S02/mask/drowsy/S02_drowsy_mask_000399.jpg,S02,drowsy,mask,mask,,1,0.13091,0.46118,0.3181,-14.956,-177.731,-175.449,148.42
S02/mask/drowsy/S02_drowsy_mask_000400.jpg,S02,drowsy,mask,mask,,1,0.13012,0.45805,0.32259,-15.838,178.808,-175.665,148.6
S02/mask/drowsy/S02_drowsy_mask_000401.jpg,S02,drowsy,mask,mask,,1,0.13466,0.45875,0.32373,-16.559,-179.315,-175.408,148.44
S02/mask/drowsy/S02_drowsy_mask_000402.jpg,S02,drowsy,mask,mask,,1,0.11699,0.45824,0.32336,-15.083,-179.819,-176.042,148.48
S02/mask/drowsy/S02_drowsy_mask_000403.jpg,S02,drowsy,mask,mask,,1,0.13572,0.45874,0.31972,-16.209,-177.596,-177.565,148.44
S02/mask/drowsy/S02_drowsy_mask_000404.jpg,S02,drowsy,mask,mask,,1,0.12868,0.46385,0.31799,-16.874,-176.27,-177.475,148.5
S02/mask/drowsy/S02_drowsy_mask_000405.jpg,S02,drowsy,mask,mask,,1,0.11743,0.45961,0.31713,-15.751,-173.941,-176.612,148.58
S02/mask/drowsy/S02_drowsy_mask_000406.jpg,S02,drowsy,mask,mask,,1,0.11214,0.46002,0.32091,-15.217,-178.289,-176.72,148.56
S02/mask/drowsy/S02_drowsy_mask_000407.jpg,S02,drowsy,mask,mask,,1,0.14025,0.45879,0.31588,-15.309,-172.257,-177.038,148.52
S02/mask/drowsy/S02_drowsy_mask_000408.jpg,S02,drowsy,mask,mask,,1,0.22381,0.45741,0.32017,-17.141,-174.137,-177.401,148.53
S02/mask/drowsy/S02_drowsy_mask_000409.jpg,S02,drowsy,mask,mask,,1,0.27865,0.45691,0.32764,-17.009,-170.752,-179.141,148.53
S02/mask/yawning/S02_yawning_mask_000000.jpg,S02,yawning,mask,mask,,1,0.2124,0.46075,0.32594,-19.395,177.433,-179.382,153.8
S02/mask/yawning/S02_yawning_mask_000001.jpg,S02,yawning,mask,mask,,1,0.26377,0.46283,0.33385,-18.76,-178.851,-179.356,153.68
S02/mask/yawning/S02_yawning_mask_000002.jpg,S02,yawning,mask,mask,,1,0.30396,0.46674,0.3381,-20.683,177.052,-179.611,153.59
S02/mask/yawning/S02_yawning_mask_000003.jpg,S02,yawning,mask,mask,,1,0.30025,0.458,0.33763,-20.303,-179.849,-178.595,153.69
S02/mask/yawning/S02_yawning_mask_000004.jpg,S02,yawning,mask,mask,,1,0.30442,0.46904,0.34529,-19.826,-179.947,-179.002,153.76
S02/mask/yawning/S02_yawning_mask_000005.jpg,S02,yawning,mask,mask,,1,0.30594,0.45543,0.31667,-18.699,-179.026,178.689,153.94
S02/mask/yawning/S02_yawning_mask_000006.jpg,S02,yawning,mask,mask,,1,0.30832,0.4599,0.32654,-18.661,179.994,179.783,154.32
S02/mask/yawning/S02_yawning_mask_000007.jpg,S02,yawning,mask,mask,,1,0.3094,0.45889,0.32017,-19.994,-178.245,178.538,155.05
S02/mask/yawning/S02_yawning_mask_000008.jpg,S02,yawning,mask,mask,,1,0.25335,0.46103,0.31918,-17.639,-174.719,179.582,155.45
S02/mask/yawning/S02_yawning_mask_000009.jpg,S02,yawning,mask,mask,,1,0.24972,0.45974,0.33809,-15.26,-179.728,178.836,155.8
S02/mask/yawning/S02_yawning_mask_000010.jpg,S02,yawning,mask,mask,,1,0.28915,0.47272,0.32399,-16.87,-177.769,179.177,155.94
S02/mask/yawning/S02_yawning_mask_000011.jpg,S02,yawning,mask,mask,,1,0.29682,0.45803,0.3319,-15.006,179.259,-179.928,156.05
S02/mask/yawning/S02_yawning_mask_000012.jpg,S02,yawning,mask,mask,,1,0.28694,0.46074,0.33818,-16.362,-172.666,178.754,156.07
S02/mask/yawning/S02_yawning_mask_000013.jpg,S02,yawning,mask,mask,,1,0.30154,0.45747,0.33609,-16.086,-174.187,178.41,156.07
S02/mask/yawning/S02_yawning_mask_000014.jpg,S02,yawning,mask,mask,,1,0.29816,0.46447,0.33314,-17.425,-174.81,178.834,156.05
S02/mask/yawning/S02_yawning_mask_000015.jpg,S02,yawning,mask,mask,,1,0.24392,0.46023,0.31533,-17.339,-174.408,178.078,156.06
S02/mask/yawning/S02_yawning_mask_000016.jpg,S02,yawning,mask,mask,,1,0.26712,0.45788,0.32801,-14.841,-175.887,178.991,156.05
S02/mask/yawning/S02_yawning_mask_000017.jpg,S02,yawning,mask,mask,,1,0.27241,0.46112,0.32934,-15.179,-173.449,178.799,156.04
S02/mask/yawning/S02_yawning_mask_000018.jpg,S02,yawning,mask,mask,,1,0.28518,0.46206,0.3382,-16.401,-176.937,178.993,156.06
S02/mask/yawning/S02_yawning_mask_000019.jpg,S02,yawning,mask,mask,,1,0.28965,0.46108,0.33019,-14.401,-173.525,178.853,156.09
S02/mask/yawning/S02_yawning_mask_000020.jpg,S02,yawning,mask,mask,,1,0.30051,0.46201,0.34769,-15.452,-177.107,178.963,156.08
S02/mask/yawning/S02_yawning_mask_000021.jpg,S02,yawning,mask,mask,,1,0.29531,0.46081,0.3423,-15.409,-177.026,179.23,156.12
S02/mask/yawning/S02_yawning_mask_000022.jpg,S02,yawning,mask,mask,,1,0.2835,0.46813,0.34666,-16.775,-178.163,-179.72,156.51
S02/mask/yawning/S02_yawning_mask_000023.jpg,S02,yawning,mask,mask,,1,0.27274,0.45981,0.35693,-15.022,-178.454,179.477,156.82
S02/mask/yawning/S02_yawning_mask_000024.jpg,S02,yawning,mask,mask,,1,0.29055,0.45879,0.33293,-14.061,-176.527,-179.504,156.92
S02/mask/yawning/S02_yawning_mask_000025.jpg,S02,yawning,mask,mask,,1,0.29504,0.45934,0.34766,-14.977,-177.767,179.926,156.92
S02/mask/yawning/S02_yawning_mask_000026.jpg,S02,yawning,mask,mask,,1,0.27554,0.46133,0.35909,-15.79,-177.222,179.453,156.91
S02/mask/yawning/S02_yawning_mask_000027.jpg,S02,yawning,mask,mask,,1,0.18154,0.46131,0.34789,-14.948,179.531,-178.842,156.79
S02/mask/yawning/S02_yawning_mask_000028.jpg,S02,yawning,mask,mask,,1,0.25989,0.45786,0.34631,-15.662,-175.963,-179.625,156.76
S02/mask/yawning/S02_yawning_mask_000029.jpg,S02,yawning,mask,mask,,1,0.27412,0.4603,0.35128,-16.246,-177.456,-179.926,156.77
S02/mask/yawning/S02_yawning_mask_000030.jpg,S02,yawning,mask,mask,,1,0.28999,0.45904,0.34352,-15.849,-176.067,-179.579,156.82
S02/mask/yawning/S02_yawning_mask_000031.jpg,S02,yawning,mask,mask,,1,0.28189,0.45896,0.34473,-15.613,-177.117,-179.036,156.8
S02/mask/yawning/S02_yawning_mask_000032.jpg,S02,yawning,mask,mask,,1,0.28372,0.4585,0.34565,-13.507,-177.155,-178.471,156.86
S02/mask/yawning/S02_yawning_mask_000033.jpg,S02,yawning,mask,mask,,1,0.2016,0.45821,0.34302,-12.73,177.441,-177.385,156.78
S02/mask/yawning/S02_yawning_mask_000034.jpg,S02,yawning,mask,mask,,1,0.25282,0.45879,0.34453,-14.515,-178.404,-178.87,156.71
S02/mask/yawning/S02_yawning_mask_000035.jpg,S02,yawning,mask,mask,,1,0.27202,0.45866,0.34892,-16.294,-175.793,179.641,156.8
S02/mask/yawning/S02_yawning_mask_000036.jpg,S02,yawning,mask,mask,,1,0.22887,0.45858,0.3413,-15.686,-176.677,-179.872,156.82
S02/mask/yawning/S02_yawning_mask_000037.jpg,S02,yawning,mask,mask,,1,0.26675,0.45989,0.3488,-15.333,-175.168,179.37,156.8
S02/mask/yawning/S02_yawning_mask_000038.jpg,S02,yawning,mask,mask,,1,0.26828,0.45922,0.33677,-16.525,-177.431,-179.611,156.84
S02/mask/yawning/S02_yawning_mask_000039.jpg,S02,yawning,mask,mask,,1,0.27047,0.45825,0.34499,-15.485,-176.805,-179.593,157.1
S02/mask/yawning/S02_yawning_mask_000040.jpg,S02,yawning,mask,mask,,1,0.2443,0.45969,0.35241,-13.837,178.765,-179.19,157.02
S02/mask/yawning/S02_yawning_mask_000041.jpg,S02,yawning,mask,mask,,1,0.2394,0.45913,0.33985,-15.024,-174.883,179.967,157.17
S02/mask/yawning/S02_yawning_mask_000042.jpg,S02,yawning,mask,mask,,1,0.28568,0.45926,0.35399,-15.717,-178.601,179.448,157.01
S02/mask/yawning/S02_yawning_mask_000043.jpg,S02,yawning,mask,mask,,1,0.29101,0.45755,0.35524,-14.44,-175.791,-179.182,157.11
S02/mask/yawning/S02_yawning_mask_000044.jpg,S02,yawning,mask,mask,,1,0.30006,0.46034,0.3498,-16.903,-175.544,-179.481,156.86
S02/mask/yawning/S02_yawning_mask_000045.jpg,S02,yawning,mask,mask,,1,0.28716,0.45897,0.3502,-12.944,-174.935,-179.656,156.95
S02/mask/yawning/S02_yawning_mask_000046.jpg,S02,yawning,mask,mask,,1,0.29081,0.45841,0.35042,-13.279,-174.855,179.992,156.69
S02/mask/yawning/S02_yawning_mask_000047.jpg,S02,yawning,mask,mask,,1,0.30557,0.45804,0.34689,-11.605,-174.312,-179.603,156.53
S02/mask/yawning/S02_yawning_mask_000048.jpg,S02,yawning,mask,mask,,1,0.29735,0.45617,0.3384,-11.73,-174.163,-179.045,156.37
S02/mask/yawning/S02_yawning_mask_000049.jpg,S02,yawning,mask,mask,,1,0.25776,0.45742,0.33168,-13.118,-170.686,179.365,155.91
S02/mask/yawning/S02_yawning_mask_000050.jpg,S02,yawning,mask,mask,,1,0.25224,0.4598,0.33489,-12.928,-168.977,179.937,155.85
S02/mask/yawning/S02_yawning_mask_000051.jpg,S02,yawning,mask,mask,,1,0.28071,0.45938,0.34574,-14.551,-174.562,-179.391,155.71
S02/mask/yawning/S02_yawning_mask_000052.jpg,S02,yawning,mask,mask,,1,0.1616,0.45989,0.32892,-11.226,178.79,-179.91,155.56
S02/mask/yawning/S02_yawning_mask_000053.jpg,S02,yawning,mask,mask,,1,0.25848,0.47206,0.33197,-15.969,-176.163,179.697,155.6
S02/mask/yawning/S02_yawning_mask_000054.jpg,S02,yawning,mask,mask,,1,0.28406,0.4605,0.34338,-15.591,-177.107,-179.635,155.65
S02/mask/yawning/S02_yawning_mask_000055.jpg,S02,yawning,mask,mask,,1,0.29107,0.46014,0.34148,-17.114,-179.163,179.875,155.7
S02/mask/yawning/S02_yawning_mask_000056.jpg,S02,yawning,mask,mask,,1,0.2963,0.46279,0.34236,-17.547,-178.389,179.783,155.81
S02/mask/yawning/S02_yawning_mask_000057.jpg,S02,yawning,mask,mask,,1,0.29385,0.46152,0.33664,-17.013,-178.043,179.843,155.77
S02/mask/yawning/S02_yawning_mask_000058.jpg,S02,yawning,mask,mask,,1,0.30227,0.46016,0.33778,-17.858,-177.24,179.607,155.82
S02/mask/yawning/S02_yawning_mask_000059.jpg,S02,yawning,mask,mask,,1,0.29745,0.46265,0.34178,-17.763,-178.444,179.799,155.81
S02/mask/yawning/S02_yawning_mask_000060.jpg,S02,yawning,mask,mask,,1,0.17052,0.46162,0.3215,-13.909,179.188,179.672,155.91
S02/mask/yawning/S02_yawning_mask_000061.jpg,S02,yawning,mask,mask,,1,0.20761,0.4615,0.33418,-11.747,179.74,-179.153,155.99
S02/mask/yawning/S02_yawning_mask_000062.jpg,S02,yawning,mask,mask,,1,0.29206,0.45532,0.35084,-15.708,179.087,-179.094,156.52
S02/mask/yawning/S02_yawning_mask_000063.jpg,S02,yawning,mask,mask,,1,0.28754,0.46087,0.35601,-17.451,179.758,-178.744,157.06
S02/mask/yawning/S02_yawning_mask_000064.jpg,S02,yawning,mask,mask,,1,0.31541,0.4608,0.36748,-22.55,-174.982,-179.434,157.28
S02/mask/yawning/S02_yawning_mask_000065.jpg,S02,yawning,mask,mask,,1,0.32076,0.45706,0.36716,-22.789,-174.771,-179.179,157.52
S02/mask/yawning/S02_yawning_mask_000066.jpg,S02,yawning,mask,mask,,1,0.30548,0.45485,0.38226,-20.673,177.488,-177.301,157.4
S02/mask/yawning/S02_yawning_mask_000067.jpg,S02,yawning,mask,mask,,1,0.2961,0.45868,0.37548,-21.422,-178.38,-177.922,157.59
S02/mask/yawning/S02_yawning_mask_000068.jpg,S02,yawning,mask,mask,,1,0.29021,0.45848,0.37037,-20.307,-176.855,-178.506,157.37
S02/mask/yawning/S02_yawning_mask_000069.jpg,S02,yawning,mask,mask,,1,0.28454,0.46003,0.37272,-17.41,179.468,-177.378,157.19
S02/mask/yawning/S02_yawning_mask_000070.jpg,S02,yawning,mask,mask,,1,0.18876,0.45851,0.36508,-14.858,175.299,-175.745,157.14
S02/mask/yawning/S02_yawning_mask_000071.jpg,S02,yawning,mask,mask,,1,0.22455,0.458,0.36322,-15.238,-179.059,-177.174,157.12
S02/mask/yawning/S02_yawning_mask_000072.jpg,S02,yawning,mask,mask,,1,0.26047,0.45714,0.36741,-17.209,-176.116,-178.112,157.1
S02/mask/yawning/S02_yawning_mask_000073.jpg,S02,yawning,mask,mask,,1,0.26953,0.45604,0.35687,-16.991,-175.599,-178.433,156.98
S02/mask/yawning/S02_yawning_mask_000074.jpg,S02,yawning,mask,mask,,1,0.27759,0.46091,0.3514,-17.063,-179.814,-178.88,156.75
S02/mask/yawning/S02_yawning_mask_000075.jpg,S02,yawning,mask,mask,,1,0.27693,0.45691,0.35696,-15.379,177.57,-177.422,156.83
S02/mask/yawning/S02_yawning_mask_000076.jpg,S02,yawning,mask,mask,,1,0.27265,0.45835,0.35771,-15.763,178.562,-178.146,156.78
S02/mask/yawning/S02_yawning_mask_000077.jpg,S02,yawning,mask,mask,,1,0.27298,0.45581,0.34868,-13.825,179.499,-177.963,156.63
S02/mask/yawning/S02_yawning_mask_000078.jpg,S02,yawning,mask,mask,,1,0.27312,0.45788,0.34137,-11.57,179.932,-177.496,156.59
S02/mask/yawning/S02_yawning_mask_000079.jpg,S02,yawning,mask,mask,,1,0.27575,0.45767,0.34369,-12.855,177.604,-177.379,156.64
S02/mask/yawning/S02_yawning_mask_000080.jpg,S02,yawning,mask,mask,,1,0.28652,0.4572,0.35581,-14.641,177.714,-177.708,157.04
S02/mask/yawning/S02_yawning_mask_000081.jpg,S02,yawning,mask,mask,,1,0.28397,0.45761,0.3532,-14.417,-179.401,-177.427,157.16
S02/mask/yawning/S02_yawning_mask_000082.jpg,S02,yawning,mask,mask,,1,0.30034,0.45651,0.36474,-13.955,-179.412,-176.381,157.16
S02/mask/yawning/S02_yawning_mask_000083.jpg,S02,yawning,mask,mask,,1,0.29563,0.46009,0.36506,-13.405,179.123,-176.311,157.19
S02/mask/yawning/S02_yawning_mask_000084.jpg,S02,yawning,mask,mask,,1,0.21026,0.45582,0.36938,-14.953,178.355,-177.689,157.29
S02/mask/yawning/S02_yawning_mask_000085.jpg,S02,yawning,mask,mask,,1,0.30919,0.4667,0.37174,-27.745,-177.186,-177.96,156.76
S02/mask/yawning/S02_yawning_mask_000086.jpg,S02,yawning,mask,mask,,1,0.31706,0.45885,0.38792,-31.119,-177.164,-177.913,156.5
S02/mask/yawning/S02_yawning_mask_000087.jpg,S02,yawning,mask,mask,,1,0.25662,0.45613,0.35762,-28.733,177.962,-176.234,156.35
S02/mask/yawning/S02_yawning_mask_000088.jpg,S02,yawning,mask,mask,,1,0.18149,0.45516,0.3739,-21.342,173.673,-175.044,156.36
S02/mask/yawning/S02_yawning_mask_000089.jpg,S02,yawning,mask,mask,,1,0.24675,0.45547,0.37575,-21.71,176.04,-177.719,156.38
S02/mask/yawning/S02_yawning_mask_000090.jpg,S02,yawning,mask,mask,,1,0.26899,0.45518,0.38548,-19.56,174.007,-176.814,156.58
S02/mask/yawning/S02_yawning_mask_000091.jpg,S02,yawning,mask,mask,,1,0.27625,0.4575,0.39287,-20.64,178.06,-177.69,156.49
S02/mask/yawning/S02_yawning_mask_000092.jpg,S02,yawning,mask,mask,,1,0.27589,0.45703,0.40237,-18.813,176.385,-177.379,156.5
S02/mask/yawning/S02_yawning_mask_000093.jpg,S02,yawning,mask,mask,,1,0.27352,0.45779,0.40091,-17.627,177.366,-177.69,156.33
S02/mask/yawning/S02_yawning_mask_000094.jpg,S02,yawning,mask,mask,,1,0.25905,0.45874,0.38518,-16.027,178.361,-176.35,156.15
S02/mask/yawning/S02_yawning_mask_000095.jpg,S02,yawning,mask,mask,,1,0.26372,0.45692,0.38633,-17.311,179.025,-176.894,156.42
S02/mask/yawning/S02_yawning_mask_000096.jpg,S02,yawning,mask,mask,,1,0.27673,0.45634,0.38429,-18.133,177.401,-177.159,155.35
S02/mask/yawning/S02_yawning_mask_000097.jpg,S02,yawning,mask,mask,,1,0.24829,0.45708,0.38977,-13.653,172.572,-174.604,155.98
S02/mask/yawning/S02_yawning_mask_000098.jpg,S02,yawning,mask,mask,,1,0.13892,0.45696,0.38033,-13.459,170.446,-174.436,155.78
S02/mask/yawning/S02_yawning_mask_000099.jpg,S02,yawning,mask,mask,,1,0.25383,0.45963,0.37773,-17.437,175.925,-175.583,156.06
S02/mask/yawning/S02_yawning_mask_000100.jpg,S02,yawning,mask,mask,,1,0.25656,0.45751,0.39043,-15.942,175.888,-175.527,155.92
S02/mask/yawning/S02_yawning_mask_000101.jpg,S02,yawning,mask,mask,,1,0.26393,0.45804,0.38113,-17.393,179.911,-177.39,155.89
S02/mask/yawning/S02_yawning_mask_000102.jpg,S02,yawning,mask,mask,,1,0.26177,0.45905,0.37312,-16.56,179.699,-175.73,155.89
S02/mask/yawning/S02_yawning_mask_000103.jpg,S02,yawning,mask,mask,,1,0.25979,0.45686,0.39287,-17.943,179.778,-176.344,155.54
S02/mask/yawning/S02_yawning_mask_000104.jpg,S02,yawning,mask,mask,,1,0.27617,0.45527,0.39342,-20.471,179.118,-177.274,155.79
S02/mask/yawning/S02_yawning_mask_000105.jpg,S02,yawning,mask,mask,,1,0.27358,0.45471,0.38663,-16.177,-178.43,-177.351,155.31
S02/mask/yawning/S02_yawning_mask_000106.jpg,S02,yawning,mask,mask,,1,0.20521,0.45952,0.37813,-16.194,176.041,-175.805,155.66
S02/mask/yawning/S02_yawning_mask_000107.jpg,S02,yawning,mask,mask,,1,0.1593,0.45888,0.3791,-11.979,175.58,-177.062,155.64
S02/mask/yawning/S02_yawning_mask_000108.jpg,S02,yawning,mask,mask,,1,0.22513,0.45875,0.38027,-14.902,174.278,-176.775,155.55
S02/mask/yawning/S02_yawning_mask_000109.jpg,S02,yawning,mask,mask,,1,0.24422,0.45698,0.37359,-19.117,179.775,-178.191,155.53
S02/mask/yawning/S02_yawning_mask_000110.jpg,S02,yawning,mask,mask,,1,0.24466,0.45827,0.3762,-16.438,-179.349,-177.862,155.54
S02/mask/yawning/S02_yawning_mask_000111.jpg,S02,yawning,mask,mask,,1,0.24753,0.4555,0.37935,-15.593,-178.549,-177.761,155.58
S02/mask/yawning/S02_yawning_mask_000112.jpg,S02,yawning,mask,mask,,1,0.20329,0.45711,0.37469,-16.313,176.688,-178.364,155.75
S02/mask/yawning/S02_yawning_mask_000113.jpg,S02,yawning,mask,mask,,1,0.25088,0.45707,0.3694,-17.994,178.833,-177.613,155.47
S02/mask/yawning/S02_yawning_mask_000114.jpg,S02,yawning,mask,mask,,1,0.27996,0.45698,0.36976,-17.368,-176.545,-177.29,155.75
S02/mask/yawning/S02_yawning_mask_000115.jpg,S02,yawning,mask,mask,,1,0.28043,0.45834,0.37623,-17.375,-179.185,-177.666,155.5
S02/mask/yawning/S02_yawning_mask_000116.jpg,S02,yawning,mask,mask,,1,0.276,0.45952,0.3773,-17.16,-179.19,-178.003,155.73
S02/mask/yawning/S02_yawning_mask_000117.jpg,S02,yawning,mask,mask,,1,0.27673,0.45914,0.37881,-16.001,-177.921,-178.016,155.43
S02/mask/yawning/S02_yawning_mask_000118.jpg,S02,yawning,mask,mask,,1,0.27289,0.4589,0.38166,-15.455,-178.884,-177.496,155.4
S02/mask/yawning/S02_yawning_mask_000119.jpg,S02,yawning,mask,mask,,1,0.17694,0.45686,0.37319,-12.304,174.329,-176.277,155.67
S02/mask/yawning/S02_yawning_mask_000120.jpg,S02,yawning,mask,mask,,1,0.27792,0.45949,0.37554,-17.671,179.11,-177.547,155.3
S02/mask/yawning/S02_yawning_mask_000121.jpg,S02,yawning,mask,mask,,1,0.24564,0.4597,0.37862,-13.616,173.886,-176.125,155.48
S02/mask/yawning/S02_yawning_mask_000122.jpg,S02,yawning,mask,mask,,1,0.2648,0.45998,0.38306,-13.036,174.802,-176.074,155.3
S02/mask/yawning/S02_yawning_mask_000123.jpg,S02,yawning,mask,mask,,1,0.26804,0.46003,0.3797,-13.727,174.329,-176.273,155.37
S02/mask/yawning/S02_yawning_mask_000124.jpg,S02,yawning,mask,mask,,1,0.27776,0.45588,0.3741,-11.597,175.913,-175.365,155.52
S02/mask/yawning/S02_yawning_mask_000125.jpg,S02,yawning,mask,mask,,1,0.28268,0.45853,0.38371,-12.108,173.594,-175.331,155.54
S02/mask/yawning/S02_yawning_mask_000126.jpg,S02,yawning,mask,mask,,1,0.25992,0.45919,0.37108,-12.878,178.407,-175.889,155.47
S02/mask/yawning/S02_yawning_mask_000127.jpg,S02,yawning,mask,mask,,1,0.23261,0.45867,0.36275,-14.836,-179.332,-176.164,155.6
S02/mask/yawning/S02_yawning_mask_000128.jpg,S02,yawning,mask,mask,,1,0.24252,0.45676,0.36165,-19.105,177.842,-176.352,155.24
S02/mask/yawning/S02_yawning_mask_000129.jpg,S02,yawning,mask,mask,,1,0.24364,0.45597,0.36631,-17.064,178.921,-176.681,155.48
S02/mask/yawning/S02_yawning_mask_000130.jpg,S02,yawning,mask,mask,,1,0.24889,0.45852,0.38068,-17.134,179.194,-176.767,155.43
S02/mask/yawning/S02_yawning_mask_000131.jpg,S02,yawning,mask,mask,,1,0.22126,0.46038,0.37815,-14.557,177.468,-174.872,155.49
S02/mask/yawning/S02_yawning_mask_000132.jpg,S02,yawning,mask,mask,,1,0.19978,0.47289,0.38396,-20.988,176.041,-175.639,155.59
S02/mask/yawning/S02_yawning_mask_000133.jpg,S02,yawning,mask,mask,,1,0.27107,0.45639,0.37501,-20.038,-179.256,-174.821,155.26
S02/mask/yawning/S02_yawning_mask_000134.jpg,S02,yawning,mask,mask,,1,0.26781,0.46154,0.37575,-17.792,-177.26,-175.338,155.07
S02/mask/yawning/S02_yawning_mask_000135.jpg,S02,yawning,mask,mask,,1,0.20202,0.45737,0.36569,-18.185,173.541,-173.509,154.85
S02/mask/yawning/S02_yawning_mask_000136.jpg,S02,yawning,mask,mask,,1,0.18954,0.45888,0.36601,-14.757,172.141,-173.511,154.58
S02/mask/yawning/S02_yawning_mask_000137.jpg,S02,yawning,mask,mask,,1,0.22742,0.45904,0.37233,-9.883,176.824,-173.054,154.96
S02/mask/yawning/S02_yawning_mask_000138.jpg,S02,yawning,mask,mask,,1,0.23729,0.45834,0.36565,-12.693,175.122,-174.405,154.89
S02/mask/yawning/S02_yawning_mask_000139.jpg,S02,yawning,mask,mask,,1,0.14809,0.45912,0.35893,-14.291,172.431,-173.612,155.06
S02/mask/yawning/S02_yawning_mask_000140.jpg,S02,yawning,mask,mask,,1,0.23333,0.45949,0.37758,-15.602,174.616,-173.771,155.24
S02/mask/yawning/S02_yawning_mask_000141.jpg,S02,yawning,mask,mask,,1,0.23707,0.46115,0.37785,-15.329,176.151,-174.908,155.35
S02/mask/yawning/S02_yawning_mask_000142.jpg,S02,yawning,mask,mask,,1,0.26621,0.46243,0.38087,-17.698,-179.055,-176.88,155.07
S02/mask/yawning/S02_yawning_mask_000143.jpg,S02,yawning,mask,mask,,1,0.25517,0.4627,0.3718,-13.95,-179.922,-175.114,155.44
S02/mask/yawning/S02_yawning_mask_000144.jpg,S02,yawning,mask,mask,,1,0.24578,0.45775,0.36105,-18.203,178.296,-176.66,155.16
S02/mask/yawning/S02_yawning_mask_000145.jpg,S02,yawning,mask,mask,,1,0.18073,0.45739,0.36323,-15.103,174.694,-176.154,155.17
S02/mask/yawning/S02_yawning_mask_000146.jpg,S02,yawning,mask,mask,,1,0.24087,0.4576,0.37163,-19.112,-179.637,-176.733,155.07
S02/mask/yawning/S02_yawning_mask_000147.jpg,S02,yawning,mask,mask,,1,0.25107,0.45845,0.37598,-16.6,178.661,-175.244,154.97
S02/mask/yawning/S02_yawning_mask_000148.jpg,S02,yawning,mask,mask,,1,0.25566,0.46069,0.3736,-14.732,178.793,-175.623,155.09
S02/mask/yawning/S02_yawning_mask_000149.jpg,S02,yawning,mask,mask,,1,0.26765,0.45875,0.36449,-13.881,178.486,-175.466,154.89
S02/mask/yawning/S02_yawning_mask_000150.jpg,S02,yawning,mask,mask,,1,0.26374,0.45916,0.36482,-14.738,176.419,-175.158,154.97
S02/mask/yawning/S02_yawning_mask_000151.jpg,S02,yawning,mask,mask,,1,0.25032,0.46017,0.36252,-16.78,176.364,-175.304,154.75
S02/mask/yawning/S02_yawning_mask_000152.jpg,S02,yawning,mask,mask,,1,0.22155,0.4604,0.36204,-13.605,175.518,-175.872,154.88
S02/mask/yawning/S02_yawning_mask_000153.jpg,S02,yawning,mask,mask,,1,0.27558,0.45912,0.35483,-16.568,179.409,-176.342,154.8
S02/mask/yawning/S02_yawning_mask_000154.jpg,S02,yawning,mask,mask,,1,0.29347,0.45973,0.36128,-15.996,178.312,-176.42,154.68
S02/mask/yawning/S02_yawning_mask_000155.jpg,S02,yawning,mask,mask,,1,0.29071,0.46218,0.35487,-17.455,-179.549,-176.934,154.62
S02/mask/yawning/S02_yawning_mask_000156.jpg,S02,yawning,mask,mask,,1,0.29404,0.45696,0.36441,-16.776,178.817,-176.43,154.65
S02/mask/yawning/S02_yawning_mask_000157.jpg,S02,yawning,mask,mask,,1,0.29518,0.45758,0.3574,-17.309,-179.67,-176.148,154.63
S02/mask/yawning/S02_yawning_mask_000158.jpg,S02,yawning,mask,mask,,1,0.2921,0.45843,0.35749,-16.381,179.093,-175.857,154.58
S02/mask/yawning/S02_yawning_mask_000159.jpg,S02,yawning,mask,mask,,1,0.27594,0.45915,0.35922,-16.598,-179.95,-176.259,154.62
S02/mask/yawning/S02_yawning_mask_000160.jpg,S02,yawning,mask,mask,,1,0.17015,0.45934,0.36096,-14.99,176.979,-175.278,154.47
S02/mask/yawning/S02_yawning_mask_000161.jpg,S02,yawning,mask,mask,,1,0.25295,0.45931,0.36831,-16.086,177.817,-175.593,154.66
S02/mask/yawning/S02_yawning_mask_000162.jpg,S02,yawning,mask,mask,,1,0.27007,0.45987,0.35981,-17.624,178.732,-175.451,154.57
S02/mask/yawning/S02_yawning_mask_000163.jpg,S02,yawning,mask,mask,,1,0.27141,0.46078,0.36194,-16.667,178.124,-175.096,154.71
S02/mask/yawning/S02_yawning_mask_000164.jpg,S02,yawning,mask,mask,,1,0.27753,0.46055,0.36641,-16.562,178.045,-174.997,154.75
S02/mask/yawning/S02_yawning_mask_000165.jpg,S02,yawning,mask,mask,,1,0.27069,0.46289,0.36613,-18.231,177.261,-176.079,154.73
S02/mask/yawning/S02_yawning_mask_000166.jpg,S02,yawning,mask,mask,,1,0.28317,0.46089,0.35907,-17.58,179.452,-176.073,154.86
S02/mask/yawning/S02_yawning_mask_000167.jpg,S02,yawning,mask,mask,,1,0.27946,0.45995,0.36226,-17.983,178.74,-175.662,154.74
S02/mask/yawning/S02_yawning_mask_000168.jpg,S02,yawning,mask,mask,,1,0.27396,0.45893,0.36805,-17.96,177.519,-175.795,154.78
S02/mask/yawning/S02_yawning_mask_000169.jpg,S02,yawning,mask,mask,,1,0.25572,0.46058,0.36336,-18.447,179.986,-175.445,154.72
S02/mask/yawning/S02_yawning_mask_000170.jpg,S02,yawning,mask,mask,,1,0.22599,0.45953,0.3645,-18.616,179.803,-177.117,154.73
S02/mask/yawning/S02_yawning_mask_000171.jpg,S02,yawning,mask,mask,,1,0.27016,0.46016,0.3592,-17.005,-179.085,-175.317,154.72
S02/mask/yawning/S02_yawning_mask_000172.jpg,S02,yawning,mask,mask,,1,0.28665,0.45923,0.35814,-16.85,179.126,-175.581,154.68
S02/mask/yawning/S02_yawning_mask_000173.jpg,S02,yawning,mask,mask,,1,0.2926,0.45751,0.36117,-16.782,177.423,-175.609,154.7
S02/mask/yawning/S02_yawning_mask_000174.jpg,S02,yawning,mask,mask,,1,0.29037,0.45961,0.35474,-17.086,177.252,-174.968,154.61
S02/mask/yawning/S02_yawning_mask_000175.jpg,S02,yawning,mask,mask,,1,0.31792,0.4585,0.35554,-15.547,173.068,-173.522,154.38
S02/mask/yawning/S02_yawning_mask_000176.jpg,S02,yawning,mask,mask,,1,0.34395,0.45625,0.34849,-15.6,175.015,-174.721,154.26
S02/mask/yawning/S02_yawning_mask_000177.jpg,S02,yawning,mask,mask,,1,0.33673,0.45962,0.34976,-16.363,178.191,-174.131,154.7
S02/mask/yawning/S02_yawning_mask_000178.jpg,S02,yawning,mask,mask,,1,0.30043,0.45876,0.37106,-17.056,175.057,-174.753,154.59
S02/mask/yawning/S02_yawning_mask_000179.jpg,S02,yawning,mask,mask,,1,0.24059,0.4595,0.37021,-17.261,173.933,-174.282,154.72
S02/mask/yawning/S02_yawning_mask_000180.jpg,S02,yawning,mask,mask,,1,0.24955,0.45838,0.36486,-16.635,176.202,-175.431,154.17
S02/mask/yawning/S02_yawning_mask_000181.jpg,S02,yawning,mask,mask,,1,0.28784,0.45838,0.37338,-17.874,174.495,-175.331,154.77
S02/mask/yawning/S02_yawning_mask_000182.jpg,S02,yawning,mask,mask,,1,0.29612,0.458,0.35663,-15.414,178.503,-175.602,154.96
S02/mask/yawning/S02_yawning_mask_000183.jpg,S02,yawning,mask,mask,,1,0.29018,0.45642,0.35852,-14.9,176.178,-174.954,154.04
S02/mask/yawning/S02_yawning_mask_000184.jpg,S02,yawning,mask,mask,,1,0.28551,0.45827,0.37354,-15.172,-179.888,-175.366,154.77
S02/mask/yawning/S02_yawning_mask_000185.jpg,S02,yawning,mask,mask,,1,0.2168,0.45863,0.35811,-16.531,176.002,-177.153,154.24
S02/mask/yawning/S02_yawning_mask_000186.jpg,S02,yawning,mask,mask,,1,0.26598,0.46355,0.36696,-15.572,178.271,-176.508,154.54
S02/mask/yawning/S02_yawning_mask_000187.jpg,S02,yawning,mask,mask,,1,0.29009,0.45997,0.37435,-17.326,178.793,-176.452,154.42
S02/mask/yawning/S02_yawning_mask_000188.jpg,S02,yawning,mask,mask,,1,0.30329,0.45854,0.35952,-16.073,178.092,-175.81,154.39
S02/mask/yawning/S02_yawning_mask_000189.jpg,S02,yawning,mask,mask,,1,0.30425,0.45906,0.3624,-15.407,178.249,-175.621,154.45
S02/mask/yawning/S02_yawning_mask_000190.jpg,S02,yawning,mask,mask,,1,0.30414,0.46029,0.3708,-17.257,179.116,-175.943,154.31
S02/mask/yawning/S02_yawning_mask_000191.jpg,S02,yawning,mask,mask,,1,0.30495,0.45877,0.3678,-16.224,179.062,-176.157,154.42
S02/mask/yawning/S02_yawning_mask_000192.jpg,S02,yawning,mask,mask,,1,0.29828,0.45983,0.36284,-16.002,179.293,-175.015,154.55
S02/mask/yawning/S02_yawning_mask_000193.jpg,S02,yawning,mask,mask,,1,0.29972,0.46017,0.36113,-15.132,-178.055,-175.952,154.57
S02/mask/yawning/S02_yawning_mask_000194.jpg,S02,yawning,mask,mask,,1,0.30318,0.46101,0.3629,-16.283,-178.376,-176.267,154.72
S02/mask/yawning/S02_yawning_mask_000195.jpg,S02,yawning,mask,mask,,1,0.31617,0.45921,0.3553,-16.877,-178.9,-175.893,154.5
S02/mask/yawning/S02_yawning_mask_000196.jpg,S02,yawning,mask,mask,,1,0.28839,0.45816,0.37122,-14.807,-179.214,-175.62,154.68
S02/mask/yawning/S02_yawning_mask_000197.jpg,S02,yawning,mask,mask,,1,0.20383,0.45805,0.37295,-17.754,177.802,-176.927,154.55
S02/mask/yawning/S02_yawning_mask_000198.jpg,S02,yawning,mask,mask,,1,0.26565,0.45879,0.37835,-14.799,179.55,-175.599,154.43
S02/mask/yawning/S02_yawning_mask_000199.jpg,S02,yawning,mask,mask,,1,0.28854,0.46005,0.36983,-17.538,177.649,-176.244,154.41
S02/mask/yawning/S02_yawning_mask_000200.jpg,S02,yawning,mask,mask,,1,0.2937,0.457,0.35934,-15.87,178.901,-175.965,154.14
S02/mask/yawning/S02_yawning_mask_000201.jpg,S02,yawning,mask,mask,,1,0.30505,0.45983,0.35215,-14.245,178.363,-175.444,154.17
S02/mask/yawning/S02_yawning_mask_000202.jpg,S02,yawning,mask,mask,,1,0.30732,0.45783,0.35341,-15.814,179.169,-176.14,153.99
S02/mask/yawning/S02_yawning_mask_000203.jpg,S02,yawning,mask,mask,,1,0.29432,0.45841,0.34855,-12.235,-178.519,-174.917,153.91
S02/mask/yawning/S02_yawning_mask_000204.jpg,S02,yawning,mask,mask,,1,0.29006,0.4592,0.33897,-13.966,179.258,-175.551,153.8
S02/mask/yawning/S02_yawning_mask_000205.jpg,S02,yawning,mask,mask,,1,0.29902,0.45972,0.34486,-15.147,-179.382,-175.457,153.57
S02/mask/yawning/S02_yawning_mask_000206.jpg,S02,yawning,mask,mask,,1,0.29325,0.45877,0.34443,-15.914,-179.415,-175.631,153.71
S02/mask/yawning/S02_yawning_mask_000207.jpg,S02,yawning,mask,mask,,1,0.27352,0.45855,0.34517,-14.393,-178.807,-175.242,153.52
S02/mask/yawning/S02_yawning_mask_000208.jpg,S02,yawning,mask,mask,,1,0.2693,0.45811,0.34098,-15.424,-179.941,-175.487,153.4
S02/mask/yawning/S02_yawning_mask_000209.jpg,S02,yawning,mask,mask,,1,0.27491,0.45703,0.33831,-14.423,-179.1,-175.025,153.46
S02/mask/yawning/S02_yawning_mask_000210.jpg,S02,yawning,mask,mask,,1,0.29243,0.45778,0.32937,-15.088,179.662,-175.548,153.58
S02/mask/yawning/S02_yawning_mask_000211.jpg,S02,yawning,mask,mask,,1,0.28898,0.46001,0.34235,-15.887,178.59,-175.417,153.65
S02/mask/yawning/S02_yawning_mask_000212.jpg,S02,yawning,mask,mask,,1,0.28907,0.45767,0.34482,-16.302,175.924,-175.007,153.8
S02/mask/yawning/S02_yawning_mask_000213.jpg,S02,yawning,mask,mask,,1,0.31492,0.45738,0.34466,-17.225,179.156,-175.422,153.79
S02/mask/yawning/S02_yawning_mask_000214.jpg,S02,yawning,mask,mask,,1,0.32119,0.46095,0.3428,-20.03,178.334,-174.323,153.97
S02/mask/yawning/S02_yawning_mask_000215.jpg,S02,yawning,mask,mask,,1,0.31244,0.46095,0.35573,-17.997,-179.993,-175.113,153.97
S02/mask/yawning/S02_yawning_mask_000216.jpg,S02,yawning,mask,mask,,1,0.26301,0.45556,0.3557,-18.164,179.085,-176.146,153.97
S02/mask/yawning/S02_yawning_mask_000217.jpg,S02,yawning,mask,mask,,1,0.2765,0.45536,0.35562,-22.61,176.102,-174.655,153.2
S02/mask/yawning/S02_yawning_mask_000218.jpg,S02,yawning,mask,mask,,1,0.28203,0.4587,0.35453,-26.199,178.742,-176.782,152.6
S02/mask/yawning/S02_yawning_mask_000219.jpg,S02,yawning,mask,mask,,1,0.2328,0.45898,0.34384,-25.963,-175.925,-179.392,152.57
S02/mask/yawning/S02_yawning_mask_000220.jpg,S02,yawning,mask,mask,,1,0.19987,0.45785,0.34161,-21.133,179.458,-176.964,152.97
S02/mask/yawning/S02_yawning_mask_000221.jpg,S02,yawning,mask,mask,,1,0.28514,0.45646,0.34887,-20.254,179.068,-176.315,153.48
S02/mask/yawning/S02_yawning_mask_000222.jpg,S02,yawning,mask,mask,,1,0.29165,0.46124,0.35147,-19.173,176.894,-175.971,153.77
S02/mask/yawning/S02_yawning_mask_000223.jpg,S02,yawning,mask,mask,,1,0.28707,0.46219,0.35955,-18.98,178.894,-176.248,153.92
S02/mask/yawning/S02_yawning_mask_000224.jpg,S02,yawning,mask,mask,,1,0.29467,0.45984,0.35257,-19.311,178.546,-175.761,153.82
S02/mask/yawning/S02_yawning_mask_000225.jpg,S02,yawning,mask,mask,,1,0.31143,0.45655,0.35336,-20.507,177.958,-176.374,153.79
S02/mask/yawning/S02_yawning_mask_000226.jpg,S02,yawning,mask,mask,,1,0.30693,0.45677,0.3495,-19.792,-179.849,-176.231,153.88
S02/mask/yawning/S02_yawning_mask_000227.jpg,S02,yawning,mask,mask,,1,0.29784,0.45883,0.35416,-18.884,-179.458,-175.902,153.89
S02/mask/yawning/S02_yawning_mask_000228.jpg,S02,yawning,mask,mask,,1,0.22777,0.45799,0.35853,-15.903,177.877,-175.079,153.88
S02/mask/yawning/S02_yawning_mask_000229.jpg,S02,yawning,mask,mask,,1,0.28036,0.45998,0.34915,-18.999,179.806,-175.439,153.88
S02/mask/yawning/S02_yawning_mask_000230.jpg,S02,yawning,mask,mask,,1,0.30904,0.45945,0.34428,-17.53,177.752,-174.262,153.79
S02/mask/yawning/S02_yawning_mask_000231.jpg,S02,yawning,mask,mask,,1,0.3249,0.45791,0.35229,-15.727,174.735,-175.665,153.56
S02/mask/yawning/S02_yawning_mask_000232.jpg,S02,yawning,mask,mask,,1,0.34173,0.45787,0.3365,-16.447,176.456,-175.525,153.55
S02/mask/yawning/S02_yawning_mask_000233.jpg,S02,yawning,mask,mask,,1,0.31138,0.4603,0.35058,-18.879,177.836,-175.76,153.64
S02/mask/yawning/S02_yawning_mask_000234.jpg,S02,yawning,mask,mask,,1,0.20991,0.45911,0.35177,-18.178,179.368,-175.716,153.73
S02/mask/yawning/S02_yawning_mask_000235.jpg,S02,yawning,mask,mask,,1,0.23946,0.4558,0.36599,-15.724,175.379,-174.699,153.92
S02/mask/yawning/S02_yawning_mask_000236.jpg,S02,yawning,mask,mask,,1,0.27004,0.45935,0.36562,-15.894,177.094,-175.194,153.96
S02/mask/yawning/S02_yawning_mask_000237.jpg,S02,yawning,mask,mask,,1,0.29933,0.45786,0.35873,-17.146,176.998,-175.421,154.02
S02/mask/yawning/S02_yawning_mask_000238.jpg,S02,yawning,mask,mask,,1,0.30123,0.46101,0.35722,-17.445,-179.724,-176.003,153.99
S02/mask/yawning/S02_yawning_mask_000239.jpg,S02,yawning,mask,mask,,1,0.29797,0.45983,0.35925,-17.883,179.331,-175.405,154.04
S02/mask/yawning/S02_yawning_mask_000240.jpg,S02,yawning,mask,mask,,1,0.31152,0.4606,0.36326,-19.986,177.766,-174.405,154.04
S02/mask/yawning/S02_yawning_mask_000241.jpg,S02,yawning,mask,mask,,1,0.30771,0.45988,0.35443,-19.263,179.054,-174.251,154.06
S02/mask/yawning/S02_yawning_mask_000242.jpg,S02,yawning,mask,mask,,1,0.30717,0.45959,0.35231,-19.614,-179.426,-175.021,153.98
S02/mask/yawning/S02_yawning_mask_000243.jpg,S02,yawning,mask,mask,,1,0.31009,0.45897,0.35492,-18.422,179.375,-174.832,153.92
S02/mask/yawning/S02_yawning_mask_000244.jpg,S02,yawning,mask,mask,,1,0.30748,0.45853,0.35534,-18.023,-178.433,-175.425,153.94
S02/mask/yawning/S02_yawning_mask_000245.jpg,S02,yawning,mask,mask,,1,0.31011,0.45815,0.35066,-17.514,-178.798,-175.385,153.94
S02/mask/yawning/S02_yawning_mask_000246.jpg,S02,yawning,mask,mask,,1,0.29456,0.45915,0.35381,-17.772,-177.712,-175.345,154.01
S02/mask/yawning/S02_yawning_mask_000247.jpg,S02,yawning,mask,mask,,1,0.25456,0.45691,0.34816,-18.239,179.096,-175.739,153.99
S02/mask/yawning/S02_yawning_mask_000248.jpg,S02,yawning,mask,mask,,1,0.28451,0.45909,0.3525,-17.128,179.472,-175.67,153.97
S02/mask/yawning/S02_yawning_mask_000249.jpg,S02,yawning,mask,mask,,1,0.28267,0.46028,0.35094,-17.549,179.94,-175.165,153.97
S02/mask/yawning/S02_yawning_mask_000250.jpg,S02,yawning,mask,mask,,1,0.28701,0.46111,0.3458,-18.925,-179.367,-175.945,153.96
S02/mask/yawning/S02_yawning_mask_000251.jpg,S02,yawning,mask,mask,,1,0.30963,0.45968,0.34563,-18.585,-179.906,-176.154,153.9
S02/mask/yawning/S02_yawning_mask_000252.jpg,S02,yawning,mask,mask,,1,0.30544,0.46051,0.34665,-18.45,179.427,-175.763,153.92
S02/mask/yawning/S02_yawning_mask_000253.jpg,S02,yawning,mask,mask,,1,0.30894,0.46098,0.35029,-19.646,179.833,-176.007,153.88
S02/mask/yawning/S02_yawning_mask_000254.jpg,S02,yawning,mask,mask,,1,0.2599,0.46095,0.35337,-16.873,-178.563,-176.259,153.84
S02/mask/yawning/S02_yawning_mask_000255.jpg,S02,yawning,mask,mask,,1,0.17897,0.45959,0.35541,-15.603,176.601,-174.274,153.86
S02/mask/yawning/S02_yawning_mask_000256.jpg,S02,yawning,mask,mask,,1,0.24947,0.45993,0.35752,-15.776,178.68,-174.86,153.87
S02/mask/yawning/S02_yawning_mask_000257.jpg,S02,yawning,mask,mask,,1,0.27055,0.45914,0.36022,-16.476,179.765,-175.37,153.88
S02/mask/yawning/S02_yawning_mask_000258.jpg,S02,yawning,mask,mask,,1,0.27804,0.45968,0.36617,-16.799,178.005,-175.552,153.93
S02/mask/yawning/S02_yawning_mask_000259.jpg,S02,yawning,mask,mask,,1,0.27823,0.46065,0.36127,-16.103,178.975,-175.569,153.88
S02/mask/yawning/S02_yawning_mask_000260.jpg,S02,yawning,mask,mask,,1,0.28214,0.46003,0.36118,-17.482,177.851,-175.917,153.87
S02/mask/yawning/S02_yawning_mask_000261.jpg,S02,yawning,mask,mask,,1,0.27592,0.45948,0.3643,-16.392,177.299,-175.636,153.91
S02/mask/yawning/S02_yawning_mask_000262.jpg,S02,yawning,mask,mask,,1,0.28712,0.45985,0.36456,-16.842,177.055,-175.553,153.99
S02/mask/yawning/S02_yawning_mask_000263.jpg,S02,yawning,mask,mask,,1,0.28286,0.46019,0.37095,-17.098,177.607,-175.387,154.22
S02/mask/yawning/S02_yawning_mask_000264.jpg,S02,yawning,mask,mask,,1,0.28694,0.46161,0.36111,-16.888,176.818,-175.065,154.47
S02/mask/yawning/S02_yawning_mask_000265.jpg,S02,yawning,mask,mask,,1,0.29766,0.45873,0.37357,-18.5,175.374,-175.165,154.66
S02/mask/yawning/S02_yawning_mask_000266.jpg,S02,yawning,mask,mask,,1,0.30082,0.46063,0.3656,-18.119,179.089,-175.04,154.93
S02/mask/yawning/S02_yawning_mask_000267.jpg,S02,yawning,mask,mask,,1,0.30183,0.45966,0.36059,-18.493,178.335,-175.311,154.92
S02/mask/yawning/S02_yawning_mask_000268.jpg,S02,yawning,mask,mask,,1,0.29889,0.46196,0.35578,-18.705,179.239,-175.508,154.92
S02/mask/yawning/S02_yawning_mask_000269.jpg,S02,yawning,mask,mask,,1,0.30085,0.46112,0.35722,-18.355,179.376,-175.221,154.82
S02/mask/yawning/S02_yawning_mask_000270.jpg,S02,yawning,mask,mask,,1,0.25102,0.46221,0.36491,-18.144,177.135,-175.455,154.83
S02/mask/yawning/S02_yawning_mask_000271.jpg,S02,yawning,mask,mask,,1,0.25312,0.46081,0.36315,-16.82,178.108,-174.905,154.78
S02/mask/yawning/S02_yawning_mask_000272.jpg,S02,yawning,mask,mask,,1,0.29178,0.46019,0.35667,-17.482,179.472,-175.48,154.69
S02/mask/yawning/S02_yawning_mask_000273.jpg,S02,yawning,mask,mask,,1,0.2986,0.46045,0.35687,-17.148,179.478,-175.585,154.9
S02/mask/yawning/S02_yawning_mask_000274.jpg,S02,yawning,mask,mask,,1,0.30284,0.4593,0.36021,-16.593,179.363,-175.413,154.83
S02/mask/yawning/S02_yawning_mask_000275.jpg,S02,yawning,mask,mask,,1,0.301,0.4602,0.35937,-16.605,-179.022,-175.538,154.9
S02/mask/yawning/S02_yawning_mask_000276.jpg,S02,yawning,mask,mask,,1,0.30979,0.45898,0.35817,-15.848,-179.701,-175.577,154.77
S02/mask/yawning/S02_yawning_mask_000277.jpg,S02,yawning,mask,mask,,1,0.22692,0.46077,0.37555,-14.158,177.666,-174.773,154.74
S02/mask/yawning/S02_yawning_mask_000278.jpg,S02,yawning,mask,mask,,1,0.27733,0.45941,0.362,-17.72,178.888,-175.866,154.56
S02/mask/yawning/S02_yawning_mask_000279.jpg,S02,yawning,mask,mask,,1,0.29695,0.46106,0.36359,-18.431,178.447,-176.194,154.56
S02/mask/yawning/S02_yawning_mask_000280.jpg,S02,yawning,mask,mask,,1,0.30955,0.45989,0.36556,-17.414,177.325,-176.157,154.56
S02/mask/yawning/S02_yawning_mask_000281.jpg,S02,yawning,mask,mask,,1,0.30527,0.4585,0.36355,-16.132,175.676,-175.996,154.62
S02/mask/yawning/S02_yawning_mask_000282.jpg,S02,yawning,mask,mask,,1,0.3026,0.45785,0.36208,-16.387,176.638,-176.406,154.63
S02/mask/yawning/S02_yawning_mask_000283.jpg,S02,yawning,mask,mask,,1,0.20731,0.45958,0.3616,-18.137,174.495,-176.793,154.63
S02/mask/yawning/S02_yawning_mask_000284.jpg,S02,yawning,mask,mask,,1,0.19048,0.46055,0.35737,-18.105,179.925,-179.542,154.58
S02/mask/yawning/S02_yawning_mask_000285.jpg,S02,yawning,mask,mask,,1,0.18801,0.46045,0.36924,-16.384,174.202,-177.338,154.73
S02/mask/yawning/S02_yawning_mask_000286.jpg,S02,yawning,mask,mask,,1,0.28703,0.45968,0.35859,-17.01,177.664,-175.665,154.7
S02/mask/yawning/S02_yawning_mask_000287.jpg,S02,yawning,mask,mask,,1,0.29792,0.4672,0.35523,-19.024,177.879,-175.794,154.81
S02/mask/yawning/S02_yawning_mask_000288.jpg,S02,yawning,mask,mask,,1,0.30812,0.46452,0.35366,-19.744,177.38,-175.554,154.76
S02/mask/yawning/S02_yawning_mask_000289.jpg,S02,yawning,mask,mask,,1,0.31151,0.46265,0.35585,-17.728,177.146,-175.181,154.73
S02/mask/yawning/S02_yawning_mask_000290.jpg,S02,yawning,mask,mask,,1,0.27601,0.46224,0.3587,-17.461,-179.294,-175.392,154.76
S02/mask/yawning/S02_yawning_mask_000291.jpg,S02,yawning,mask,mask,,1,0.24732,0.45954,0.3625,-16.967,178.228,-175.821,154.73
S02/mask/yawning/S02_yawning_mask_000292.jpg,S02,yawning,mask,mask,,1,0.29434,0.46104,0.36507,-18.302,176.708,-175.331,154.69
S02/mask/yawning/S02_yawning_mask_000293.jpg,S02,yawning,mask,mask,,1,0.29737,0.45877,0.36533,-17.01,177.525,-174.901,154.75
S02/mask/yawning/S02_yawning_mask_000294.jpg,S02,yawning,mask,mask,,1,0.29888,0.46001,0.35953,-17.13,177.335,-175.619,154.63
S02/mask/yawning/S02_yawning_mask_000295.jpg,S02,yawning,mask,mask,,1,0.23218,0.45915,0.36651,-18.468,177.26,-176.688,154.59
S02/mask/yawning/S02_yawning_mask_000296.jpg,S02,yawning,mask,mask,,1,0.27088,0.45761,0.35888,-16.387,178.874,-175.06,154.62
S02/mask/yawning/S02_yawning_mask_000297.jpg,S02,yawning,mask,mask,,1,0.28911,0.4607,0.36612,-16.568,178.844,-175.669,154.63
S02/mask/yawning/S02_yawning_mask_000298.jpg,S02,yawning,mask,mask,,1,0.29312,0.45968,0.36173,-16.356,178.727,-175.79,154.59
S02/mask/yawning/S02_yawning_mask_000299.jpg,S02,yawning,mask,mask,,1,0.29608,0.45822,0.35699,-15.554,179.627,-176.044,154.63
S02/mask/yawning/S02_yawning_mask_000300.jpg,S02,yawning,mask,mask,,1,0.22644,0.45782,0.36794,-16.36,177.355,-175.792,154.6
S02/mask/yawning/S02_yawning_mask_000301.jpg,S02,yawning,mask,mask,,1,0.26116,0.45846,0.37474,-15.521,177.033,-175.155,154.64
S02/mask/yawning/S02_yawning_mask_000302.jpg,S02,yawning,mask,mask,,1,0.2583,0.45968,0.3661,-14.74,177.272,-175.771,154.68
S02/mask/yawning/S02_yawning_mask_000303.jpg,S02,yawning,mask,mask,,1,0.27714,0.45969,0.36196,-13.846,178.988,-175.433,154.64
S02/mask/yawning/S02_yawning_mask_000304.jpg,S02,yawning,mask,mask,,1,0.18705,0.46112,0.35936,-14.253,174.951,-175.984,154.58
S02/mask/yawning/S02_yawning_mask_000305.jpg,S02,yawning,mask,mask,,1,0.27996,0.46103,0.3602,-16.107,176.309,-176.508,154.52
S02/mask/yawning/S02_yawning_mask_000306.jpg,S02,yawning,mask,mask,,1,0.30093,0.46153,0.35687,-15.937,175.363,-176.46,154.53
S02/mask/yawning/S02_yawning_mask_000307.jpg,S02,yawning,mask,mask,,1,0.30888,0.4595,0.34783,-15.841,175.022,-175.652,154.51
S02/mask/yawning/S02_yawning_mask_000308.jpg,S02,yawning,mask,mask,,1,0.3059,0.46063,0.35326,-15.842,177.361,-176.242,154.52
S02/mask/yawning/S02_yawning_mask_000309.jpg,S02,yawning,mask,mask,,1,0.31422,0.46034,0.34719,-17.309,178.856,-176.416,154.53
S02/mask/yawning/S02_yawning_mask_000310.jpg,S02,yawning,mask,mask,,1,0.30374,0.46133,0.34715,-17.17,-179.892,-176.874,154.47
S02/mask/yawning/S02_yawning_mask_000311.jpg,S02,yawning,mask,mask,,1,0.21291,0.45902,0.35384,-15.376,177.901,-177.438,154.48
S02/mask/yawning/S02_yawning_mask_000312.jpg,S02,yawning,mask,mask,,1,0.26147,0.46011,0.35938,-15.654,175.585,-176.64,154.44
S02/mask/yawning/S02_yawning_mask_000313.jpg,S02,yawning,mask,mask,,1,0.27606,0.46109,0.36064,-14.72,174.838,-175.972,154.45
S02/mask/yawning/S02_yawning_mask_000314.jpg,S02,yawning,mask,mask,,1,0.24674,0.46047,0.3507,-18.43,176.105,-176.405,154.45
S02/mask/yawning/S02_yawning_mask_000315.jpg,S02,yawning,mask,mask,,1,0.27573,0.46148,0.3586,-16.384,177.915,-177.127,154.5
S02/mask/yawning/S02_yawning_mask_000316.jpg,S02,yawning,mask,mask,,1,0.30154,0.45988,0.34744,-13.798,177.523,-175.799,154.53
S02/mask/yawning/S02_yawning_mask_000317.jpg,S02,yawning,mask,mask,,1,0.2866,0.46124,0.35429,-15.69,177.878,-176.413,154.53
S02/mask/yawning/S02_yawning_mask_000318.jpg,S02,yawning,mask,mask,,1,0.30158,0.45929,0.35382,-15.938,175.902,-176.299,154.56
S02/mask/yawning/S02_yawning_mask_000319.jpg,S02,yawning,mask,mask,,1,0.30642,0.46092,0.3567,-15.887,175.999,-176.219,154.61
S02/mask/yawning/S02_yawning_mask_000320.jpg,S02,yawning,mask,mask,,1,0.30125,0.46023,0.36039,-15.848,176.284,-176.287,154.57
S02/mask/yawning/S02_yawning_mask_000321.jpg,S02,yawning,mask,mask,,1,0.29831,0.4595,0.36376,-15.591,177.363,-176.686,154.55
S02/mask/yawning/S02_yawning_mask_000322.jpg,S02,yawning,mask,mask,,1,0.31354,0.46028,0.35437,-14.477,177.161,-176.002,154.45
S02/mask/yawning/S02_yawning_mask_000323.jpg,S02,yawning,mask,mask,,1,0.22126,0.46083,0.35595,-13.445,178.127,-177.011,154.46
S02/mask/yawning/S02_yawning_mask_000324.jpg,S02,yawning,mask,mask,,1,0.26806,0.46025,0.3508,-14.092,178.468,-176.855,154.49
S02/mask/yawning/S02_yawning_mask_000325.jpg,S02,yawning,mask,mask,,1,0.28451,0.45991,0.35456,-15.084,177.959,-176.653,154.4
S02/mask/yawning/S02_yawning_mask_000326.jpg,S02,yawning,mask,mask,,1,0.29311,0.46107,0.35466,-14.506,179.878,-176.774,154.47
S02/mask/yawning/S02_yawning_mask_000327.jpg,S02,yawning,mask,mask,,1,0.30315,0.45738,0.34827,-11.306,176.608,-175.715,154.46
S02/mask/yawning/S02_yawning_mask_000328.jpg,S02,yawning,mask,mask,,1,0.29862,0.45859,0.35892,-14.23,176.811,-176.936,154.49
S02/mask/yawning/S02_yawning_mask_000329.jpg,S02,yawning,mask,mask,,1,0.3112,0.46034,0.35767,-17.058,176.188,-176.773,154.32
S02/mask/yawning/S02_yawning_mask_000330.jpg,S02,yawning,mask,mask,,1,0.31488,0.4602,0.35245,-14.404,176.797,-176.665,154.51
S02/mask/yawning/S02_yawning_mask_000331.jpg,S02,yawning,mask,mask,,1,0.29909,0.45973,0.35464,-15.739,178.347,-176.749,154.48
S02/mask/yawning/S02_yawning_mask_000332.jpg,S02,yawning,mask,mask,,1,0.30039,0.45988,0.35245,-15.4,178.8,-176.903,154.53
S02/mask/yawning/S02_yawning_mask_000333.jpg,S02,yawning,mask,mask,,1,0.21949,0.45982,0.35245,-13.422,177.756,-177.107,154.53
S02/mask/yawning/S02_yawning_mask_000334.jpg,S02,yawning,mask,mask,,1,0.28279,0.45991,0.35306,-13.84,179.353,-176.05,154.5
S02/mask/yawning/S02_yawning_mask_000335.jpg,S02,yawning,mask,mask,,1,0.29618,0.46046,0.35956,-15.17,177.0,-176.836,154.58
S02/mask/yawning/S02_yawning_mask_000336.jpg,S02,yawning,mask,mask,,1,0.29857,0.46038,0.35282,-15.087,-179.786,-176.805,154.53
S02/mask/yawning/S02_yawning_mask_000337.jpg,S02,yawning,mask,mask,,1,0.30529,0.45987,0.35977,-13.635,176.563,-176.669,154.54
S02/mask/yawning/S02_yawning_mask_000338.jpg,S02,yawning,mask,mask,,1,0.30923,0.46086,0.35787,-15.359,175.733,-176.587,154.44
S02/mask/yawning/S02_yawning_mask_000339.jpg,S02,yawning,mask,mask,,1,0.19389,0.46002,0.34735,-12.532,176.871,-176.876,154.46
S02/mask/yawning/S02_yawning_mask_000340.jpg,S02,yawning,mask,mask,,1,0.257,0.46065,0.36361,-13.953,174.769,-176.242,154.26
S02/mask/yawning/S02_yawning_mask_000341.jpg,S02,yawning,mask,mask,,1,0.25727,0.45993,0.3609,-11.836,-179.465,-176.222,154.28
S02/mask/yawning/S02_yawning_mask_000342.jpg,S02,yawning,mask,mask,,1,0.28143,0.4607,0.36018,-13.597,178.718,-176.725,154.1
S02/mask/yawning/S02_yawning_mask_000343.jpg,S02,yawning,mask,mask,,1,0.29048,0.45753,0.3525,-11.282,178.448,-176.175,154.06
S02/mask/yawning/S02_yawning_mask_000344.jpg,S02,yawning,mask,mask,,1,0.30821,0.45795,0.34619,-12.975,178.073,-176.43,153.97
S02/mask/yawning/S02_yawning_mask_000345.jpg,S02,yawning,mask,mask,,1,0.30858,0.45858,0.3439,-11.296,179.638,-176.2,153.95
S02/mask/yawning/S02_yawning_mask_000346.jpg,S02,yawning,mask,mask,,1,0.30694,0.45796,0.34767,-10.247,179.824,-176.078,153.94
S02/mask/yawning/S02_yawning_mask_000347.jpg,S02,yawning,mask,mask,,1,0.30504,0.45744,0.34354,-9.973,-179.94,-176.367,154.06
S02/mask/yawning/S02_yawning_mask_000348.jpg,S02,yawning,mask,mask,,1,0.31827,0.45968,0.34606,-12.749,-179.044,-176.015,153.96
S02/mask/yawning/S02_yawning_mask_000349.jpg,S02,yawning,mask,mask,,1,0.27083,0.45668,0.34459,-12.854,-178.88,-176.195,154.06
S02/mask/yawning/S02_yawning_mask_000350.jpg,S02,yawning,mask,mask,,1,0.22643,0.45825,0.35158,-12.8,179.029,-176.857,154.04
S02/mask/yawning/S02_yawning_mask_000351.jpg,S02,yawning,mask,mask,,1,0.29403,0.46014,0.34934,-14.53,176.957,-176.746,153.9
S02/mask/yawning/S02_yawning_mask_000352.jpg,S02,yawning,mask,mask,,1,0.30318,0.4599,0.34276,-14.128,177.501,-177.232,153.82
S02/mask/yawning/S02_yawning_mask_000353.jpg,S02,yawning,mask,mask,,1,0.30339,0.46073,0.34577,-13.896,178.519,-176.819,153.91
S02/mask/yawning/S02_yawning_mask_000354.jpg,S02,yawning,mask,mask,,1,0.31146,0.46006,0.34277,-12.889,179.393,-176.914,153.99
S02/mask/yawning/S02_yawning_mask_000355.jpg,S02,yawning,mask,mask,,1,0.30756,0.46019,0.3486,-14.681,177.951,-176.84,154.03
S02/mask/yawning/S02_yawning_mask_000356.jpg,S02,yawning,mask,mask,,1,0.31095,0.45894,0.35031,-13.536,179.394,-176.975,154.0
S02/mask/yawning/S02_yawning_mask_000357.jpg,S02,yawning,mask,mask,,1,0.30501,0.46026,0.35422,-14.269,178.916,-176.881,154.08
S02/mask/yawning/S02_yawning_mask_000358.jpg,S02,yawning,mask,mask,,1,0.30278,0.45985,0.3482,-14.294,179.311,-177.091,153.9
S02/mask/yawning/S02_yawning_mask_000359.jpg,S02,yawning,mask,mask,,1,0.22779,0.4608,0.35425,-12.578,176.837,-176.449,153.94
S02/mask/yawning/S02_yawning_mask_000360.jpg,S02,yawning,mask,mask,,1,0.22911,0.46056,0.35063,-13.341,178.366,-176.785,153.96
S02/mask/yawning/S02_yawning_mask_000361.jpg,S02,yawning,mask,mask,,1,0.28755,0.45983,0.35688,-14.431,177.876,-176.681,154.01
S02/mask/yawning/S02_yawning_mask_000362.jpg,S02,yawning,mask,mask,,1,0.28274,0.46058,0.35392,-13.393,177.707,-176.821,154.1
S02/mask/yawning/S02_yawning_mask_000363.jpg,S02,yawning,mask,mask,,1,0.28535,0.45968,0.35241,-13.782,178.613,-176.764,154.2
S02/mask/yawning/S02_yawning_mask_000364.jpg,S02,yawning,mask,mask,,1,0.19318,0.46102,0.35665,-13.052,175.438,-177.267,154.16
S02/mask/yawning/S02_yawning_mask_000365.jpg,S02,yawning,mask,mask,,1,0.25505,0.46048,0.36392,-16.165,175.964,-176.58,154.22
S02/mask/yawning/S02_yawning_mask_000366.jpg,S02,yawning,mask,mask,,1,0.27588,0.46036,0.36435,-14.716,175.086,-176.29,154.18
S02/mask/yawning/S02_yawning_mask_000367.jpg,S02,yawning,mask,mask,,1,0.27849,0.45919,0.35373,-13.687,178.093,-176.295,154.3
S02/mask/yawning/S02_yawning_mask_000368.jpg,S02,yawning,mask,mask,,1,0.27768,0.4612,0.36902,-15.313,175.02,-176.568,154.32
S02/mask/yawning/S02_yawning_mask_000369.jpg,S02,yawning,mask,mask,,1,0.29238,0.4629,0.36248,-13.255,177.215,-176.456,154.43
S02/mask/yawning/S02_yawning_mask_000370.jpg,S02,yawning,mask,mask,,1,0.29394,0.45873,0.35986,-14.873,176.895,-176.741,154.12
S02/mask/yawning/S02_yawning_mask_000371.jpg,S02,yawning,mask,mask,,1,0.30807,0.46329,0.38303,-11.403,177.099,-175.645,154.58
S02/mask/yawning/S02_yawning_mask_000372.jpg,S02,yawning,mask,mask,,1,0.28915,0.45701,0.39087,-13.488,176.632,-176.689,154.88
S02/mask/yawning/S02_yawning_mask_000373.jpg,S02,yawning,mask,mask,,1,0.29811,0.46072,0.3872,-13.587,174.315,-176.005,154.55
S02/mask/yawning/S02_yawning_mask_000374.jpg,S02,yawning,mask,mask,,1,0.28603,0.46116,0.38884,-15.839,176.967,-176.811,154.16
S02/mask/yawning/S02_yawning_mask_000375.jpg,S02,yawning,mask,mask,,1,0.26778,0.45652,0.39952,-11.125,-179.782,-174.752,153.7
S02/mask/yawning/S02_yawning_mask_000376.jpg,S02,yawning,mask,mask,,1,0.30193,0.45311,0.4079,-8.547,175.187,-175.459,152.47
S02/mask/yawning/S02_yawning_mask_000377.jpg,S02,yawning,mask,mask,,1,0.3095,0.46242,0.38339,-10.473,177.319,-175.692,151.67
S02/mask/yawning/S02_yawning_mask_000378.jpg,S02,yawning,mask,mask,,1,0.30646,0.45888,0.36469,-8.296,176.37,-175.273,151.37
S02/mask/yawning/S02_yawning_mask_000379.jpg,S02,yawning,mask,mask,,1,0.31535,0.46023,0.36448,-10.335,179.448,-176.42,151.4
S02/mask/yawning/S02_yawning_mask_000380.jpg,S02,yawning,mask,mask,,1,0.30959,0.4659,0.35791,-7.731,176.506,-176.784,152.08
S02/mask/yawning/S02_yawning_mask_000381.jpg,S02,yawning,mask,mask,,1,0.30932,0.46028,0.36469,-7.363,176.193,-176.837,152.11
S02/mask/yawning/S02_yawning_mask_000382.jpg,S02,yawning,mask,mask,,1,0.22625,0.45978,0.37859,-2.67,174.3,-175.027,152.22
S02/mask/yawning/S02_yawning_mask_000383.jpg,S02,yawning,mask,mask,,1,0.25001,0.46132,0.36915,-2.79,177.113,-175.576,152.31
S02/mask/yawning/S02_yawning_mask_000384.jpg,S02,yawning,mask,mask,,1,0.2677,0.45803,0.37336,-3.263,176.453,-175.585,152.46
S02/mask/yawning/S02_yawning_mask_000385.jpg,S02,yawning,mask,mask,,1,0.28281,0.45806,0.36938,-5.377,178.193,-175.49,152.61
S02/mask/yawning/S02_yawning_mask_000386.jpg,S02,yawning,mask,mask,,1,0.28087,0.45818,0.37048,-7.191,178.107,-175.721,152.68
S02/mask/yawning/S02_yawning_mask_000387.jpg,S02,yawning,mask,mask,,1,0.24866,0.46552,0.36446,-5.139,175.912,-175.896,152.64
S02/mask/yawning/S02_yawning_mask_000388.jpg,S02,yawning,mask,mask,,1,0.28537,0.45999,0.36296,-8.105,-178.975,-175.935,152.64
S02/mask/yawning/S02_yawning_mask_000389.jpg,S02,yawning,mask,mask,,1,0.29058,0.4605,0.35293,-10.719,-179.136,-176.175,152.72
S02/mask/yawning/S02_yawning_mask_000390.jpg,S02,yawning,mask,mask,,1,0.29159,0.46081,0.34505,-10.124,-177.504,-176.269,152.87
S02/mask/yawning/S02_yawning_mask_000391.jpg,S02,yawning,mask,mask,,1,0.2982,0.46099,0.35573,-10.087,179.337,-176.128,152.89
S02/mask/yawning/S02_yawning_mask_000392.jpg,S02,yawning,mask,mask,,1,0.29768,0.45902,0.35068,-9.222,179.335,-176.214,152.83
S02/mask/yawning/S02_yawning_mask_000393.jpg,S02,yawning,mask,mask,,1,0.2962,0.45831,0.35247,-10.934,-179.85,-176.439,152.84
S02/mask/yawning/S02_yawning_mask_000394.jpg,S02,yawning,mask,mask,,1,0.20213,0.46087,0.35517,-9.442,175.939,-175.279,152.86
S02/mask/yawning/S02_yawning_mask_000395.jpg,S02,yawning,mask,mask,,1,0.2612,0.46079,0.36474,-9.708,176.07,-176.155,153.24
S02/mask/yawning/S02_yawning_mask_000396.jpg,S02,yawning,mask,mask,,1,0.26716,0.45891,0.36542,-9.43,176.965,-175.906,153.46
S02/mask/yawning/S02_yawning_mask_000397.jpg,S02,yawning,mask,mask,,1,0.27085,0.46009,0.36853,-9.62,177.263,-176.179,153.52
S02/mask/yawning/S02_yawning_mask_000398.jpg,S02,yawning,mask,mask,,1,0.27626,0.45738,0.36989,-8.643,-179.121,-175.188,151.6
S02/mask/yawning/S02_yawning_mask_000399.jpg,S02,yawning,mask,mask,,1,0.2823,0.45944,0.37333,-7.954,177.12,-175.631,150.22
S02/mask/yawning/S02_yawning_mask_000400.jpg,S02,yawning,mask,mask,,1,0.27939,0.45781,0.36033,-8.17,179.349,-175.671,149.06
S02/mask/yawning/S02_yawning_mask_000401.jpg,S02,yawning,mask,mask,,1,0.27943,0.45865,0.36182,-8.564,-179.64,-175.862,148.82
S02/mask/yawning/S02_yawning_mask_000402.jpg,S02,yawning,mask,mask,,1,0.28007,0.45947,0.36271,-8.906,-178.585,-175.883,148.72
S02/mask/yawning/S02_yawning_mask_000403.jpg,S02,yawning,mask,mask,,1,0.17734,0.46216,0.37759,-5.689,175.417,-174.719,148.7
S02/mask/yawning/S02_yawning_mask_000404.jpg,S02,yawning,mask,mask,,1,0.27924,0.45903,0.37372,-9.993,-179.139,-175.733,147.67
S02/mask/yawning/S02_yawning_mask_000405.jpg,S02,yawning,mask,mask,,1,0.2859,0.45989,0.3644,-10.387,-177.991,-176.321,147.59
S02/mask/yawning/S02_yawning_mask_000406.jpg,S02,yawning,mask,mask,,1,0.30413,0.45929,0.36523,-10.346,-179.862,-176.424,147.57
S02/mask/yawning/S02_yawning_mask_000407.jpg,S02,yawning,mask,mask,,1,0.30498,0.45936,0.37176,-9.856,178.338,-176.234,146.99
S02/mask/yawning/S02_yawning_mask_000408.jpg,S02,yawning,mask,mask,,1,0.30117,0.46004,0.35479,-10.366,-177.038,-176.277,146.26
S02/mask/yawning/S02_yawning_mask_000409.jpg,S02,yawning,mask,mask,,1,0.29518,0.45955,0.36661,-10.865,-178.496,-176.465,146.03
S02/mask/yawning/S02_yawning_mask_000410.jpg,S02,yawning,mask,mask,,1,0.29764,0.45891,0.35795,-10.291,-178.101,-176.831,146.01
S02/mask/yawning/S02_yawning_mask_000411.jpg,S02,yawning,mask,mask,,1,0.18476,0.45964,0.37016,-8.049,176.879,-177.217,145.96
S02/mask/yawning/S02_yawning_mask_000412.jpg,S02,yawning,mask,mask,,1,0.24787,0.45848,0.36261,-9.562,179.894,-176.614,145.76
S02/mask/yawning/S02_yawning_mask_000413.jpg,S02,yawning,mask,mask,,1,0.26067,0.45994,0.36634,-9.733,-179.59,-176.223,145.32
S02/mask/yawning/S02_yawning_mask_000414.jpg,S02,yawning,mask,mask,,1,0.27802,0.46081,0.3671,-11.3,-179.5,-176.202,144.84
S02/mask/yawning/S02_yawning_mask_000415.jpg,S02,yawning,mask,mask,,1,0.27058,0.45946,0.36007,-11.832,179.997,-176.313,144.81
S02/mask/yawning/S02_yawning_mask_000416.jpg,S02,yawning,mask,mask,,1,0.1911,0.46059,0.36141,-8.19,175.95,-176.038,143.89
S02/mask/yawning/S02_yawning_mask_000417.jpg,S02,yawning,mask,mask,,1,0.23822,0.46214,0.35725,-9.598,-176.445,-176.624,143.75
S02/mask/yawning/S02_yawning_mask_000418.jpg,S02,yawning,mask,mask,,1,0.25243,0.45935,0.35947,-9.627,-178.056,-176.456,143.77
S02/mask/yawning/S02_yawning_mask_000419.jpg,S02,yawning,mask,mask,,1,0.27164,0.47761,0.37295,-9.768,178.55,-175.818,143.89
S02/mask/yawning/S02_yawning_mask_000420.jpg,S02,yawning,mask,mask,,1,0.27212,0.45974,0.37715,-10.328,179.565,-175.536,144.18
S02/mask/yawning/S02_yawning_mask_000421.jpg,S02,yawning,mask,mask,,1,0.2682,0.45603,0.36152,-11.21,-178.136,-176.25,144.4
S02/mask/yawning/S02_yawning_mask_000422.jpg,S02,yawning,mask,mask,,1,0.26886,0.46215,0.37282,-10.916,-177.909,-175.153,144.66
S02/mask/yawning/S02_yawning_mask_000423.jpg,S02,yawning,mask,mask,,1,0.28214,0.46379,0.38502,-11.062,179.337,-175.57,144.78
S02/mask/yawning/S02_yawning_mask_000424.jpg,S02,yawning,mask,mask,,1,0.27076,0.46652,0.37577,-11.378,-176.629,-176.635,143.73
S02/mask/yawning/S02_yawning_mask_000425.jpg,S02,yawning,mask,mask,,1,0.27018,0.45597,0.39525,-11.809,176.979,-176.549,143.18
S02/mask/yawning/S02_yawning_mask_000426.jpg,S02,yawning,mask,mask,,1,0.26665,0.46207,0.37329,-12.739,-179.047,-177.159,142.94
S02/mask/yawning/S02_yawning_mask_000427.jpg,S02,yawning,mask,mask,,1,0.27682,0.47172,0.3736,-11.141,-177.645,-176.56,142.14
S02/mask/yawning/S02_yawning_mask_000428.jpg,S02,yawning,mask,mask,,1,0.28925,0.45975,0.37947,-13.113,-179.641,-176.813,142.11
S02/mask/yawning/S02_yawning_mask_000429.jpg,S02,yawning,mask,mask,,1,0.28038,0.4594,0.37373,-14.196,-178.888,-176.356,142.09
S02/mask/yawning/S02_yawning_mask_000430.jpg,S02,yawning,mask,mask,,1,0.18611,0.45957,0.37024,-12.959,179.583,-175.902,142.01
S02/mask/yawning/S02_yawning_mask_000431.jpg,S02,yawning,mask,mask,,1,0.25394,0.46123,0.3741,-12.703,-177.369,-176.232,142.1
S02/mask/yawning/S02_yawning_mask_000432.jpg,S02,yawning,mask,mask,,1,0.26818,0.46124,0.38312,-16.603,178.345,-176.942,141.96
S02/mask/yawning/S02_yawning_mask_000433.jpg,S02,yawning,mask,mask,,1,0.27569,0.47463,0.37829,-12.092,-178.439,-176.867,141.96
S02/mask/yawning/S02_yawning_mask_000434.jpg,S02,yawning,mask,mask,,1,0.10425,0.47474,0.3766,-11.289,176.757,-175.571,141.94
S02/mask/yawning/S02_yawning_mask_000435.jpg,S02,yawning,mask,mask,,1,0.26971,0.47264,0.37538,-15.232,177.841,-176.831,141.86
S02/mask/yawning/S02_yawning_mask_000436.jpg,S02,yawning,mask,mask,,1,0.27784,0.46003,0.38155,-14.279,178.526,-176.28,141.81
S02/mask/yawning/S02_yawning_mask_000437.jpg,S02,yawning,mask,mask,,1,0.26669,0.46197,0.37956,-11.781,-176.64,-175.976,141.71
S02/mask/yawning/S02_yawning_mask_000438.jpg,S02,yawning,mask,mask,,1,0.27142,0.45591,0.36709,-7.283,-178.103,-175.262,141.48
S02/mask/yawning/S02_yawning_mask_000439.jpg,S02,yawning,mask,mask,,1,0.25137,0.46007,0.38065,-9.631,-175.298,-175.239,141.3
S02/mask/yawning/S02_yawning_mask_000440.jpg,S02,yawning,mask,mask,,1,0.20086,0.45891,0.37284,-8.786,-179.434,-176.658,141.79
S02/mask/yawning/S02_yawning_mask_000441.jpg,S02,yawning,mask,mask,,1,0.25335,0.45738,0.35787,-10.509,-179.814,-175.811,142.11
S02/mask/yawning/S02_yawning_mask_000442.jpg,S02,yawning,mask,mask,,1,0.2766,0.45336,0.38384,-10.774,178.539,-176.545,142.15
S02/mask/yawning/S02_yawning_mask_000443.jpg,S02,yawning,mask,mask,,1,0.28258,0.45433,0.39377,-13.95,177.594,-177.733,142.27
S02/mask/yawning/S02_yawning_mask_000444.jpg,S02,yawning,mask,mask,,1,0.2819,0.45139,0.36198,-12.276,178.901,-178.15,142.14
S02/mask/yawning/S02_yawning_mask_000445.jpg,S02,yawning,mask,mask,,1,0.28781,0.45265,0.36127,-15.218,178.452,-178.394,142.05
S02/mask/yawning/S02_yawning_mask_000446.jpg,S02,yawning,mask,mask,,1,0.27706,0.45395,0.37511,-14.221,178.541,-179.606,141.85
S02/mask/yawning/S02_yawning_mask_000447.jpg,S02,yawning,mask,mask,,1,0.10952,0.45411,0.35282,-8.666,174.721,-176.043,141.29
S02/mask/yawning/S02_yawning_mask_000448.jpg,S02,yawning,mask,mask,,1,0.23368,0.45963,0.3598,-17.295,-177.191,-178.547,141.06
S02/mask/yawning/S02_yawning_mask_000449.jpg,S02,yawning,mask,mask,,1,0.27809,0.45654,0.3502,-16.318,-177.714,-177.653,140.88
S02/mask/yawning/S02_yawning_mask_000450.jpg,S02,yawning,mask,mask,,1,0.25987,0.45509,0.35333,-14.12,-178.328,-177.677,140.75
S02/mask/yawning/S02_yawning_mask_000451.jpg,S02,yawning,mask,mask,,1,0.26916,0.45452,0.34714,-12.979,179.6,-178.726,140.91
S02/mask/yawning/S02_yawning_mask_000452.jpg,S02,yawning,mask,mask,,1,0.27478,0.45448,0.35479,-16.016,-178.86,-178.86,140.97
S02/mask/yawning/S02_yawning_mask_000453.jpg,S02,yawning,mask,mask,,1,0.26557,0.45818,0.34686,-14.953,-177.783,-179.208,141.14
S02/mask/yawning/S02_yawning_mask_000454.jpg,S02,yawning,mask,mask,,1,0.2733,0.45732,0.35454,-15.619,-176.634,-178.419,141.23
S02/mask/yawning/S02_yawning_mask_000455.jpg,S02,yawning,mask,mask,,1,0.28465,0.45617,0.35638,-14.852,-176.949,-178.183,141.26
S02/mask/yawning/S02_yawning_mask_000456.jpg,S02,yawning,mask,mask,,1,0.27849,0.45854,0.35584,-17.084,-177.532,-178.322,141.27
S02/mask/yawning/S02_yawning_mask_000457.jpg,S02,yawning,mask,mask,,1,0.27745,0.45821,0.35358,-16.563,-176.993,-178.835,141.16
S02/mask/yawning/S02_yawning_mask_000458.jpg,S02,yawning,mask,mask,,1,0.14936,0.45824,0.36195,-14.951,-179.013,-176.672,141.31
S02/mask/yawning/S02_yawning_mask_000459.jpg,S02,yawning,mask,mask,,1,0.2803,0.45816,0.35838,-17.15,-176.826,-178.38,141.21
S02/mask/yawning/S02_yawning_mask_000460.jpg,S02,yawning,mask,mask,,1,0.28562,0.46034,0.35125,-14.543,-177.106,-178.375,141.22
S02/mask/yawning/S02_yawning_mask_000461.jpg,S02,yawning,mask,mask,,1,0.29069,0.45593,0.35858,-16.062,-177.433,-177.89,141.19
S02/mask/yawning/S02_yawning_mask_000462.jpg,S02,yawning,mask,mask,,1,0.26414,0.45636,0.36764,-15.9,-178.121,-177.787,141.12
S02/mask/yawning/S02_yawning_mask_000463.jpg,S02,yawning,mask,mask,,1,0.1318,0.4581,0.36093,-13.349,178.57,-176.573,141.02
S02/mask/yawning/S02_yawning_mask_000464.jpg,S02,yawning,mask,mask,,1,0.24866,0.45552,0.3678,-15.929,-176.5,-178.112,141.02
S02/mask/yawning/S02_yawning_mask_000465.jpg,S02,yawning,mask,mask,,1,0.25643,0.45892,0.35765,-16.267,-175.612,-178.298,140.91
S02/mask/yawning/S02_yawning_mask_000466.jpg,S02,yawning,mask,mask,,1,0.26533,0.45896,0.35563,-13.84,-175.539,-177.708,141.0
S02/mask/yawning/S02_yawning_mask_000467.jpg,S02,yawning,mask,mask,,1,0.2583,0.45657,0.36611,-13.659,179.501,-177.324,140.86
S02/mask/yawning/S02_yawning_mask_000468.jpg,S02,yawning,mask,mask,,1,0.18906,0.4751,0.35592,-14.749,-177.294,-176.576,136.53
S02/mask/yawning/S02_yawning_mask_000469.jpg,S02,yawning,mask,mask,,1,0.25158,0.46115,0.35954,-11.915,-176.055,-177.781,133.57
S02/mask/yawning/S02_yawning_mask_000470.jpg,S02,yawning,mask,mask,,1,0.25122,0.45753,0.35201,-15.261,-179.683,-177.565,135.11
S02/mask/yawning/S02_yawning_mask_000471.jpg,S02,yawning,mask,mask,,1,0.12146,0.45847,0.34958,-8.765,171.823,-175.855,137.08
S02/mask/yawning/S02_yawning_mask_000472.jpg,S02,yawning,mask,mask,,1,0.14641,0.45406,0.34803,-9.371,178.702,-175.559,139.36
S02/mask/yawning/S02_yawning_mask_000473.jpg,S02,yawning,mask,mask,,1,0.26724,0.45932,0.34615,-12.892,-177.76,-177.139,139.16
S02/mask/yawning/S02_yawning_mask_000474.jpg,S02,yawning,mask,mask,,1,0.27542,0.45634,0.35575,-15.341,-178.188,-177.556,139.66
S02/mask/yawning/S02_yawning_mask_000475.jpg,S02,yawning,mask,mask,,1,0.26648,0.46058,0.34461,-17.833,-176.505,-177.467,139.79
S02/mask/yawning/S02_yawning_mask_000476.jpg,S02,yawning,mask,mask,,1,0.17291,0.46275,0.35885,-14.38,179.345,-176.556,140.08
S02/mask/yawning/S02_yawning_mask_000477.jpg,S02,yawning,mask,mask,,1,0.24845,0.46084,0.35591,-13.227,-175.289,-178.236,140.48
S02/mask/yawning/S02_yawning_mask_000478.jpg,S02,yawning,mask,mask,,1,0.25855,0.45516,0.36586,-15.198,178.66,-178.733,140.88
S02/mask/yawning/S02_yawning_mask_000479.jpg,S02,yawning,mask,mask,,1,0.20897,0.45649,0.37177,-14.734,179.206,-179.405,142.54
S02/mask/yawning/S02_yawning_mask_000480.jpg,S02,yawning,mask,mask,,1,0.21348,0.46062,0.38421,-17.725,179.658,179.553,142.8
S02/mask/yawning/S02_yawning_mask_000481.jpg,S02,yawning,mask,mask,,1,0.26797,0.45373,0.37184,-18.453,178.716,179.689,143.56
S02/mask/yawning/S02_yawning_mask_000482.jpg,S02,yawning,mask,mask,,1,0.26209,0.45685,0.35748,-16.433,179.69,179.631,143.35
S02/mask/yawning/S02_yawning_mask_000483.jpg,S02,yawning,mask,mask,,1,0.27363,0.45628,0.36149,-18.317,178.337,-179.421,142.63
S02/mask/yawning/S02_yawning_mask_000484.jpg,S02,yawning,mask,mask,,1,0.14729,0.45484,0.35152,-17.844,179.046,-179.215,142.95
S02/mask/yawning/S02_yawning_mask_000485.jpg,S02,yawning,mask,mask,,1,0.15584,0.45699,0.35068,-17.195,179.558,-179.223,142.77
S02/mask/yawning/S02_yawning_mask_000486.jpg,S02,yawning,mask,mask,,1,0.26746,0.45417,0.35374,-21.284,-177.941,-178.015,142.84
S02/mask/yawning/S02_yawning_mask_000487.jpg,S02,yawning,mask,mask,,1,0.29829,0.45811,0.34464,-21.734,-179.609,-178.529,142.73
S02/mask/yawning/S02_yawning_mask_000488.jpg,S02,yawning,mask,mask,,1,0.28074,0.45672,0.34541,-20.769,-177.796,-178.3,142.79
S02/mask/yawning/S02_yawning_mask_000489.jpg,S02,yawning,mask,mask,,1,0.29119,0.45844,0.34237,-21.286,-178.53,-178.758,142.92
S02/mask/yawning/S02_yawning_mask_000490.jpg,S02,yawning,mask,mask,,1,0.29394,0.45517,0.35031,-20.234,-177.806,-178.819,142.96
S02/mask/yawning/S02_yawning_mask_000491.jpg,S02,yawning,mask,mask,,1,0.29588,0.45603,0.35001,-19.0,-179.145,-178.284,142.7
S02/mask/yawning/S02_yawning_mask_000492.jpg,S02,yawning,mask,mask,,1,0.27598,0.45739,0.34736,-19.539,179.625,-178.543,142.74
S02/mask/yawning/S02_yawning_mask_000493.jpg,S02,yawning,mask,mask,,1,0.13819,0.4569,0.34948,-16.846,-179.173,-178.211,143.08
S02/mask/yawning/S02_yawning_mask_000494.jpg,S02,yawning,mask,mask,,1,0.26429,0.4579,0.3472,-18.726,-178.853,-178.039,144.17
S02/mask/yawning/S02_yawning_mask_000495.jpg,S02,yawning,mask,mask,,1,0.26425,0.45792,0.34965,-17.994,-177.739,-179.266,144.61
S02/mask/yawning/S02_yawning_mask_000496.jpg,S02,yawning,mask,mask,,1,0.27677,0.45711,0.34626,-18.546,-179.299,-178.42,145.71
S02/mask/yawning/S02_yawning_mask_000497.jpg,S02,yawning,mask,mask,,1,0.27554,0.45795,0.34374,-18.961,-179.011,-178.371,145.52
S02/mask/yawning/S02_yawning_mask_000498.jpg,S02,yawning,mask,mask,,1,0.22123,0.45797,0.34345,-17.574,-177.356,-179.638,145.39
S02/mask/yawning/S02_yawning_mask_000499.jpg,S02,yawning,mask,mask,,1,0.28136,0.45713,0.34982,-18.583,-177.967,-178.712,145.5
S02/mask/yawning/S02_yawning_mask_000500.jpg,S02,yawning,mask,mask,,1,0.28378,0.45812,0.35042,-18.907,-179.445,-179.505,145.48
S02/mask/yawning/S02_yawning_mask_000501.jpg,S02,yawning,mask,mask,,1,0.2964,0.45824,0.34767,-18.805,-177.732,-178.944,145.4
S02/mask/yawning/S02_yawning_mask_000502.jpg,S02,yawning,mask,mask,,1,0.30092,0.45525,0.34997,-18.487,-177.914,-179.013,145.4
S02/normal/attentive/S02_attentive_normal_000000.jpg,S02,attentive,normal,normal,,1,0.29405,0.44977,0.4487,-25.934,178.225,-171.842,159.05
S02/normal/attentive/S02_attentive_normal_000001.jpg,S02,attentive,normal,normal,,1,0.30405,0.44904,0.45214,-25.633,176.738,-171.576,158.31
S02/normal/attentive/S02_attentive_normal_000002.jpg,S02,attentive,normal,normal,,1,0.29672,0.44967,0.44824,-25.239,177.561,-171.42,159.18
S02/normal/attentive/S02_attentive_normal_000003.jpg,S02,attentive,normal,normal,,1,0.29086,0.44877,0.46251,-25.975,177.245,-171.244,158.43
S02/normal/attentive/S02_attentive_normal_000004.jpg,S02,attentive,normal,normal,,1,0.29026,0.44876,0.4559,-26.358,176.715,-171.078,159.07
S02/normal/attentive/S02_attentive_normal_000005.jpg,S02,attentive,normal,normal,,1,0.30414,0.44967,0.45824,-25.744,176.981,-170.939,158.47
S02/normal/attentive/S02_attentive_normal_000006.jpg,S02,attentive,normal,normal,,1,0.30846,0.44927,0.46031,-26.261,176.112,-171.108,158.33
S02/normal/attentive/S02_attentive_normal_000007.jpg,S02,attentive,normal,normal,,1,0.30649,0.44825,0.45473,-25.356,177.72,-171.523,158.7
S02/normal/attentive/S02_attentive_normal_000008.jpg,S02,attentive,normal,normal,,1,0.31622,0.44877,0.45674,-25.505,176.939,-171.198,158.38
S02/normal/attentive/S02_attentive_normal_000009.jpg,S02,attentive,normal,normal,,1,0.31775,0.44856,0.4579,-26.981,178.041,-171.023,158.5
S02/normal/attentive/S02_attentive_normal_000010.jpg,S02,attentive,normal,normal,,1,0.32033,0.4489,0.45933,-26.618,177.554,-170.945,158.08
S02/normal/attentive/S02_attentive_normal_000011.jpg,S02,attentive,normal,normal,,1,0.31767,0.44846,0.45441,-26.768,177.613,-170.779,158.22
S02/normal/attentive/S02_attentive_normal_000012.jpg,S02,attentive,normal,normal,,1,0.31729,0.44877,0.46078,-26.728,177.37,-171.009,157.99
S02/normal/attentive/S02_attentive_normal_000013.jpg,S02,attentive,normal,normal,,1,0.27133,0.44797,0.45541,-27.373,176.774,-170.63,158.15
S02/normal/attentive/S02_attentive_normal_000014.jpg,S02,attentive,normal,normal,,1,0.27976,0.44882,0.46108,-28.24,177.739,-170.896,157.9
S02/normal/attentive/S02_attentive_normal_000015.jpg,S02,attentive,normal,normal,,1,0.28875,0.44926,0.45855,-27.349,176.782,-170.635,157.58
S02/normal/attentive/S02_attentive_normal_000016.jpg,S02,attentive,normal,normal,,1,0.29687,0.4501,0.45643,-27.33,177.393,-170.618,157.62
S02/normal/attentive/S02_attentive_normal_000017.jpg,S02,attentive,normal,normal,,1,0.32424,0.44935,0.4619,-26.308,176.892,-170.834,157.23
S02/normal/attentive/S02_attentive_normal_000018.jpg,S02,attentive,normal,normal,,1,0.31658,0.4493,0.46164,-26.744,177.311,-171.153,157.46
S02/normal/attentive/S02_attentive_normal_000019.jpg,S02,attentive,normal,normal,,1,0.32707,0.44981,0.46896,-25.684,177.088,-171.075,157.25
S02/normal/attentive/S02_attentive_normal_000020.jpg,S02,attentive,normal,normal,,1,0.31642,0.44905,0.46924,-25.823,177.296,-171.173,157.54
S02/normal/attentive/S02_attentive_normal_000021.jpg,S02,attentive,normal,normal,,1,0.30962,0.44939,0.47044,-25.988,178.135,-170.969,157.53
S02/normal/attentive/S02_attentive_normal_000022.jpg,S02,attentive,normal,normal,,1,0.30039,0.4496,0.4628,-26.402,177.765,-171.162,158.02
S02/normal/attentive/S02_attentive_normal_000023.jpg,S02,attentive,normal,normal,,1,0.29706,0.44865,0.45983,-25.082,177.979,-172.096,158.06
S02/normal/attentive/S02_attentive_normal_000024.jpg,S02,attentive,normal,normal,,1,0.30277,0.44884,0.4607,-26.278,178.397,-172.585,158.16
S02/normal/attentive/S02_attentive_normal_000025.jpg,S02,attentive,normal,normal,,1,0.25879,0.44915,0.47176,-27.719,179.484,-172.703,158.37
S02/normal/attentive/S02_attentive_normal_000026.jpg,S02,attentive,normal,normal,,1,0.2808,0.44911,0.46846,-26.223,178.991,-172.829,158.1
S02/normal/attentive/S02_attentive_normal_000027.jpg,S02,attentive,normal,normal,,1,0.29773,0.44809,0.4706,-26.897,179.834,-172.733,158.51
S02/normal/attentive/S02_attentive_normal_000028.jpg,S02,attentive,normal,normal,,1,0.2938,0.44916,0.47298,-26.403,-179.739,-172.915,158.76
S02/normal/attentive/S02_attentive_normal_000029.jpg,S02,attentive,normal,normal,,1,0.14105,0.44847,0.47636,-24.824,177.43,-171.886,158.79
S02/normal/attentive/S02_attentive_normal_000030.jpg,S02,attentive,normal,normal,,1,0.26445,0.44785,0.47185,-26.434,179.893,-172.985,158.9
S02/normal/attentive/S02_attentive_normal_000031.jpg,S02,attentive,normal,normal,,1,0.28016,0.44878,0.47038,-27.195,179.095,-172.619,158.87
S02/normal/attentive/S02_attentive_normal_000032.jpg,S02,attentive,normal,normal,,1,0.29122,0.44867,0.46639,-26.723,179.816,-172.614,158.94
S02/normal/attentive/S02_attentive_normal_000033.jpg,S02,attentive,normal,normal,,1,0.29627,0.44794,0.46326,-27.161,179.664,-172.545,158.89
S02/normal/attentive/S02_attentive_normal_000034.jpg,S02,attentive,normal,normal,,1,0.30483,0.44932,0.46287,-27.359,179.665,-172.293,159.13
S02/normal/attentive/S02_attentive_normal_000035.jpg,S02,attentive,normal,normal,,1,0.31464,0.44959,0.45761,-25.695,178.567,-172.514,158.87
S02/normal/attentive/S02_attentive_normal_000036.jpg,S02,attentive,normal,normal,,1,0.30055,0.44909,0.45935,-26.15,179.084,-172.344,159.09
S02/normal/attentive/S02_attentive_normal_000037.jpg,S02,attentive,normal,normal,,1,0.31049,0.44938,0.46,-26.761,178.77,-172.35,158.92
S02/normal/attentive/S02_attentive_normal_000038.jpg,S02,attentive,normal,normal,,1,0.3059,0.44957,0.46066,-26.575,178.447,-172.204,159.0
S02/normal/attentive/S02_attentive_normal_000039.jpg,S02,attentive,normal,normal,,1,0.31431,0.45065,0.45306,-26.563,178.483,-172.089,158.98
S02/normal/attentive/S02_attentive_normal_000040.jpg,S02,attentive,normal,normal,,1,0.31104,0.44998,0.45621,-25.156,178.157,-172.046,158.96
S02/normal/attentive/S02_attentive_normal_000041.jpg,S02,attentive,normal,normal,,1,0.29914,0.44927,0.45229,-25.459,178.25,-172.165,159.08
S02/normal/attentive/S02_attentive_normal_000042.jpg,S02,attentive,normal,normal,,1,0.31858,0.45026,0.45332,-26.219,177.428,-171.813,158.93
S02/normal/attentive/S02_attentive_normal_000043.jpg,S02,attentive,normal,normal,,1,0.30313,0.44945,0.45601,-26.052,178.267,-171.793,159.15
S02/normal/attentive/S02_attentive_normal_000044.jpg,S02,attentive,normal,normal,,1,0.3053,0.44933,0.46037,-26.143,177.897,-171.542,159.1
S02/normal/attentive/S02_attentive_normal_000045.jpg,S02,attentive,normal,normal,,1,0.3071,0.44938,0.45647,-26.467,178.445,-171.797,159.31
S02/normal/attentive/S02_attentive_normal_000046.jpg,S02,attentive,normal,normal,,1,0.31712,0.44961,0.45538,-27.016,178.516,-171.64,159.3
S02/normal/attentive/S02_attentive_normal_000047.jpg,S02,attentive,normal,normal,,1,0.31401,0.4488,0.45926,-26.323,178.689,-172.09,159.53
S02/normal/attentive/S02_attentive_normal_000048.jpg,S02,attentive,normal,normal,,1,0.30844,0.44966,0.45363,-26.639,178.521,-171.899,159.66
S02/normal/attentive/S02_attentive_normal_000049.jpg,S02,attentive,normal,normal,,1,0.30832,0.44869,0.4525,-26.002,179.332,-172.073,159.44
S02/normal/attentive/S02_attentive_normal_000050.jpg,S02,attentive,normal,normal,,1,0.3134,0.44878,0.45325,-26.191,179.123,-171.91,159.5
S02/normal/attentive/S02_attentive_normal_000051.jpg,S02,attentive,normal,normal,,1,0.31071,0.45112,0.45255,-25.918,-179.844,-171.859,159.58
S02/normal/attentive/S02_attentive_normal_000052.jpg,S02,attentive,normal,normal,,1,0.30701,0.45214,0.45541,-25.994,-179.726,-171.649,159.61
S02/normal/attentive/S02_attentive_normal_000053.jpg,S02,attentive,normal,normal,,1,0.30122,0.45101,0.45786,-25.489,179.874,-171.765,159.59
S02/normal/attentive/S02_attentive_normal_000054.jpg,S02,attentive,normal,normal,,1,0.30109,0.45224,0.45433,-25.808,179.784,-171.734,159.57
S02/normal/attentive/S02_attentive_normal_000055.jpg,S02,attentive,normal,normal,,1,0.31437,0.45105,0.45409,-25.937,179.668,-171.882,159.23
S02/normal/attentive/S02_attentive_normal_000056.jpg,S02,attentive,normal,normal,,1,0.30377,0.45093,0.45615,-26.426,179.504,-171.772,159.29
S02/normal/attentive/S02_attentive_normal_000057.jpg,S02,attentive,normal,normal,,1,0.31237,0.45109,0.45256,-26.787,179.913,-171.737,159.2
S02/normal/attentive/S02_attentive_normal_000058.jpg,S02,attentive,normal,normal,,1,0.31295,0.45022,0.45143,-26.427,179.086,-171.847,159.17
S02/normal/attentive/S02_attentive_normal_000059.jpg,S02,attentive,normal,normal,,1,0.30175,0.4497,0.45433,-26.025,178.887,-171.328,159.44
S02/normal/attentive/S02_attentive_normal_000060.jpg,S02,attentive,normal,normal,,1,0.30983,0.45036,0.45724,-26.19,178.56,-171.126,159.5
S02/normal/attentive/S02_attentive_normal_000061.jpg,S02,attentive,normal,normal,,1,0.31899,0.44918,0.45404,-26.468,179.185,-171.523,159.63
S02/normal/attentive/S02_attentive_normal_000062.jpg,S02,attentive,normal,normal,,1,0.31772,0.4497,0.45804,-25.08,179.221,-171.905,159.0
S02/normal/attentive/S02_attentive_normal_000063.jpg,S02,attentive,normal,normal,,1,0.32281,0.45154,0.45393,-26.132,179.604,-171.989,160.22
S02/normal/attentive/S02_attentive_normal_000064.jpg,S02,attentive,normal,normal,,1,0.31604,0.45014,0.46195,-25.368,178.145,-170.645,159.12
S02/normal/attentive/S02_attentive_normal_000065.jpg,S02,attentive,normal,normal,,1,0.32261,0.45071,0.45969,-26.712,179.469,-171.161,160.57
S02/normal/attentive/S02_attentive_normal_000066.jpg,S02,attentive,normal,normal,,1,0.31328,0.45166,0.46496,-26.583,178.483,-170.761,159.95
S02/normal/attentive/S02_attentive_normal_000067.jpg,S02,attentive,normal,normal,,1,0.30476,0.45038,0.46208,-26.914,-179.968,-171.122,160.62
S02/normal/attentive/S02_attentive_normal_000068.jpg,S02,attentive,normal,normal,,1,0.30182,0.45205,0.46475,-26.08,179.691,-170.107,159.69
S02/normal/attentive/S02_attentive_normal_000069.jpg,S02,attentive,normal,normal,,1,0.31595,0.45033,0.46224,-25.745,179.914,-170.892,160.2
S02/normal/attentive/S02_attentive_normal_000070.jpg,S02,attentive,normal,normal,,1,0.30045,0.45168,0.46368,-25.711,179.554,-170.828,160.06
S02/normal/attentive/S02_attentive_normal_000071.jpg,S02,attentive,normal,normal,,1,0.16693,0.45142,0.47184,-25.346,177.185,-170.669,160.5
S02/normal/attentive/S02_attentive_normal_000072.jpg,S02,attentive,normal,normal,,1,0.25484,0.45157,0.47171,-26.449,179.785,-171.506,160.21
S02/normal/attentive/S02_attentive_normal_000073.jpg,S02,attentive,normal,normal,,1,0.27613,0.45136,0.46568,-27.178,178.677,-171.91,160.07
S02/normal/attentive/S02_attentive_normal_000074.jpg,S02,attentive,normal,normal,,1,0.28967,0.45118,0.46842,-27.162,179.527,-172.197,160.04
S02/normal/attentive/S02_attentive_normal_000075.jpg,S02,attentive,normal,normal,,1,0.28481,0.49174,0.47043,-28.271,-179.636,-172.165,159.98
S02/normal/attentive/S02_attentive_normal_000076.jpg,S02,attentive,normal,normal,,1,0.2814,0.45667,0.4631,-28.551,-178.156,-172.777,160.17
S02/normal/attentive/S02_attentive_normal_000077.jpg,S02,attentive,normal,normal,,1,0.28511,0.45479,0.45822,-26.173,179.402,-172.061,159.46
S02/normal/attentive/S02_attentive_normal_000078.jpg,S02,attentive,normal,normal,,1,0.27255,0.4766,0.47309,-28.699,-179.602,-172.321,160.6
S02/normal/attentive/S02_attentive_normal_000079.jpg,S02,attentive,normal,normal,,1,0.27759,0.50908,0.45702,-28.105,-179.038,-171.771,159.61
S02/normal/attentive/S02_attentive_normal_000080.jpg,S02,attentive,normal,normal,,1,0.2692,0.45607,0.45468,-29.035,-178.867,-173.041,160.67
S02/normal/attentive/S02_attentive_normal_000081.jpg,S02,attentive,normal,normal,,1,0.28566,0.5136,0.47128,-28.746,179.557,-172.081,159.96
S02/normal/attentive/S02_attentive_normal_000082.jpg,S02,attentive,normal,normal,,1,0.2812,0.4547,0.47227,-28.796,-179.994,-172.393,159.91
S02/normal/attentive/S02_attentive_normal_000083.jpg,S02,attentive,normal,normal,,1,0.28038,0.45911,0.47061,-28.687,179.252,-171.584,160.33
S02/normal/attentive/S02_attentive_normal_000084.jpg,S02,attentive,normal,normal,,1,0.26471,0.45309,0.47531,-28.172,178.521,-171.982,160.18
S02/normal/attentive/S02_attentive_normal_000085.jpg,S02,attentive,normal,normal,,1,0.26346,0.46252,0.46962,-28.801,179.222,-171.773,159.89
S02/normal/attentive/S02_attentive_normal_000086.jpg,S02,attentive,normal,normal,,1,0.26842,0.45388,0.46891,-27.899,179.298,-171.57,160.0
S02/normal/attentive/S02_attentive_normal_000087.jpg,S02,attentive,normal,normal,,1,0.26969,0.453,0.4685,-28.181,179.8,-171.631,159.97
S02/normal/attentive/S02_attentive_normal_000088.jpg,S02,attentive,normal,normal,,1,0.26209,0.45222,0.46826,-27.549,179.938,-171.451,159.96
S02/normal/attentive/S02_attentive_normal_000089.jpg,S02,attentive,normal,normal,,1,0.2327,0.45178,0.46509,-28.5,179.274,-170.307,159.89
S02/normal/attentive/S02_attentive_normal_000090.jpg,S02,attentive,normal,normal,,1,0.24647,0.4517,0.46253,-27.957,178.876,-170.139,159.57
S02/normal/attentive/S02_attentive_normal_000091.jpg,S02,attentive,normal,normal,,1,0.24713,0.45263,0.47339,-27.851,-179.977,-170.189,159.51
S02/normal/attentive/S02_attentive_normal_000092.jpg,S02,attentive,normal,normal,,1,0.2561,0.45275,0.47689,-27.722,-179.711,-170.439,159.19
S02/normal/attentive/S02_attentive_normal_000093.jpg,S02,attentive,normal,normal,,1,0.25771,0.45128,0.48583,-27.859,-179.08,-171.008,159.1
S02/normal/attentive/S02_attentive_normal_000094.jpg,S02,attentive,normal,normal,,1,0.25673,0.45119,0.48608,-28.142,-179.837,-170.754,158.73
S02/normal/attentive/S02_attentive_normal_000095.jpg,S02,attentive,normal,normal,,1,0.26442,0.44998,0.48659,-28.244,-179.267,-171.085,158.77
S02/normal/attentive/S02_attentive_normal_000096.jpg,S02,attentive,normal,normal,,1,0.25831,0.45039,0.48216,-27.789,177.741,-170.134,158.42
S02/normal/attentive/S02_attentive_normal_000097.jpg,S02,attentive,normal,normal,,1,0.24323,0.45036,0.48702,-27.858,179.356,-170.289,158.89
S02/normal/attentive/S02_attentive_normal_000098.jpg,S02,attentive,normal,normal,,1,0.26056,0.45046,0.48002,-27.38,178.554,-170.228,158.6
S02/normal/attentive/S02_attentive_normal_000099.jpg,S02,attentive,normal,normal,,1,0.24978,0.4505,0.48326,-27.993,179.551,-170.701,158.97
S02/normal/attentive/S02_attentive_normal_000100.jpg,S02,attentive,normal,normal,,1,0.26233,0.45039,0.48246,-27.407,178.809,-170.65,158.84
S02/normal/attentive/S02_attentive_normal_000101.jpg,S02,attentive,normal,normal,,1,0.25719,0.44979,0.48541,-27.173,178.655,-170.692,159.37
S02/normal/attentive/S02_attentive_normal_000102.jpg,S02,attentive,normal,normal,,1,0.25745,0.44991,0.48319,-27.834,178.529,-170.452,159.86
S02/normal/attentive/S02_attentive_normal_000103.jpg,S02,attentive,normal,normal,,1,0.27327,0.45017,0.48103,-27.24,179.192,-170.913,160.07
S02/normal/attentive/S02_attentive_normal_000104.jpg,S02,attentive,normal,normal,,1,0.26532,0.44986,0.47993,-27.488,178.168,-170.791,160.4
S02/normal/attentive/S02_attentive_normal_000105.jpg,S02,attentive,normal,normal,,1,0.27066,0.45045,0.48092,-27.77,179.078,-170.826,160.65
S02/normal/attentive/S02_attentive_normal_000106.jpg,S02,attentive,normal,normal,,1,0.27704,0.45067,0.47864,-27.511,178.817,-170.874,160.67
S02/normal/attentive/S02_attentive_normal_000107.jpg,S02,attentive,normal,normal,,1,0.27295,0.45112,0.47547,-27.69,179.217,-170.741,160.58
S02/normal/attentive/S02_attentive_normal_000108.jpg,S02,attentive,normal,normal,,1,0.27169,0.45097,0.47152,-26.866,179.178,-170.852,160.47
S02/normal/attentive/S02_attentive_normal_000109.jpg,S02,attentive,normal,normal,,1,0.27515,0.45348,0.47605,-27.234,179.619,-169.779,160.11
S02/normal/attentive/S02_attentive_normal_000110.jpg,S02,attentive,normal,normal,,1,0.26814,0.45284,0.47383,-26.469,-179.899,-168.892,160.16
S02/normal/attentive/S02_attentive_normal_000111.jpg,S02,attentive,normal,normal,,1,0.27151,0.45387,0.47772,-27.752,179.435,-166.926,160.25
S02/normal/attentive/S02_attentive_normal_000112.jpg,S02,attentive,normal,normal,,1,0.27404,0.45183,0.4826,-27.609,179.37,-166.773,160.42
S02/normal/attentive/S02_attentive_normal_000113.jpg,S02,attentive,normal,normal,,1,0.26687,0.4523,0.49057,-27.4,179.677,-166.986,160.52
S02/normal/attentive/S02_attentive_normal_000114.jpg,S02,attentive,normal,normal,,1,0.26593,0.45233,0.49137,-27.045,179.435,-167.185,160.32
S02/normal/attentive/S02_attentive_normal_000115.jpg,S02,attentive,normal,normal,,1,0.26528,0.45113,0.49396,-26.355,178.833,-167.398,160.0
S02/normal/attentive/S02_attentive_normal_000116.jpg,S02,attentive,normal,normal,,1,0.28262,0.45136,0.48243,-27.121,178.79,-168.832,159.53
S02/normal/attentive/S02_attentive_normal_000117.jpg,S02,attentive,normal,normal,,1,0.28939,0.45024,0.48131,-25.903,179.086,-169.066,159.0
S02/normal/attentive/S02_attentive_normal_000118.jpg,S02,attentive,normal,normal,,1,0.2061,0.45042,0.4781,-27.239,176.893,-169.235,159.25
S02/normal/attentive/S02_attentive_normal_000119.jpg,S02,attentive,normal,normal,,1,0.21945,0.45066,0.47989,-27.116,178.37,-169.998,158.76
S02/normal/attentive/S02_attentive_normal_000120.jpg,S02,attentive,normal,normal,,1,0.2729,0.45397,0.44874,-27.922,-179.787,-172.982,158.56
S02/normal/attentive/S02_attentive_normal_000121.jpg,S02,attentive,normal,normal,,1,0.30527,0.48619,0.44322,-29.1,178.977,-173.552,156.98
S02/normal/attentive/S02_attentive_normal_000122.jpg,S02,attentive,normal,normal,,1,0.31811,0.49304,0.43276,-30.036,-179.39,-173.691,156.62
S02/normal/attentive/S02_attentive_normal_000123.jpg,S02,attentive,normal,normal,,1,0.31717,0.45814,0.43498,-29.858,178.54,-172.915,154.46
S02/normal/attentive/S02_attentive_normal_000124.jpg,S02,attentive,normal,normal,,1,0.31587,0.45199,0.42341,-30.136,179.452,-171.698,154.46
S02/normal/attentive/S02_attentive_normal_000125.jpg,S02,attentive,normal,normal,,1,0.31855,0.45283,0.41735,-30.071,179.141,-170.539,153.78
S02/normal/attentive/S02_attentive_normal_000126.jpg,S02,attentive,normal,normal,,1,0.32359,0.45331,0.41914,-28.783,179.074,-170.457,153.14
S02/normal/attentive/S02_attentive_normal_000127.jpg,S02,attentive,normal,normal,,1,0.32878,0.45206,0.42175,-28.649,179.212,-171.229,153.29
S02/normal/attentive/S02_attentive_normal_000128.jpg,S02,attentive,normal,normal,,1,0.31872,0.45231,0.41779,-28.761,179.655,-171.111,153.3
S02/normal/attentive/S02_attentive_normal_000129.jpg,S02,attentive,normal,normal,,1,0.31589,0.45612,0.4115,-29.473,179.367,-171.395,153.45
S02/normal/attentive/S02_attentive_normal_000130.jpg,S02,attentive,normal,normal,,1,0.10018,0.45556,0.41384,-26.556,174.643,-169.617,153.64
S02/normal/attentive/S02_attentive_normal_000131.jpg,S02,attentive,normal,normal,,1,0.2761,0.45274,0.42419,-29.287,179.366,-171.145,153.63
S02/normal/attentive/S02_attentive_normal_000132.jpg,S02,attentive,normal,normal,,1,0.29061,0.45313,0.41938,-29.598,178.579,-171.109,153.64
S02/normal/attentive/S02_attentive_normal_000133.jpg,S02,attentive,normal,normal,,1,0.31484,0.45494,0.40932,-30.214,178.67,-171.006,154.09
S02/normal/attentive/S02_attentive_normal_000134.jpg,S02,attentive,normal,normal,,1,0.32002,0.45356,0.40958,-28.695,177.674,-170.357,154.2
S02/normal/attentive/S02_attentive_normal_000135.jpg,S02,attentive,normal,normal,,1,0.32871,0.45371,0.42291,-30.401,-179.56,-170.541,154.19
S02/normal/attentive/S02_attentive_normal_000136.jpg,S02,attentive,normal,normal,,1,0.32653,0.4551,0.41794,-29.968,178.463,-170.162,154.46
S02/normal/attentive/S02_attentive_normal_000137.jpg,S02,attentive,normal,normal,,1,0.32324,0.45377,0.41649,-29.107,178.819,-170.349,154.47
S02/normal/attentive/S02_attentive_normal_000138.jpg,S02,attentive,normal,normal,,1,0.31558,0.45263,0.41813,-29.748,179.277,-170.925,154.5
S02/normal/attentive/S02_attentive_normal_000139.jpg,S02,attentive,normal,normal,,1,0.32181,0.45187,0.4193,-29.383,179.587,-170.958,154.74
S02/normal/attentive/S02_attentive_normal_000140.jpg,S02,attentive,normal,normal,,1,0.31754,0.4519,0.4195,-29.29,179.316,-170.624,154.86
S02/normal/attentive/S02_attentive_normal_000141.jpg,S02,attentive,normal,normal,,1,0.09776,0.45109,0.42834,-26.498,174.961,-168.833,155.07
S02/normal/attentive/S02_attentive_normal_000142.jpg,S02,attentive,normal,normal,,1,0.28525,0.4507,0.42502,-28.768,178.626,-169.985,154.89
S02/normal/attentive/S02_attentive_normal_000143.jpg,S02,attentive,normal,normal,,1,0.30999,0.45059,0.4334,-29.402,178.85,-169.186,155.23
S02/normal/attentive/S02_attentive_normal_000144.jpg,S02,attentive,normal,normal,,1,0.2915,0.45034,0.45915,-29.635,176.535,-170.191,155.8
S02/normal/attentive/S02_attentive_normal_000145.jpg,S02,attentive,normal,normal,,1,0.11643,0.44867,0.48419,-25.314,173.325,-170.272,156.26
S02/normal/attentive/S02_attentive_normal_000146.jpg,S02,attentive,normal,normal,,1,0.26877,0.45068,0.48988,-24.983,174.877,-175.403,156.47
S02/normal/attentive/S02_attentive_normal_000147.jpg,S02,attentive,normal,normal,,1,0.2847,0.44968,0.49471,-25.718,175.46,-177.254,156.53
S02/normal/attentive/S02_attentive_normal_000148.jpg,S02,attentive,normal,normal,,1,0.28585,0.45067,0.49184,-25.109,176.171,-177.147,156.55
S02/normal/attentive/S02_attentive_normal_000149.jpg,S02,attentive,normal,normal,,1,0.28472,0.45035,0.48566,-24.788,176.454,-176.882,156.42
S02/normal/attentive/S02_attentive_normal_000150.jpg,S02,attentive,normal,normal,,1,0.28351,0.45092,0.48887,-25.308,176.282,-176.493,156.56
S02/normal/attentive/S02_attentive_normal_000151.jpg,S02,attentive,normal,normal,,1,0.29117,0.44978,0.48003,-26.052,176.339,-176.094,156.56
S02/normal/attentive/S02_attentive_normal_000152.jpg,S02,attentive,normal,normal,,1,0.30074,0.45028,0.47556,-25.914,176.74,-175.983,156.58
S02/normal/attentive/S02_attentive_normal_000153.jpg,S02,attentive,normal,normal,,1,0.2976,0.45096,0.47853,-25.942,176.851,-175.682,156.4
S02/normal/attentive/S02_attentive_normal_000154.jpg,S02,attentive,normal,normal,,1,0.3089,0.44856,0.4637,-26.486,177.179,-174.504,156.44
S02/normal/attentive/S02_attentive_normal_000155.jpg,S02,attentive,normal,normal,,1,0.3115,0.45094,0.44836,-26.384,178.682,-173.943,156.3
S02/normal/attentive/S02_attentive_normal_000156.jpg,S02,attentive,normal,normal,,1,0.31456,0.45104,0.4436,-26.496,178.267,-174.002,156.22
S02/normal/attentive/S02_attentive_normal_000157.jpg,S02,attentive,normal,normal,,1,0.31821,0.45007,0.44113,-26.051,177.815,-174.199,156.0
S02/normal/attentive/S02_attentive_normal_000158.jpg,S02,attentive,normal,normal,,1,0.32825,0.45104,0.43409,-27.439,177.403,-173.961,155.91
S02/normal/attentive/S02_attentive_normal_000159.jpg,S02,attentive,normal,normal,,1,0.31765,0.45066,0.43379,-27.203,177.624,-173.76,155.8
S02/normal/attentive/S02_attentive_normal_000160.jpg,S02,attentive,normal,normal,,1,0.13572,0.44875,0.44351,-24.72,175.179,-173.017,155.59
S02/normal/attentive/S02_attentive_normal_000161.jpg,S02,attentive,normal,normal,,1,0.2956,0.45072,0.4294,-27.095,177.888,-174.227,156.41
S02/normal/attentive/S02_attentive_normal_000162.jpg,S02,attentive,normal,normal,,1,0.31844,0.45021,0.43042,-27.232,178.619,-174.162,155.89
S02/normal/attentive/S02_attentive_normal_000163.jpg,S02,attentive,normal,normal,,1,0.33272,0.45206,0.42647,-27.676,179.796,-174.058,156.0
S02/normal/attentive/S02_attentive_normal_000164.jpg,S02,attentive,normal,normal,,1,0.32438,0.45077,0.42283,-27.881,179.343,-173.969,155.56
S02/normal/attentive/S02_attentive_normal_000165.jpg,S02,attentive,normal,normal,,1,0.32524,0.45159,0.41639,-28.335,-179.906,-173.89,155.49
S02/normal/attentive/S02_attentive_normal_000166.jpg,S02,attentive,normal,normal,,1,0.32399,0.45147,0.41819,-28.206,179.822,-173.629,155.34
S02/normal/attentive/S02_attentive_normal_000167.jpg,S02,attentive,normal,normal,,1,0.33533,0.45086,0.40785,-28.582,-178.8,-174.727,155.2
S02/normal/attentive/S02_attentive_normal_000168.jpg,S02,attentive,normal,normal,,1,0.33473,0.45132,0.4041,-28.464,-179.275,-174.716,155.24
S02/normal/attentive/S02_attentive_normal_000169.jpg,S02,attentive,normal,normal,,1,0.33497,0.45104,0.40439,-28.87,-179.794,-174.567,154.99
S02/normal/attentive/S02_attentive_normal_000170.jpg,S02,attentive,normal,normal,,1,0.3318,0.45196,0.40309,-28.344,-179.147,-174.698,155.02
S02/normal/attentive/S02_attentive_normal_000171.jpg,S02,attentive,normal,normal,,1,0.33086,0.45258,0.40514,-28.397,-179.105,-174.658,154.93
S02/normal/attentive/S02_attentive_normal_000172.jpg,S02,attentive,normal,normal,,1,0.3473,0.45262,0.40262,-28.913,-178.588,-175.234,155.04
S02/normal/attentive/S02_attentive_normal_000173.jpg,S02,attentive,normal,normal,,1,0.33132,0.45261,0.4008,-29.109,-178.766,-175.197,154.84
S02/normal/attentive/S02_attentive_normal_000174.jpg,S02,attentive,normal,normal,,1,0.27447,0.45252,0.3984,-29.382,-179.059,-175.105,154.6
S02/normal/attentive/S02_attentive_normal_000175.jpg,S02,attentive,normal,normal,,1,0.30903,0.45281,0.39734,-28.71,-178.933,-174.916,154.46
S02/normal/attentive/S02_attentive_normal_000176.jpg,S02,attentive,normal,normal,,1,0.32773,0.45238,0.39736,-28.922,-178.78,-174.941,154.51
S02/normal/attentive/S02_attentive_normal_000177.jpg,S02,attentive,normal,normal,,1,0.32878,0.45294,0.39338,-28.717,-178.101,-175.199,154.75
S02/normal/attentive/S02_attentive_normal_000178.jpg,S02,attentive,normal,normal,,1,0.32845,0.45277,0.39327,-28.416,-178.837,-174.907,154.42
S02/normal/attentive/S02_attentive_normal_000179.jpg,S02,attentive,normal,normal,,1,0.33349,0.45281,0.39409,-28.618,-178.75,-174.83,154.6
S02/normal/attentive/S02_attentive_normal_000180.jpg,S02,attentive,normal,normal,,1,0.333,0.4526,0.39569,-28.158,-179.34,-174.876,154.37
S02/normal/attentive/S02_attentive_normal_000181.jpg,S02,attentive,normal,normal,,1,0.32753,0.45216,0.39476,-28.282,-178.871,-175.196,154.66
S02/normal/attentive/S02_attentive_normal_000182.jpg,S02,attentive,normal,normal,,1,0.32075,0.45317,0.39712,-28.131,-179.643,-174.862,154.36
S02/normal/attentive/S02_attentive_normal_000183.jpg,S02,attentive,normal,normal,,1,0.31888,0.45238,0.39557,-28.937,179.657,-174.353,154.16
S02/normal/attentive/S02_attentive_normal_000184.jpg,S02,attentive,normal,normal,,1,0.31948,0.45216,0.39548,-28.546,179.875,-174.384,154.24
S02/normal/attentive/S02_attentive_normal_000185.jpg,S02,attentive,normal,normal,,1,0.31908,0.45214,0.39708,-28.98,-179.602,-174.38,154.26
S02/normal/attentive/S02_attentive_normal_000186.jpg,S02,attentive,normal,normal,,1,0.31411,0.45223,0.39594,-28.479,-179.712,-174.485,154.42
S02/normal/attentive/S02_attentive_normal_000187.jpg,S02,attentive,normal,normal,,1,0.20235,0.45199,0.39955,-27.723,178.796,-173.77,154.43
S02/normal/attentive/S02_attentive_normal_000188.jpg,S02,attentive,normal,normal,,1,0.20434,0.45271,0.40174,-27.701,179.206,-174.327,154.49
S02/normal/attentive/S02_attentive_normal_000189.jpg,S02,attentive,normal,normal,,1,0.28338,0.45202,0.39899,-28.625,-179.376,-175.002,154.49
S02/normal/attentive/S02_attentive_normal_000190.jpg,S02,attentive,normal,normal,,1,0.28876,0.45277,0.40012,-28.493,-179.752,-174.567,154.29
S02/normal/attentive/S02_attentive_normal_000191.jpg,S02,attentive,normal,normal,,1,0.29546,0.45227,0.3991,-29.194,-179.906,-174.426,154.43
S02/normal/attentive/S02_attentive_normal_000192.jpg,S02,attentive,normal,normal,,1,0.29901,0.45211,0.39823,-29.137,179.988,-174.308,154.35
S02/normal/attentive/S02_attentive_normal_000193.jpg,S02,attentive,normal,normal,,1,0.30147,0.45281,0.3994,-28.929,179.415,-174.206,154.53
S02/normal/attentive/S02_attentive_normal_000194.jpg,S02,attentive,normal,normal,,1,0.30362,0.45253,0.40195,-28.851,179.847,-174.303,154.55
S02/normal/attentive/S02_attentive_normal_000195.jpg,S02,attentive,normal,normal,,1,0.30723,0.4524,0.4005,-28.922,179.601,-174.231,154.61
S02/normal/attentive/S02_attentive_normal_000196.jpg,S02,attentive,normal,normal,,1,0.30856,0.45211,0.39863,-29.165,-179.698,-174.333,154.7
S02/normal/attentive/S02_attentive_normal_000197.jpg,S02,attentive,normal,normal,,1,0.32265,0.45275,0.39756,-29.06,-179.292,-174.501,154.36
S02/normal/attentive/S02_attentive_normal_000198.jpg,S02,attentive,normal,normal,,1,0.32192,0.45174,0.39799,-28.971,179.822,-174.54,154.06
S02/normal/attentive/S02_attentive_normal_000199.jpg,S02,attentive,normal,normal,,1,0.32642,0.45146,0.40197,-28.361,-179.87,-174.468,154.54
S02/normal/attentive/S02_attentive_normal_000200.jpg,S02,attentive,normal,normal,,1,0.32164,0.45227,0.39929,-28.348,-179.87,-174.302,154.42
S02/normal/attentive/S02_attentive_normal_000201.jpg,S02,attentive,normal,normal,,1,0.2165,0.45172,0.40543,-28.563,178.352,-173.926,154.42
S02/normal/attentive/S02_attentive_normal_000202.jpg,S02,attentive,normal,normal,,1,0.31664,0.45273,0.4003,-29.184,-179.816,-174.516,154.17
S02/normal/attentive/S02_attentive_normal_000203.jpg,S02,attentive,normal,normal,,1,0.33272,0.45288,0.40011,-28.242,-179.457,-174.449,154.19
S02/normal/attentive/S02_attentive_normal_000204.jpg,S02,attentive,normal,normal,,1,0.32962,0.45185,0.39937,-28.067,-179.381,-174.525,154.06
S02/normal/attentive/S02_attentive_normal_000205.jpg,S02,attentive,normal,normal,,1,0.33198,0.45264,0.39965,-28.919,-179.385,-174.633,154.27
S02/normal/attentive/S02_attentive_normal_000206.jpg,S02,attentive,normal,normal,,1,0.33319,0.4522,0.39678,-28.695,-178.859,-174.491,154.38
S02/normal/attentive/S02_attentive_normal_000207.jpg,S02,attentive,normal,normal,,1,0.32985,0.45309,0.39922,-28.0,-179.394,-174.552,154.17
S02/normal/attentive/S02_attentive_normal_000208.jpg,S02,attentive,normal,normal,,1,0.32291,0.45238,0.40481,-28.051,-179.73,-174.097,154.36
S02/normal/attentive/S02_attentive_normal_000209.jpg,S02,attentive,normal,normal,,1,0.33217,0.45034,0.41572,-29.167,179.286,-173.779,153.86
S02/normal/attentive/S02_attentive_normal_000210.jpg,S02,attentive,normal,normal,,1,0.32652,0.45296,0.42732,-29.745,-179.348,-173.591,154.7
S02/normal/attentive/S02_attentive_normal_000211.jpg,S02,attentive,normal,normal,,1,0.13882,0.51371,0.45217,-29.429,173.69,-170.687,154.17
S02/normal/attentive/S02_attentive_normal_000212.jpg,S02,attentive,normal,normal,,1,0.30333,0.5869,0.45332,-31.193,177.446,-171.109,154.82
S02/normal/attentive/S02_attentive_normal_000213.jpg,S02,attentive,normal,normal,,1,0.30667,0.52971,0.45977,-31.918,176.722,-170.184,154.83
S02/normal/attentive/S02_attentive_normal_000214.jpg,S02,attentive,normal,normal,,1,0.30444,0.48453,0.47248,-30.187,176.415,-169.697,155.04
S02/normal/attentive/S02_attentive_normal_000215.jpg,S02,attentive,normal,normal,,1,0.30153,0.5136,0.47373,-30.392,175.689,-169.433,155.33
S02/normal/attentive/S02_attentive_normal_000216.jpg,S02,attentive,normal,normal,,1,0.29573,0.45147,0.46341,-29.879,175.525,-168.928,155.39
S02/normal/attentive/S02_attentive_normal_000217.jpg,S02,attentive,normal,normal,,1,0.30031,0.4522,0.46023,-31.508,175.104,-168.719,155.43
S02/normal/attentive/S02_attentive_normal_000218.jpg,S02,attentive,normal,normal,,1,0.3012,0.4513,0.46348,-30.616,174.93,-168.905,155.49
S02/normal/attentive/S02_attentive_normal_000219.jpg,S02,attentive,normal,normal,,1,0.29096,0.45041,0.4672,-30.162,175.53,-169.253,155.56
S02/normal/attentive/S02_attentive_normal_000220.jpg,S02,attentive,normal,normal,,1,0.29777,0.45055,0.46156,-27.556,175.497,-170.645,155.66
S02/normal/attentive/S02_attentive_normal_000221.jpg,S02,attentive,normal,normal,,1,0.30102,0.44999,0.47183,-29.072,176.361,-170.437,155.57
S02/normal/attentive/S02_attentive_normal_000222.jpg,S02,attentive,normal,normal,,1,0.30773,0.4498,0.46598,-29.273,177.204,-170.771,155.43
S02/normal/attentive/S02_attentive_normal_000223.jpg,S02,attentive,normal,normal,,1,0.29511,0.48836,0.46833,-29.812,177.441,-170.397,155.38
S02/normal/attentive/S02_attentive_normal_000224.jpg,S02,attentive,normal,normal,,1,0.29675,0.51314,0.46905,-30.157,177.136,-170.638,155.37
S02/normal/attentive/S02_attentive_normal_000225.jpg,S02,attentive,normal,normal,,1,0.0984,0.50391,0.47904,-28.674,173.562,-169.088,155.53
S02/normal/attentive/S02_attentive_normal_000226.jpg,S02,attentive,normal,normal,,1,0.23011,0.50075,0.4725,-30.145,175.829,-169.416,155.37
S02/normal/attentive/S02_attentive_normal_000227.jpg,S02,attentive,normal,normal,,1,0.26983,0.49745,0.46616,-30.676,176.697,-170.043,155.41
S02/normal/attentive/S02_attentive_normal_000228.jpg,S02,attentive,normal,normal,,1,0.28008,0.45639,0.45791,-29.713,176.436,-170.596,155.29
S02/normal/attentive/S02_attentive_normal_000229.jpg,S02,attentive,normal,normal,,1,0.27684,0.45065,0.44928,-30.225,176.469,-171.08,155.55
S02/normal/attentive/S02_attentive_normal_000230.jpg,S02,attentive,normal,normal,,1,0.28592,0.45017,0.44394,-29.731,176.518,-171.011,155.15
S02/normal/attentive/S02_attentive_normal_000231.jpg,S02,attentive,normal,normal,,1,0.30121,0.44971,0.44236,-28.583,177.407,-171.578,155.3
S02/normal/attentive/S02_attentive_normal_000232.jpg,S02,attentive,normal,normal,,1,0.31395,0.4499,0.43531,-27.885,177.368,-171.89,155.55
S02/normal/attentive/S02_attentive_normal_000233.jpg,S02,attentive,normal,normal,,1,0.31367,0.4514,0.43441,-28.683,177.849,-172.241,155.53
S02/normal/attentive/S02_attentive_normal_000234.jpg,S02,attentive,normal,normal,,1,0.31086,0.45025,0.43823,-28.861,178.333,-172.257,155.52
S02/normal/attentive/S02_attentive_normal_000235.jpg,S02,attentive,normal,normal,,1,0.31681,0.45033,0.43295,-28.685,178.078,-172.372,155.01
S02/normal/attentive/S02_attentive_normal_000236.jpg,S02,attentive,normal,normal,,1,0.21404,0.44922,0.43857,-28.052,176.772,-171.696,154.86
S02/normal/attentive/S02_attentive_normal_000237.jpg,S02,attentive,normal,normal,,1,0.252,0.45005,0.43402,-28.934,177.058,-172.193,154.72
S02/normal/attentive/S02_attentive_normal_000238.jpg,S02,attentive,normal,normal,,1,0.29391,0.44878,0.42522,-29.736,178.155,-172.241,154.77
S02/normal/attentive/S02_attentive_normal_000239.jpg,S02,attentive,normal,normal,,1,0.30886,0.45129,0.41692,-29.726,178.713,-172.499,154.64
S02/normal/attentive/S02_attentive_normal_000240.jpg,S02,attentive,normal,normal,,1,0.31678,0.45215,0.4155,-31.318,178.51,-173.15,154.39
S02/normal/attentive/S02_attentive_normal_000241.jpg,S02,attentive,normal,normal,,1,0.30766,0.45138,0.42066,-30.799,177.955,-173.21,151.33
S02/normal/attentive/S02_attentive_normal_000242.jpg,S02,attentive,normal,normal,,1,0.32157,0.45318,0.41942,-31.131,177.76,-173.055,151.54
S02/normal/attentive/S02_attentive_normal_000243.jpg,S02,attentive,normal,normal,,1,0.32321,0.45185,0.42244,-30.927,176.933,-172.486,151.58
S02/normal/attentive/S02_attentive_normal_000244.jpg,S02,attentive,normal,normal,,1,0.19139,0.45202,0.42079,-30.229,175.608,-171.761,151.61
S02/normal/attentive/S02_attentive_normal_000245.jpg,S02,attentive,normal,normal,,1,0.28966,0.45188,0.42364,-28.732,178.728,-174.853,150.79
S02/normal/attentive/S02_attentive_normal_000246.jpg,S02,attentive,normal,normal,,1,0.30518,0.45307,0.42503,-27.085,179.377,-176.909,150.9
S02/normal/attentive/S02_attentive_normal_000247.jpg,S02,attentive,normal,normal,,1,0.2983,0.45415,0.41656,-23.915,-179.216,179.969,150.33
S02/normal/attentive/S02_attentive_normal_000248.jpg,S02,attentive,normal,normal,,1,0.3002,0.45353,0.4058,-21.061,-179.818,177.55,150.34
S02/normal/attentive/S02_attentive_normal_000249.jpg,S02,attentive,normal,normal,,1,0.30871,0.45318,0.40067,-21.477,-178.199,177.209,150.13
S02/normal/attentive/S02_attentive_normal_000250.jpg,S02,attentive,normal,normal,,1,0.31533,0.45265,0.40116,-21.508,-177.832,176.939,150.29
S02/normal/attentive/S02_attentive_normal_000251.jpg,S02,attentive,normal,normal,,1,0.31157,0.45259,0.40012,-22.964,-176.694,177.624,150.07
S02/normal/attentive/S02_attentive_normal_000252.jpg,S02,attentive,normal,normal,,1,0.30492,0.45272,0.4013,-23.452,-176.72,177.923,150.1
S02/normal/attentive/S02_attentive_normal_000253.jpg,S02,attentive,normal,normal,,1,0.31909,0.45358,0.40244,-24.514,-177.26,178.15,151.25
S02/normal/attentive/S02_attentive_normal_000254.jpg,S02,attentive,normal,normal,,1,0.32166,0.45493,0.4073,-24.804,-177.049,178.659,154.15
S02/normal/attentive/S02_attentive_normal_000255.jpg,S02,attentive,normal,normal,,1,0.3272,0.453,0.40676,-24.332,-177.166,178.674,154.81
S02/normal/attentive/S02_attentive_normal_000256.jpg,S02,attentive,normal,normal,,1,0.32507,0.4533,0.40669,-24.687,-177.766,179.213,154.6
S02/normal/attentive/S02_attentive_normal_000257.jpg,S02,attentive,normal,normal,,1,0.32646,0.45413,0.40611,-24.414,-177.985,179.197,154.5
S02/normal/attentive/S02_attentive_normal_000258.jpg,S02,attentive,normal,normal,,1,0.31701,0.45398,0.40496,-24.736,-178.067,179.549,154.61
S02/normal/attentive/S02_attentive_normal_000259.jpg,S02,attentive,normal,normal,,1,0.31824,0.45389,0.40705,-25.261,-178.187,-179.62,154.47
S02/normal/attentive/S02_attentive_normal_000260.jpg,S02,attentive,normal,normal,,1,0.32023,0.45307,0.40645,-25.638,-177.71,-179.499,154.56
S02/normal/attentive/S02_attentive_normal_000261.jpg,S02,attentive,normal,normal,,1,0.32023,0.453,0.40587,-25.543,-178.37,-179.327,154.46
S02/normal/attentive/S02_attentive_normal_000262.jpg,S02,attentive,normal,normal,,1,0.14925,0.45362,0.40618,-23.517,177.551,-177.363,154.58
S02/normal/attentive/S02_attentive_normal_000263.jpg,S02,attentive,normal,normal,,1,0.27568,0.45283,0.40701,-24.78,-178.765,-179.182,154.29
S02/normal/attentive/S02_attentive_normal_000264.jpg,S02,attentive,normal,normal,,1,0.29199,0.45243,0.4107,-26.015,-178.283,-179.072,154.56
S02/normal/attentive/S02_attentive_normal_000265.jpg,S02,attentive,normal,normal,,1,0.30474,0.45248,0.40948,-25.767,-178.105,-179.106,154.39
S02/normal/attentive/S02_attentive_normal_000266.jpg,S02,attentive,normal,normal,,1,0.32049,0.45243,0.40592,-25.955,-178.333,-178.614,154.56
S02/normal/attentive/S02_attentive_normal_000267.jpg,S02,attentive,normal,normal,,1,0.31579,0.45303,0.40949,-24.707,-178.239,-178.352,154.45
S02/normal/attentive/S02_attentive_normal_000268.jpg,S02,attentive,normal,normal,,1,0.31984,0.45293,0.40537,-25.508,-177.876,-177.014,154.54
S02/normal/attentive/S02_attentive_normal_000269.jpg,S02,attentive,normal,normal,,1,0.31797,0.45244,0.40549,-25.229,-177.24,-176.572,154.42
S02/normal/attentive/S02_attentive_normal_000270.jpg,S02,attentive,normal,normal,,1,0.32597,0.45192,0.40099,-25.197,-177.837,-176.418,154.47
S02/normal/attentive/S02_attentive_normal_000271.jpg,S02,attentive,normal,normal,,1,0.32838,0.45417,0.38915,-25.555,-176.267,-176.633,154.38
S02/normal/attentive/S02_attentive_normal_000272.jpg,S02,attentive,normal,normal,,1,0.32187,0.45561,0.38312,-25.577,-175.731,-176.436,154.61
S02/normal/attentive/S02_attentive_normal_000273.jpg,S02,attentive,normal,normal,,1,0.32509,0.45441,0.3935,-26.144,-178.467,-175.793,154.9
S02/normal/attentive/S02_attentive_normal_000274.jpg,S02,attentive,normal,normal,,1,0.32704,0.45422,0.39159,-26.204,-177.538,-175.867,155.17
S02/normal/attentive/S02_attentive_normal_000275.jpg,S02,attentive,normal,normal,,1,0.32114,0.455,0.3879,-26.107,-176.868,-176.081,154.94
S02/normal/attentive/S02_attentive_normal_000276.jpg,S02,attentive,normal,normal,,1,0.32756,0.45519,0.38792,-26.42,-176.473,-176.551,155.32
S02/normal/attentive/S02_attentive_normal_000277.jpg,S02,attentive,normal,normal,,1,0.32939,0.45362,0.39283,-26.861,-177.891,-175.868,155.05
S02/normal/attentive/S02_attentive_normal_000278.jpg,S02,attentive,normal,normal,,1,0.32164,0.45414,0.39469,-26.784,-177.541,-175.906,154.99
S02/normal/attentive/S02_attentive_normal_000279.jpg,S02,attentive,normal,normal,,1,0.32116,0.45328,0.40687,-27.624,-178.47,-176.072,154.77
S02/normal/attentive/S02_attentive_normal_000280.jpg,S02,attentive,normal,normal,,1,0.3195,0.45279,0.39458,-27.066,-177.388,-175.836,155.28
S02/normal/attentive/S02_attentive_normal_000281.jpg,S02,attentive,normal,normal,,1,0.32334,0.45288,0.39485,-27.671,-177.323,-175.912,155.05
S02/normal/attentive/S02_attentive_normal_000282.jpg,S02,attentive,normal,normal,,1,0.31249,0.45331,0.4013,-28.093,-177.863,-175.531,155.2
S02/normal/attentive/S02_attentive_normal_000283.jpg,S02,attentive,normal,normal,,1,0.24208,0.45244,0.40613,-27.043,-179.343,-175.128,155.2
S02/normal/attentive/S02_attentive_normal_000284.jpg,S02,attentive,normal,normal,,1,0.31681,0.45354,0.40248,-26.105,-178.873,-175.37,155.09
S02/normal/attentive/S02_attentive_normal_000285.jpg,S02,attentive,normal,normal,,1,0.33515,0.45378,0.40097,-25.934,-178.054,-175.801,155.06
S02/normal/attentive/S02_attentive_normal_000286.jpg,S02,attentive,normal,normal,,1,0.31315,0.45323,0.40641,-25.185,-178.088,-175.396,154.83
S02/normal/attentive/S02_attentive_normal_000287.jpg,S02,attentive,normal,normal,,1,0.32485,0.45368,0.41596,-26.418,-177.707,-175.22,154.8
S02/normal/attentive/S02_attentive_normal_000288.jpg,S02,attentive,normal,normal,,1,0.32439,0.4528,0.42783,-25.123,-179.986,-174.252,154.49
S02/normal/attentive/S02_attentive_normal_000289.jpg,S02,attentive,normal,normal,,1,0.33433,0.45195,0.43276,-25.511,-179.883,-173.805,154.7
S02/normal/attentive/S02_attentive_normal_000290.jpg,S02,attentive,normal,normal,,1,0.33833,0.45262,0.43442,-25.293,179.895,-174.215,154.48
S02/normal/attentive/S02_attentive_normal_000291.jpg,S02,attentive,normal,normal,,1,0.31991,0.45122,0.43978,-25.563,-179.0,-174.479,155.0
S02/normal/attentive/S02_attentive_normal_000292.jpg,S02,attentive,normal,normal,,1,0.31142,0.45178,0.43125,-25.666,-179.094,-174.127,154.69
S02/normal/attentive/S02_attentive_normal_000293.jpg,S02,attentive,normal,normal,,1,0.30398,0.45129,0.43218,-25.413,-179.866,-173.82,155.27
S02/normal/attentive/S02_attentive_normal_000294.jpg,S02,attentive,normal,normal,,1,0.32206,0.45112,0.43138,-25.995,-179.887,-174.188,154.72
S02/normal/attentive/S02_attentive_normal_000295.jpg,S02,attentive,normal,normal,,1,0.31938,0.45142,0.42954,-25.841,179.333,-173.242,155.4
S02/normal/attentive/S02_attentive_normal_000296.jpg,S02,attentive,normal,normal,,1,0.31275,0.45116,0.42697,-25.984,179.647,-173.557,155.35
S02/normal/attentive/S02_attentive_normal_000297.jpg,S02,attentive,normal,normal,,1,0.30911,0.45152,0.43036,-25.875,179.372,-173.355,155.16
S02/normal/attentive/S02_attentive_normal_000298.jpg,S02,attentive,normal,normal,,1,0.14283,0.45123,0.43881,-23.011,176.732,-172.169,155.35
S02/normal/attentive/S02_attentive_normal_000299.jpg,S02,attentive,normal,normal,,1,0.27691,0.45122,0.43388,-25.918,179.79,-173.432,155.21
S02/normal/attentive/S02_attentive_normal_000300.jpg,S02,attentive,normal,normal,,1,0.30844,0.45196,0.42885,-26.005,-179.473,-173.818,155.27
S02/normal/attentive/S02_attentive_normal_000301.jpg,S02,attentive,normal,normal,,1,0.31437,0.45222,0.42944,-25.866,-179.515,-173.639,155.07
S02/normal/attentive/S02_attentive_normal_000302.jpg,S02,attentive,normal,normal,,1,0.31404,0.45117,0.42548,-26.011,-179.443,-173.514,155.2
S02/normal/attentive/S02_attentive_normal_000303.jpg,S02,attentive,normal,normal,,1,0.30992,0.45209,0.42792,-25.271,179.871,-173.39,155.17
S02/normal/attentive/S02_attentive_normal_000304.jpg,S02,attentive,normal,normal,,1,0.29782,0.4512,0.43457,-25.852,-179.925,-173.398,155.26
S02/normal/attentive/S02_attentive_normal_000305.jpg,S02,attentive,normal,normal,,1,0.30572,0.45097,0.43394,-25.764,-179.596,-173.321,155.28
S02/normal/attentive/S02_attentive_normal_000306.jpg,S02,attentive,normal,normal,,1,0.29349,0.45213,0.42839,-26.247,-178.93,-173.706,155.39
S02/normal/attentive/S02_attentive_normal_000307.jpg,S02,attentive,normal,normal,,1,0.30168,0.45485,0.42773,-26.487,-179.187,-173.691,155.43
S02/normal/attentive/S02_attentive_normal_000308.jpg,S02,attentive,normal,normal,,1,0.28026,0.45698,0.42847,-26.534,-178.062,-173.94,155.36
S02/normal/attentive/S02_attentive_normal_000309.jpg,S02,attentive,normal,normal,,1,0.28325,0.4586,0.42631,-26.835,-178.274,-173.623,155.17
S02/normal/attentive/S02_attentive_normal_000310.jpg,S02,attentive,normal,normal,,1,0.277,0.45404,0.41761,-26.697,-178.435,-173.602,155.31
S02/normal/attentive/S02_attentive_normal_000311.jpg,S02,attentive,normal,normal,,1,0.28797,0.45403,0.41799,-26.404,-178.987,-173.73,155.28
S02/normal/attentive/S02_attentive_normal_000312.jpg,S02,attentive,normal,normal,,1,0.28858,0.45345,0.42478,-26.495,-179.388,-173.289,155.23
S02/normal/attentive/S02_attentive_normal_000313.jpg,S02,attentive,normal,normal,,1,0.27844,0.45443,0.42724,-26.88,-178.588,-173.194,155.15
S02/normal/attentive/S02_attentive_normal_000314.jpg,S02,attentive,normal,normal,,1,0.27661,0.45386,0.4269,-26.646,179.575,-173.658,155.03
S02/normal/attentive/S02_attentive_normal_000315.jpg,S02,attentive,normal,normal,,1,0.26934,0.45358,0.43912,-25.539,-179.863,-173.134,155.54
S02/normal/attentive/S02_attentive_normal_000316.jpg,S02,attentive,normal,normal,,1,0.28179,0.45198,0.43362,-26.859,-179.816,-172.444,155.87
S02/normal/attentive/S02_attentive_normal_000317.jpg,S02,attentive,normal,normal,,1,0.25274,0.45259,0.43575,-25.574,178.85,-172.286,155.25
S02/normal/attentive/S02_attentive_normal_000318.jpg,S02,attentive,normal,normal,,1,0.25575,0.45261,0.43957,-25.591,-179.978,-173.556,155.73
S02/normal/attentive/S02_attentive_normal_000319.jpg,S02,attentive,normal,normal,,1,0.24429,0.4531,0.43969,-26.106,178.824,-173.353,155.48
S02/normal/attentive/S02_attentive_normal_000320.jpg,S02,attentive,normal,normal,,1,0.25552,0.45293,0.42919,-27.129,179.806,-173.185,156.23
S02/normal/attentive/S02_attentive_normal_000321.jpg,S02,attentive,normal,normal,,1,0.26999,0.45359,0.4315,-25.987,-179.046,-173.339,156.21
S02/normal/attentive/S02_attentive_normal_000322.jpg,S02,attentive,normal,normal,,1,0.27558,0.45393,0.42659,-25.417,-179.486,-173.121,156.22
S02/normal/attentive/S02_attentive_normal_000323.jpg,S02,attentive,normal,normal,,1,0.29298,0.45255,0.43212,-26.052,-179.752,-173.082,156.01
S02/normal/attentive/S02_attentive_normal_000324.jpg,S02,attentive,normal,normal,,1,0.2808,0.45325,0.43193,-26.044,-179.177,-173.065,156.07
S02/normal/attentive/S02_attentive_normal_000325.jpg,S02,attentive,normal,normal,,1,0.25868,0.45358,0.43137,-25.313,-179.9,-172.709,155.44
S02/normal/attentive/S02_attentive_normal_000326.jpg,S02,attentive,normal,normal,,1,0.1264,0.45257,0.4335,-21.871,177.037,-172.175,156.43
S02/normal/attentive/S02_attentive_normal_000327.jpg,S02,attentive,normal,normal,,1,0.25082,0.45314,0.43287,-24.028,-179.757,-172.907,156.34
S02/normal/attentive/S02_attentive_normal_000328.jpg,S02,attentive,normal,normal,,1,0.27273,0.45288,0.4301,-25.03,-179.053,-173.106,156.48
S02/normal/attentive/S02_attentive_normal_000329.jpg,S02,attentive,normal,normal,,1,0.29621,0.45283,0.43722,-25.088,179.689,-171.757,155.43
S02/normal/attentive/S02_attentive_normal_000330.jpg,S02,attentive,normal,normal,,1,0.29782,0.45181,0.44265,-25.055,-179.832,-172.242,155.33
S02/normal/attentive/S02_attentive_normal_000331.jpg,S02,attentive,normal,normal,,1,0.28699,0.4519,0.4531,-25.674,-179.521,-172.806,155.22
S02/normal/attentive/S02_attentive_normal_000332.jpg,S02,attentive,normal,normal,,1,0.28271,0.45114,0.44495,-26.463,-179.803,-172.429,155.55
S02/normal/attentive/S02_attentive_normal_000333.jpg,S02,attentive,normal,normal,,1,0.29645,0.45136,0.44884,-25.464,-179.901,-172.457,155.09
S02/normal/attentive/S02_attentive_normal_000334.jpg,S02,attentive,normal,normal,,1,0.29247,0.45184,0.44595,-25.862,-179.461,-171.995,155.17
S02/normal/attentive/S02_attentive_normal_000335.jpg,S02,attentive,normal,normal,,1,0.29039,0.45216,0.4481,-24.491,179.801,-171.227,154.51
S02/normal/attentive/S02_attentive_normal_000336.jpg,S02,attentive,normal,normal,,1,0.29946,0.45201,0.44245,-24.304,179.374,-171.697,155.19
S02/normal/attentive/S02_attentive_normal_000337.jpg,S02,attentive,normal,normal,,1,0.29828,0.45279,0.43295,-24.567,179.63,-171.564,154.76
S02/normal/attentive/S02_attentive_normal_000338.jpg,S02,attentive,normal,normal,,1,0.30399,0.45127,0.43483,-25.512,-179.889,-171.406,155.55
S02/normal/attentive/S02_attentive_normal_000339.jpg,S02,attentive,normal,normal,,1,0.29943,0.45246,0.4388,-25.469,179.03,-171.301,155.1
S02/normal/attentive/S02_attentive_normal_000340.jpg,S02,attentive,normal,normal,,1,0.29864,0.4518,0.43323,-26.624,-179.601,-171.008,155.72
S02/normal/attentive/S02_attentive_normal_000341.jpg,S02,attentive,normal,normal,,1,0.28468,0.45293,0.43528,-26.131,178.81,-170.767,155.75
S02/normal/attentive/S02_attentive_normal_000342.jpg,S02,attentive,normal,normal,,1,0.25911,0.45215,0.43481,-25.36,179.43,-171.109,155.68
S02/normal/attentive/S02_attentive_normal_000343.jpg,S02,attentive,normal,normal,,1,0.27889,0.45185,0.43883,-25.843,-179.916,-172.606,155.86
S02/normal/attentive/S02_attentive_normal_000344.jpg,S02,attentive,normal,normal,,1,0.19448,0.45147,0.44086,-25.475,178.218,-172.485,155.82
S02/normal/attentive/S02_attentive_normal_000345.jpg,S02,attentive,normal,normal,,1,0.1054,0.45186,0.4488,-24.269,176.694,-170.7,155.65
S02/normal/attentive/S02_attentive_normal_000346.jpg,S02,attentive,normal,normal,,1,0.09506,0.51906,0.45614,-24.97,176.188,-171.074,155.59
S02/normal/attentive/S02_attentive_normal_000347.jpg,S02,attentive,normal,normal,,1,0.21236,0.45036,0.44292,-27.852,177.946,-172.075,155.3
S02/normal/attentive/S02_attentive_normal_000348.jpg,S02,attentive,normal,normal,,1,0.2747,0.45125,0.44315,-28.423,178.74,-172.055,155.88
S02/normal/attentive/S02_attentive_normal_000349.jpg,S02,attentive,normal,normal,,1,0.27116,0.45261,0.43822,-27.697,179.016,-172.422,155.6
S02/normal/attentive/S02_attentive_normal_000350.jpg,S02,attentive,normal,normal,,1,0.10221,0.45161,0.43794,-23.883,173.594,-170.665,155.48
S02/normal/attentive/S02_attentive_normal_000351.jpg,S02,attentive,normal,normal,,1,0.25886,0.45129,0.43509,-26.944,178.624,-172.231,155.53
S02/normal/attentive/S02_attentive_normal_000352.jpg,S02,attentive,normal,normal,,1,0.28727,0.45139,0.43397,-27.169,178.848,-172.129,155.45
S02/normal/attentive/S02_attentive_normal_000353.jpg,S02,attentive,normal,normal,,1,0.2876,0.45125,0.43108,-26.905,179.174,-172.106,155.57
S02/normal/attentive/S02_attentive_normal_000354.jpg,S02,attentive,normal,normal,,1,0.2902,0.45119,0.43055,-26.233,178.948,-172.028,155.5
S02/normal/attentive/S02_attentive_normal_000355.jpg,S02,attentive,normal,normal,,1,0.29085,0.45141,0.42544,-26.373,179.067,-172.009,155.53
S02/normal/attentive/S02_attentive_normal_000356.jpg,S02,attentive,normal,normal,,1,0.13715,0.45115,0.4283,-23.957,174.936,-170.394,155.47
S02/normal/attentive/S02_attentive_normal_000357.jpg,S02,attentive,normal,normal,,1,0.25808,0.45126,0.42902,-25.738,178.85,-172.019,155.63
S02/normal/attentive/S02_attentive_normal_000358.jpg,S02,attentive,normal,normal,,1,0.27678,0.45099,0.43281,-26.114,178.858,-172.207,155.38
S02/normal/attentive/S02_attentive_normal_000359.jpg,S02,attentive,normal,normal,,1,0.28125,0.45096,0.43021,-26.159,179.467,-172.4,155.5
S02/normal/attentive/S02_attentive_normal_000360.jpg,S02,attentive,normal,normal,,1,0.29826,0.45089,0.4285,-25.931,179.017,-172.013,155.59
S02/normal/attentive/S02_attentive_normal_000361.jpg,S02,attentive,normal,normal,,1,0.30245,0.45093,0.42981,-25.993,179.044,-172.071,155.37
S02/normal/attentive/S02_attentive_normal_000362.jpg,S02,attentive,normal,normal,,1,0.2976,0.45076,0.42662,-25.95,179.294,-172.109,155.5
S02/normal/attentive/S02_attentive_normal_000363.jpg,S02,attentive,normal,normal,,1,0.2692,0.45047,0.43281,-24.979,178.845,-171.795,155.43
S02/normal/attentive/S02_attentive_normal_000364.jpg,S02,attentive,normal,normal,,1,0.24325,0.4513,0.43386,-24.975,178.144,-171.98,155.59
S02/normal/attentive/S02_attentive_normal_000365.jpg,S02,attentive,normal,normal,,1,0.28881,0.45106,0.42671,-23.856,-179.891,-172.116,155.42
S02/normal/attentive/S02_attentive_normal_000366.jpg,S02,attentive,normal,normal,,1,0.27938,0.45144,0.43272,-23.794,179.805,-172.693,155.61
S02/normal/attentive/S02_attentive_normal_000367.jpg,S02,attentive,normal,normal,,1,0.28016,0.45124,0.43589,-23.734,179.614,-172.537,155.57
S02/normal/attentive/S02_attentive_normal_000368.jpg,S02,attentive,normal,normal,,1,0.29154,0.45118,0.43466,-24.797,179.558,-172.347,155.64
S02/normal/attentive/S02_attentive_normal_000369.jpg,S02,attentive,normal,normal,,1,0.29759,0.4518,0.43792,-25.014,179.841,-172.129,155.59
S02/normal/attentive/S02_attentive_normal_000370.jpg,S02,attentive,normal,normal,,1,0.29649,0.45219,0.43826,-24.699,179.845,-172.075,155.67
S02/normal/attentive/S02_attentive_normal_000371.jpg,S02,attentive,normal,normal,,1,0.29454,0.4513,0.43938,-24.733,179.727,-171.933,155.63
S02/normal/attentive/S02_attentive_normal_000372.jpg,S02,attentive,normal,normal,,1,0.29449,0.45175,0.44181,-24.459,179.533,-171.374,155.64
S02/normal/attentive/S02_attentive_normal_000373.jpg,S02,attentive,normal,normal,,1,0.31621,0.45047,0.4518,-24.783,179.288,-170.962,155.78
S02/normal/attentive/S02_attentive_normal_000374.jpg,S02,attentive,normal,normal,,1,0.30187,0.45068,0.45577,-23.851,179.087,-170.449,155.94
S02/normal/attentive/S02_attentive_normal_000375.jpg,S02,attentive,normal,normal,,1,0.30111,0.4506,0.45199,-23.082,179.575,-169.429,156.13
S02/normal/attentive/S02_attentive_normal_000376.jpg,S02,attentive,normal,normal,,1,0.29778,0.4517,0.449,-24.279,179.547,-169.444,156.01
S02/normal/attentive/S02_attentive_normal_000377.jpg,S02,attentive,normal,normal,,1,0.09683,0.44986,0.46172,-22.712,175.924,-169.024,155.84
S02/normal/attentive/S02_attentive_normal_000378.jpg,S02,attentive,normal,normal,,1,0.24949,0.45068,0.45139,-23.943,178.062,-169.588,156.28
S02/normal/attentive/S02_attentive_normal_000379.jpg,S02,attentive,normal,normal,,1,0.27908,0.45113,0.44955,-25.287,178.647,-169.884,156.06
S02/normal/attentive/S02_attentive_normal_000380.jpg,S02,attentive,normal,normal,,1,0.2887,0.45177,0.44788,-24.872,179.276,-170.103,156.1
S02/normal/attentive/S02_attentive_normal_000381.jpg,S02,attentive,normal,normal,,1,0.2945,0.45067,0.44614,-24.705,179.433,-170.041,156.01
S02/normal/attentive/S02_attentive_normal_000382.jpg,S02,attentive,normal,normal,,1,0.29478,0.45127,0.44516,-24.575,179.537,-170.103,156.09
S02/normal/attentive/S02_attentive_normal_000383.jpg,S02,attentive,normal,normal,,1,0.29923,0.45091,0.44778,-23.823,179.369,-170.048,155.93
S02/normal/attentive/S02_attentive_normal_000384.jpg,S02,attentive,normal,normal,,1,0.30763,0.45158,0.44496,-24.358,179.423,-170.098,155.72
S02/normal/attentive/S02_attentive_normal_000385.jpg,S02,attentive,normal,normal,,1,0.30949,0.45071,0.44369,-24.796,-179.649,-170.117,155.98
S02/normal/attentive/S02_attentive_normal_000386.jpg,S02,attentive,normal,normal,,1,0.31165,0.45074,0.44205,-24.173,179.147,-169.732,156.36
S02/normal/attentive/S02_attentive_normal_000387.jpg,S02,attentive,normal,normal,,1,0.30644,0.45125,0.43882,-24.46,179.4,-169.73,156.12
S02/normal/attentive/S02_attentive_normal_000388.jpg,S02,attentive,normal,normal,,1,0.16922,0.4507,0.44416,-24.306,176.82,-169.566,156.2
S02/normal/attentive/S02_attentive_normal_000389.jpg,S02,attentive,normal,normal,,1,0.26559,0.45063,0.44152,-25.409,178.463,-169.709,156.1
S02/normal/attentive/S02_attentive_normal_000390.jpg,S02,attentive,normal,normal,,1,0.29742,0.45038,0.44019,-25.089,179.284,-170.031,156.1
S02/normal/attentive/S02_attentive_normal_000391.jpg,S02,attentive,normal,normal,,1,0.30666,0.45031,0.43951,-25.593,179.194,-169.915,156.21
S02/normal/attentive/S02_attentive_normal_000392.jpg,S02,attentive,normal,normal,,1,0.31254,0.45209,0.43924,-25.423,179.309,-170.056,155.39
S02/normal/attentive/S02_attentive_normal_000393.jpg,S02,attentive,normal,normal,,1,0.31068,0.45176,0.44341,-25.202,179.608,-170.182,151.05
S02/normal/attentive/S02_attentive_normal_000394.jpg,S02,attentive,normal,normal,,1,0.30674,0.45204,0.44567,-24.342,179.54,-170.198,150.41
S02/normal/attentive/S02_attentive_normal_000395.jpg,S02,attentive,normal,normal,,1,0.30401,0.45105,0.44254,-24.702,179.167,-170.397,150.69
S02/normal/attentive/S02_attentive_normal_000396.jpg,S02,attentive,normal,normal,,1,0.25403,0.45064,0.43705,-24.262,179.048,-170.585,150.47
S02/normal/attentive/S02_attentive_normal_000397.jpg,S02,attentive,normal,normal,,1,0.16615,0.45219,0.43349,-20.467,176.775,-171.137,150.0
S02/normal/attentive/S02_attentive_normal_000398.jpg,S02,attentive,normal,normal,,1,0.29694,0.45154,0.43286,-23.598,179.953,-172.893,150.1
S02/normal/attentive/S02_attentive_normal_000399.jpg,S02,attentive,normal,normal,,1,0.30016,0.45223,0.42585,-24.018,-179.85,-174.55,149.72
S02/normal/attentive/S02_attentive_normal_000400.jpg,S02,attentive,normal,normal,,1,0.31791,0.45169,0.41758,-22.082,-179.129,-176.775,149.8
S02/normal/attentive/S02_attentive_normal_000401.jpg,S02,attentive,normal,normal,,1,0.21031,0.45298,0.42803,-19.91,177.933,-177.068,149.05
S02/normal/attentive/S02_attentive_normal_000402.jpg,S02,attentive,normal,normal,,1,0.17357,0.45212,0.4217,-20.322,177.845,-177.384,150.28
S02/normal/attentive/S02_attentive_normal_000403.jpg,S02,attentive,normal,normal,,1,0.29118,0.45074,0.42104,-23.367,-179.024,-179.514,148.84
S02/normal/attentive/S02_attentive_normal_000404.jpg,S02,attentive,normal,normal,,1,0.29657,0.45168,0.41815,-24.648,-179.4,-179.263,155.4
S02/normal/attentive/S02_attentive_normal_000405.jpg,S02,attentive,normal,normal,,1,0.3223,0.45138,0.42383,-25.414,179.299,-178.575,154.75
S02/normal/attentive/S02_attentive_normal_000406.jpg,S02,attentive,normal,normal,,1,0.31906,0.45121,0.41896,-23.842,179.766,-178.341,155.55
S02/normal/attentive/S02_attentive_normal_000407.jpg,S02,attentive,normal,normal,,1,0.31533,0.4512,0.4214,-24.627,179.421,-178.308,155.18
S02/normal/attentive/S02_attentive_normal_000408.jpg,S02,attentive,normal,normal,,1,0.12696,0.45339,0.42155,-20.878,174.316,-176.446,155.81
S02/normal/attentive/S02_attentive_normal_000409.jpg,S02,attentive,normal,normal,,1,0.27021,0.45214,0.42188,-23.069,179.238,-177.937,155.75
S02/normal/attentive/S02_attentive_normal_000410.jpg,S02,attentive,normal,normal,,1,0.30595,0.45087,0.42428,-23.727,179.029,-177.71,155.15
S02/normal/attentive/S02_attentive_normal_000411.jpg,S02,attentive,normal,normal,,1,0.30046,0.45219,0.42583,-23.918,-179.668,-177.956,155.51
S02/normal/attentive/S02_attentive_normal_000412.jpg,S02,attentive,normal,normal,,1,0.30721,0.45116,0.42671,-23.683,179.93,-177.621,155.63
S02/normal/attentive/S02_attentive_normal_000413.jpg,S02,attentive,normal,normal,,1,0.31776,0.45228,0.42513,-22.014,-179.25,-176.669,155.7
S02/normal/attentive/S02_attentive_normal_000414.jpg,S02,attentive,normal,normal,,1,0.29787,0.45176,0.42185,-22.767,-179.99,-177.028,155.1
S02/normal/attentive/S02_attentive_normal_000415.jpg,S02,attentive,normal,normal,,1,0.23274,0.44913,0.44515,-23.454,178.046,-177.065,156.13
S02/normal/attentive/S02_attentive_normal_000416.jpg,S02,attentive,normal,normal,,1,0.30913,0.4883,0.45354,-24.053,178.623,-176.965,155.8
S02/normal/attentive/S02_attentive_normal_000417.jpg,S02,attentive,normal,normal,,1,0.31291,0.5352,0.45464,-24.223,179.452,-176.568,156.09
S02/normal/attentive/S02_attentive_normal_000418.jpg,S02,attentive,normal,normal,,1,0.09638,0.50842,0.46929,-22.273,175.787,-174.778,155.83
S02/normal/attentive/S02_attentive_normal_000419.jpg,S02,attentive,normal,normal,,1,0.13781,0.48303,0.46155,-21.313,176.419,-175.64,155.97
S02/normal/attentive/S02_attentive_normal_000420.jpg,S02,attentive,normal,normal,,1,0.29668,0.45338,0.4353,-23.008,179.971,-176.438,155.61
S02/normal/attentive/S02_attentive_normal_000421.jpg,S02,attentive,normal,normal,,1,0.29812,0.45174,0.42941,-23.51,-179.41,-176.574,156.02
S02/normal/attentive/S02_attentive_normal_000422.jpg,S02,attentive,normal,normal,,1,0.29677,0.45204,0.42727,-23.219,-179.884,-176.151,155.96
S02/normal/attentive/S02_attentive_normal_000423.jpg,S02,attentive,normal,normal,,1,0.29683,0.4532,0.43244,-22.556,-179.565,-175.882,156.07
S02/normal/attentive/S02_attentive_normal_000424.jpg,S02,attentive,normal,normal,,1,0.3096,0.45248,0.43666,-22.377,-179.939,-174.899,156.17
S02/normal/attentive/S02_attentive_normal_000425.jpg,S02,attentive,normal,normal,,1,0.27335,0.45214,0.44564,-21.78,179.112,-174.689,156.04
S02/normal/attentive/S02_attentive_normal_000426.jpg,S02,attentive,normal,normal,,1,0.29287,0.45132,0.44063,-22.83,179.085,-174.786,155.95
S02/normal/attentive/S02_attentive_normal_000427.jpg,S02,attentive,normal,normal,,1,0.28584,0.45097,0.43785,-22.233,178.957,-174.553,156.0
S02/normal/attentive/S02_attentive_normal_000428.jpg,S02,attentive,normal,normal,,1,0.28641,0.4509,0.44133,-22.33,179.196,-174.4,155.94
S02/normal/attentive/S02_attentive_normal_000429.jpg,S02,attentive,normal,normal,,1,0.28453,0.45136,0.44237,-22.713,179.648,-174.406,156.05
S02/normal/attentive/S02_attentive_normal_000430.jpg,S02,attentive,normal,normal,,1,0.2942,0.45091,0.44,-22.736,179.418,-174.507,155.87
S02/normal/attentive/S02_attentive_normal_000431.jpg,S02,attentive,normal,normal,,1,0.3015,0.45008,0.44234,-21.869,179.048,-174.561,155.4
S02/normal/attentive/S02_attentive_normal_000432.jpg,S02,attentive,normal,normal,,1,0.29405,0.45081,0.44135,-22.395,179.281,-174.394,155.72
S02/normal/attentive/S02_attentive_normal_000433.jpg,S02,attentive,normal,normal,,1,0.3005,0.45047,0.44633,-22.406,178.51,-174.511,155.48
S02/normal/attentive/S02_attentive_normal_000434.jpg,S02,attentive,normal,normal,,1,0.2631,0.4541,0.40877,-24.428,-176.708,-174.487,146.43
S02/normal/attentive/S02_attentive_normal_000435.jpg,S02,attentive,normal,normal,,1,0.27477,0.45246,0.41158,-24.395,-177.547,-174.376,146.68
S02/normal/attentive/S02_attentive_normal_000436.jpg,S02,attentive,normal,normal,,1,0.32219,0.45256,0.42139,-23.218,-176.842,-175.307,146.14
S02/normal/attentive/S02_attentive_normal_000437.jpg,S02,attentive,normal,normal,,1,0.31578,0.45174,0.42946,-22.68,-178.717,-174.621,146.75
S02/normal/attentive/S02_attentive_normal_000438.jpg,S02,attentive,normal,normal,,1,0.33701,0.44866,0.45073,-24.099,-176.944,-175.243,145.83
S02/normal/attentive/S02_attentive_normal_000439.jpg,S02,attentive,normal,normal,,1,0.35099,0.45389,0.44235,-24.474,-177.548,-174.76,147.03
S02/normal/attentive/S02_attentive_normal_000440.jpg,S02,attentive,normal,normal,,1,0.34154,0.4787,0.46492,-23.955,-177.113,-176.287,145.99
S02/normal/attentive/S02_attentive_normal_000441.jpg,S02,attentive,normal,normal,,1,0.33005,0.45617,0.45153,-23.802,-175.475,-177.879,146.5
S02/normal/attentive/S02_attentive_normal_000442.jpg,S02,attentive,normal,normal,,1,0.26093,0.45108,0.46941,-22.964,179.609,-175.458,146.58
S02/normal/attentive/S02_attentive_normal_000443.jpg,S02,attentive,normal,normal,,1,0.32031,0.45063,0.45787,-25.821,-176.856,-175.875,146.33
S02/normal/attentive/S02_attentive_normal_000444.jpg,S02,attentive,normal,normal,,1,0.29328,0.45112,0.45347,-26.368,-177.646,-175.83,146.49
S02/normal/attentive/S02_attentive_normal_000445.jpg,S02,attentive,normal,normal,,1,0.30354,0.45301,0.45247,-25.089,-177.448,-175.465,146.04
S02/normal/attentive/S02_attentive_normal_000446.jpg,S02,attentive,normal,normal,,1,0.3174,0.45122,0.44705,-24.371,-177.407,-175.723,145.83
S02/normal/attentive/S02_attentive_normal_000447.jpg,S02,attentive,normal,normal,,1,0.24141,0.45331,0.40034,-26.564,-177.217,-176.548,144.09
S02/normal/attentive/S02_attentive_normal_000448.jpg,S02,attentive,normal,normal,,1,0.28776,0.45404,0.37426,-29.616,-175.63,-178.677,142.74
S02/normal/attentive/S02_attentive_normal_000449.jpg,S02,attentive,normal,normal,,1,0.24777,0.45425,0.37615,-28.712,-176.846,-176.176,141.37
S02/normal/attentive/S02_attentive_normal_000450.jpg,S02,attentive,normal,normal,,1,0.24349,0.45842,0.38476,-29.791,-179.309,-175.408,139.24
S02/normal/attentive/S02_attentive_normal_000451.jpg,S02,attentive,normal,normal,,1,0.27117,0.45584,0.38387,-30.068,-178.049,-175.527,134.84
S02/normal/attentive/S02_attentive_normal_000452.jpg,S02,attentive,normal,normal,,1,0.24316,0.4609,0.40221,-26.272,179.164,-174.297,126.95
S02/normal/attentive/S02_attentive_normal_000453.jpg,S02,attentive,normal,normal,,1,0.26872,0.45252,0.40531,-27.493,176.731,-173.63,124.87
S02/normal/attentive/S02_attentive_normal_000454.jpg,S02,attentive,normal,normal,,1,0.2684,0.45382,0.41263,-26.692,176.372,-172.704,125.5
S02/normal/attentive/S02_attentive_normal_000455.jpg,S02,attentive,normal,normal,,1,0.29768,0.45015,0.4146,-24.125,176.107,-174.374,125.71
S02/normal/attentive/S02_attentive_normal_000456.jpg,S02,attentive,normal,normal,,1,0.33253,0.45207,0.42812,-27.386,178.053,-174.39,125.48
S02/normal/attentive/S02_attentive_normal_000457.jpg,S02,attentive,normal,normal,,1,0.32025,0.45078,0.43284,-26.57,178.601,-174.846,125.88
S02/normal/attentive/S02_attentive_normal_000458.jpg,S02,attentive,normal,normal,,1,0.31136,0.45186,0.42185,-27.138,178.008,-175.147,126.55
S02/normal/attentive/S02_attentive_normal_000459.jpg,S02,attentive,normal,normal,,1,0.31045,0.45468,0.42481,-28.157,177.935,-175.114,126.48
S02/normal/attentive/S02_attentive_normal_000460.jpg,S02,attentive,normal,normal,,1,0.31081,0.45911,0.42704,-28.578,-179.891,-175.18,126.92
S02/normal/attentive/S02_attentive_normal_000461.jpg,S02,attentive,normal,normal,,1,0.30911,0.45882,0.41791,-30.185,179.586,-174.844,127.19
S02/normal/attentive/S02_attentive_normal_000462.jpg,S02,attentive,normal,normal,,1,0.30445,0.45921,0.42236,-28.983,179.057,-174.162,127.59
S02/normal/attentive/S02_attentive_normal_000463.jpg,S02,attentive,normal,normal,,1,0.32077,0.45755,0.41487,-29.038,179.678,-174.022,128.0
S02/normal/attentive/S02_attentive_normal_000464.jpg,S02,attentive,normal,normal,,1,0.31435,0.45674,0.41337,-29.891,-179.904,-173.964,128.2
S02/normal/attentive/S02_attentive_normal_000465.jpg,S02,attentive,normal,normal,,1,0.32994,0.45568,0.41587,-30.159,178.295,-173.53,128.14
S02/normal/attentive/S02_attentive_normal_000466.jpg,S02,attentive,normal,normal,,1,0.32864,0.45457,0.41194,-30.242,179.76,-174.045,128.64
S02/normal/attentive/S02_attentive_normal_000467.jpg,S02,attentive,normal,normal,,1,0.33773,0.45486,0.41237,-28.496,-179.499,-174.112,128.75
S02/normal/attentive/S02_attentive_normal_000468.jpg,S02,attentive,normal,normal,,1,0.26821,0.45449,0.41866,-30.366,178.206,-173.551,129.07
S02/normal/attentive/S02_attentive_normal_000469.jpg,S02,attentive,normal,normal,,1,0.31847,0.4548,0.41355,-29.191,-179.932,-174.328,128.96
S02/normal/attentive/S02_attentive_normal_000470.jpg,S02,attentive,normal,normal,,1,0.30862,0.45276,0.4153,-27.947,-179.07,-174.519,129.05
S02/normal/attentive/S02_attentive_normal_000471.jpg,S02,attentive,normal,normal,,1,0.33,0.45218,0.41542,-28.168,-178.87,-174.16,129.7
S02/normal/attentive/S02_attentive_normal_000472.jpg,S02,attentive,normal,normal,,1,0.33088,0.45249,0.41658,-26.061,-179.385,-173.54,129.68
S02/normal/attentive/S02_attentive_normal_000473.jpg,S02,attentive,normal,normal,,1,0.31872,0.4514,0.4102,-25.88,179.405,-173.535,129.52
S02/normal/attentive/S02_attentive_normal_000474.jpg,S02,attentive,normal,normal,,1,0.24581,0.452,0.41786,-27.239,178.37,-173.87,129.69
S02/normal/attentive/S02_attentive_normal_000475.jpg,S02,attentive,normal,normal,,1,0.29699,0.45179,0.41277,-25.58,179.936,-174.54,129.89
S02/normal/attentive/S02_attentive_normal_000476.jpg,S02,attentive,normal,normal,,1,0.27876,0.45108,0.41344,-26.308,179.645,-174.217,129.83
S02/normal/attentive/S02_attentive_normal_000477.jpg,S02,attentive,normal,normal,,1,0.26298,0.4509,0.41553,-26.262,178.16,-173.787,130.24
S02/normal/attentive/S02_attentive_normal_000478.jpg,S02,attentive,normal,normal,,1,0.29955,0.45301,0.40865,-26.732,-179.484,-174.319,130.03
S02/normal/attentive/S02_attentive_normal_000479.jpg,S02,attentive,normal,normal,,1,0.30471,0.4515,0.40302,-25.187,179.737,-173.65,130.26
S02/normal/attentive/S02_attentive_normal_000480.jpg,S02,attentive,normal,normal,,1,0.27637,0.45256,0.40436,-27.872,178.21,-173.213,130.34
S02/normal/attentive/S02_attentive_normal_000481.jpg,S02,attentive,normal,normal,,1,0.29558,0.44932,0.41173,-27.035,179.361,-173.526,130.33
S02/normal/attentive/S02_attentive_normal_000482.jpg,S02,attentive,normal,normal,,1,0.30425,0.45203,0.4107,-28.452,179.914,-174.01,130.77
S02/normal/attentive/S02_attentive_normal_000483.jpg,S02,attentive,normal,normal,,1,0.31491,0.45119,0.41949,-27.473,-179.807,-174.165,130.48
S02/normal/attentive/S02_attentive_normal_000484.jpg,S02,attentive,normal,normal,,1,0.27734,0.45298,0.4284,-26.936,177.445,-174.667,130.84
S02/normal/attentive/S02_attentive_normal_000485.jpg,S02,attentive,normal,normal,,1,0.28616,0.45357,0.41833,-28.434,-179.821,-174.451,130.49
S02/normal/attentive/S02_attentive_normal_000486.jpg,S02,attentive,normal,normal,,1,0.31796,0.45222,0.42085,-27.735,179.452,-174.863,130.66
S02/normal/attentive/S02_attentive_normal_000487.jpg,S02,attentive,normal,normal,,1,0.27701,0.45327,0.42805,-27.781,177.412,-174.845,130.48
S02/normal/attentive/S02_attentive_normal_000488.jpg,S02,attentive,normal,normal,,1,0.31027,0.45356,0.42036,-27.718,178.755,-174.394,130.84
S02/normal/attentive/S02_attentive_normal_000489.jpg,S02,attentive,normal,normal,,1,0.31403,0.45151,0.42038,-27.279,179.336,-175.112,130.73
S02/normal/attentive/S02_attentive_normal_000490.jpg,S02,attentive,normal,normal,,1,0.31355,0.45293,0.42342,-27.947,179.364,-174.549,130.71
S02/normal/attentive/S02_attentive_normal_000491.jpg,S02,attentive,normal,normal,,1,0.33588,0.45334,0.41615,-28.226,179.274,-174.673,130.99
S02/normal/attentive/S02_attentive_normal_000492.jpg,S02,attentive,normal,normal,,1,0.25681,0.45749,0.42749,-29.502,177.831,-173.541,130.96
S02/normal/attentive/S02_attentive_normal_000493.jpg,S02,attentive,normal,normal,,1,0.31161,0.45312,0.42983,-28.248,179.896,-174.244,130.96
S02/normal/attentive/S02_attentive_normal_000494.jpg,S02,attentive,normal,normal,,1,0.3073,0.45406,0.42501,-27.539,178.937,-174.617,131.17
S02/normal/attentive/S02_attentive_normal_000495.jpg,S02,attentive,normal,normal,,1,0.32589,0.45133,0.42721,-27.661,179.535,-174.737,130.82
S02/normal/attentive/S02_attentive_normal_000496.jpg,S02,attentive,normal,normal,,1,0.31168,0.45371,0.41584,-28.066,178.639,-174.124,131.38
S02/normal/attentive/S02_attentive_normal_000497.jpg,S02,attentive,normal,normal,,1,0.32099,0.45353,0.41325,-26.638,177.796,-173.517,131.26
S02/normal/attentive/S02_attentive_normal_000498.jpg,S02,attentive,normal,normal,,1,0.31527,0.45292,0.41025,-26.734,177.879,-173.621,131.63
S02/normal/attentive/S02_attentive_normal_000499.jpg,S02,attentive,normal,normal,,1,0.33871,0.45338,0.40581,-25.776,178.19,-173.652,131.68
S02/normal/attentive/S02_attentive_normal_000500.jpg,S02,attentive,normal,normal,,1,0.31616,0.45342,0.40768,-24.966,178.481,-173.999,131.79
S02/normal/attentive/S02_attentive_normal_000501.jpg,S02,attentive,normal,normal,,1,0.32881,0.45301,0.40314,-26.029,179.098,-173.514,131.43
S02/normal/attentive/S02_attentive_normal_000502.jpg,S02,attentive,normal,normal,,1,0.32963,0.4541,0.41009,-25.387,179.267,-173.124,131.48
S02/normal/attentive/S02_attentive_normal_000503.jpg,S02,attentive,normal,normal,,1,0.33086,0.45211,0.40905,-25.86,178.419,-173.425,131.64
S02/normal/attentive/S02_attentive_normal_000504.jpg,S02,attentive,normal,normal,,1,0.32683,0.45299,0.41641,-24.316,177.8,-173.243,132.03
S02/normal/attentive/S02_attentive_normal_000505.jpg,S02,attentive,normal,normal,,1,0.25481,0.45235,0.42054,-26.69,177.488,-172.72,131.99
S02/normal/attentive/S02_attentive_normal_000506.jpg,S02,attentive,normal,normal,,1,0.3203,0.45186,0.41275,-26.083,-179.801,-173.387,131.57
S02/normal/attentive/S02_attentive_normal_000507.jpg,S02,attentive,normal,normal,,1,0.32334,0.4513,0.42227,-26.244,179.911,-173.146,131.89
S02/normal/attentive/S02_attentive_normal_000508.jpg,S02,attentive,normal,normal,,1,0.33256,0.45285,0.41579,-25.938,179.863,-172.808,131.74
S02/normal/attentive/S02_attentive_normal_000509.jpg,S02,attentive,normal,normal,,1,0.33331,0.45272,0.4168,-25.382,179.294,-172.952,131.6
S02/normal/attentive/S02_attentive_normal_000510.jpg,S02,attentive,normal,normal,,1,0.33321,0.45208,0.4235,-25.309,-178.291,-174.245,132.23
S02/normal/attentive/S02_attentive_normal_000511.jpg,S02,attentive,normal,normal,,1,0.3199,0.45266,0.42009,-26.069,-178.49,-174.454,131.88
S02/normal/attentive/S02_attentive_normal_000512.jpg,S02,attentive,normal,normal,,1,0.3332,0.45182,0.42635,-24.987,179.74,-173.283,132.06
S02/normal/attentive/S02_attentive_normal_000513.jpg,S02,attentive,normal,normal,,1,0.33019,0.45194,0.42694,-24.83,-179.508,-173.464,132.12
S02/normal/attentive/S02_attentive_normal_000514.jpg,S02,attentive,normal,normal,,1,0.26132,0.45159,0.4222,-24.802,176.263,-172.087,132.0
S02/normal/attentive/S02_attentive_normal_000515.jpg,S02,attentive,normal,normal,,1,0.32418,0.45085,0.42881,-25.784,-179.681,-173.184,131.14
S02/normal/attentive/S02_attentive_normal_000516.jpg,S02,attentive,normal,normal,,1,0.32272,0.45068,0.41886,-25.043,-179.86,-173.597,131.53
S02/normal/attentive/S02_attentive_normal_000517.jpg,S02,attentive,normal,normal,,1,0.33968,0.45178,0.4162,-25.428,-179.351,-173.526,132.44
S02/normal/attentive/S02_attentive_normal_000518.jpg,S02,attentive,normal,normal,,1,0.33714,0.45151,0.42656,-25.93,-179.052,-173.571,131.88
S02/normal/attentive/S02_attentive_normal_000519.jpg,S02,attentive,normal,normal,,1,0.32849,0.45149,0.42132,-26.387,179.872,-172.779,132.21
S02/normal/attentive/S02_attentive_normal_000520.jpg,S02,attentive,normal,normal,,1,0.32191,0.45179,0.41794,-25.881,179.731,-172.731,132.23
S02/normal/attentive/S02_attentive_normal_000521.jpg,S02,attentive,normal,normal,,1,0.32727,0.45327,0.4198,-24.409,-179.327,-173.208,132.13
S02/normal/attentive/S02_attentive_normal_000522.jpg,S02,attentive,normal,normal,,1,0.30445,0.45267,0.41654,-27.062,-178.663,-173.239,132.34
S02/normal/attentive/S02_attentive_normal_000523.jpg,S02,attentive,normal,normal,,1,0.31966,0.45272,0.42468,-30.359,-179.484,-174.989,131.95
S02/normal/attentive/S02_attentive_normal_000524.jpg,S02,attentive,normal,normal,,1,0.33423,0.45344,0.42243,-29.043,-178.722,-174.816,132.12
S02/normal/attentive/S02_attentive_normal_000525.jpg,S02,attentive,normal,normal,,1,0.30017,0.45508,0.41979,-28.171,-176.21,-174.216,132.03
S02/normal/attentive/S02_attentive_normal_000526.jpg,S02,attentive,normal,normal,,1,0.30477,0.4525,0.41772,-27.363,-176.762,-173.361,132.42
S02/normal/attentive/S02_attentive_normal_000527.jpg,S02,attentive,normal,normal,,1,0.29791,0.45498,0.41393,-28.137,-176.534,-173.463,132.7
S02/normal/attentive/S02_attentive_normal_000528.jpg,S02,attentive,normal,normal,,1,0.30232,0.45376,0.42543,-27.281,-177.63,-173.586,133.96
S02/normal/attentive/S02_attentive_normal_000529.jpg,S02,attentive,normal,normal,,1,0.31321,0.45352,0.41242,-26.973,-175.504,-174.499,137.8
S02/normal/attentive/S02_attentive_normal_000530.jpg,S02,attentive,normal,normal,,1,0.30604,0.45701,0.41535,-26.963,-174.139,-174.394,141.01
S02/normal/attentive/S02_attentive_normal_000531.jpg,S02,attentive,normal,normal,,1,0.29969,0.45386,0.42617,-27.102,-176.796,-174.291,137.84
S02/normal/attentive/S02_attentive_normal_000532.jpg,S02,attentive,normal,normal,,1,0.2982,0.45326,0.43066,-26.9,-175.486,-175.696,139.96
S02/normal/attentive/S02_attentive_normal_000533.jpg,S02,attentive,normal,normal,,1,0.29937,0.45325,0.43972,-24.232,-176.727,-174.425,137.57
S02/normal/attentive/S02_attentive_normal_000534.jpg,S02,attentive,normal,normal,,1,0.30225,0.45203,0.42499,-24.404,-174.751,-176.301,138.4
S02/normal/attentive/S02_attentive_normal_000535.jpg,S02,attentive,normal,normal,,1,0.30165,0.45502,0.42308,-24.829,-174.531,-176.075,137.22
S02/normal/attentive/S02_attentive_normal_000536.jpg,S02,attentive,normal,normal,,1,0.28005,0.45481,0.43619,-23.37,-174.226,-175.961,138.14
S02/normal/attentive/S02_attentive_normal_000537.jpg,S02,attentive,normal,normal,,1,0.27882,0.45612,0.43936,-24.831,-173.567,-175.452,139.1
S02/normal/attentive/S02_attentive_normal_000538.jpg,S02,attentive,normal,normal,,1,0.27005,0.45547,0.44571,-24.586,-174.457,-174.231,138.84
S02/normal/attentive/S02_attentive_normal_000539.jpg,S02,attentive,normal,normal,,1,0.2775,0.4561,0.45752,-23.552,-172.847,-175.344,139.5
S02/normal/attentive/S02_attentive_normal_000540.jpg,S02,attentive,normal,normal,,1,0.27712,0.45523,0.44545,-23.265,-172.117,-174.41,139.03
S02/normal/attentive/S02_attentive_normal_000541.jpg,S02,attentive,normal,normal,,1,0.21906,0.45287,0.45673,-23.826,-178.076,-173.458,140.2
S02/normal/attentive/S02_attentive_normal_000542.jpg,S02,attentive,normal,normal,,1,0.25413,0.45362,0.44315,-21.067,-177.393,-172.35,139.51
S02/normal/attentive/S02_attentive_normal_000543.jpg,S02,attentive,normal,normal,,1,0.24496,0.4545,0.45104,-23.527,-175.397,-175.031,140.78
S02/normal/attentive/S02_attentive_normal_000544.jpg,S02,attentive,normal,normal,,1,0.28649,0.45535,0.43294,-24.291,-174.177,-174.794,140.62
S02/normal/attentive/S02_attentive_normal_000545.jpg,S02,attentive,normal,normal,,1,0.2794,0.45325,0.43812,-24.767,-173.2,-174.868,141.47
S02/normal/attentive/S02_attentive_normal_000546.jpg,S02,attentive,normal,normal,,1,0.287,0.45334,0.43137,-24.444,-174.12,-174.431,141.85
S02/normal/attentive/S02_attentive_normal_000547.jpg,S02,attentive,normal,normal,,1,0.19783,0.45337,0.44095,-25.802,-177.492,-171.717,141.76
S02/normal/attentive/S02_attentive_normal_000548.jpg,S02,attentive,normal,normal,,1,0.27397,0.45279,0.44371,-24.642,-174.961,-172.855,141.4
S02/normal/attentive/S02_attentive_normal_000549.jpg,S02,attentive,normal,normal,,1,0.23108,0.45286,0.46819,-24.017,-176.01,-170.942,141.62
S02/normal/attentive/S02_attentive_normal_000550.jpg,S02,attentive,normal,normal,,1,0.26629,0.45275,0.45158,-25.302,-174.248,-172.7,141.8
S02/normal/attentive/S02_attentive_normal_000551.jpg,S02,attentive,normal,normal,,1,0.27983,0.45259,0.44872,-24.961,-175.406,-172.549,141.39
S02/normal/attentive/S02_attentive_normal_000552.jpg,S02,attentive,normal,normal,,1,0.22949,0.45219,0.46482,-24.37,-178.531,-170.23,141.93
S02/normal/attentive/S02_attentive_normal_000553.jpg,S02,attentive,normal,normal,,1,0.27281,0.45185,0.4529,-26.252,-175.274,-171.264,141.42
S02/normal/attentive/S02_attentive_normal_000554.jpg,S02,attentive,normal,normal,,1,0.28115,0.45117,0.46207,-27.62,-177.974,-172.024,141.5
S02/normal/attentive/S02_attentive_normal_000555.jpg,S02,attentive,normal,normal,,1,0.28016,0.45182,0.48131,-28.022,-178.547,-172.443,141.19
S02/normal/attentive/S02_attentive_normal_000556.jpg,S02,attentive,normal,normal,,1,0.1985,0.45155,0.47893,-30.061,-179.428,-173.452,141.06
S02/normal/attentive/S02_attentive_normal_000557.jpg,S02,attentive,normal,normal,,1,0.24337,0.45098,0.47441,-29.611,179.77,-173.527,141.08
S02/normal/attentive/S02_attentive_normal_000558.jpg,S02,attentive,normal,normal,,1,0.25863,0.45187,0.48068,-29.053,-179.163,-173.26,140.85
S02/normal/attentive/S02_attentive_normal_000559.jpg,S02,attentive,normal,normal,,1,0.27257,0.45255,0.46223,-28.738,-178.617,-173.038,141.23
S02/normal/attentive/S02_attentive_normal_000560.jpg,S02,attentive,normal,normal,,1,0.27687,0.45682,0.47454,-27.585,179.922,-171.348,140.91
S02/normal/attentive/S02_attentive_normal_000561.jpg,S02,attentive,normal,normal,,1,0.28283,0.51322,0.46342,-29.329,-178.637,-172.268,141.49
S02/normal/attentive/S02_attentive_normal_000562.jpg,S02,attentive,normal,normal,,1,0.28605,0.52484,0.46671,-30.028,-178.812,-172.021,141.27
S02/normal/attentive/S02_attentive_normal_000563.jpg,S02,attentive,normal,normal,,1,0.29287,0.48454,0.46196,-29.702,-178.988,-172.583,141.38
S02/normal/attentive/S02_attentive_normal_000564.jpg,S02,attentive,normal,normal,,1,0.28443,0.47997,0.46366,-29.028,-178.908,-172.77,141.32
S02/normal/attentive/S02_attentive_normal_000565.jpg,S02,attentive,normal,normal,,1,0.2907,0.4794,0.45826,-28.845,-177.976,-173.578,141.72
S02/normal/attentive/S02_attentive_normal_000566.jpg,S02,attentive,normal,normal,,1,0.29092,0.45979,0.45731,-29.215,-178.272,-173.443,141.78
S02/normal/attentive/S02_attentive_normal_000567.jpg,S02,attentive,normal,normal,,1,0.25768,0.45731,0.45692,-30.718,-177.211,-173.477,141.18
S02/normal/attentive/S02_attentive_normal_000568.jpg,S02,attentive,normal,normal,,1,0.27357,0.45809,0.45906,-29.956,-177.061,-174.139,141.23
S02/normal/attentive/S02_attentive_normal_000569.jpg,S02,attentive,normal,normal,,1,0.29336,0.46016,0.45327,-29.44,-177.338,-173.843,140.66
S02/normal/attentive/S02_attentive_normal_000570.jpg,S02,attentive,normal,normal,,1,0.29384,0.46124,0.44901,-29.191,-175.932,-174.385,140.94
S02/normal/attentive/S02_attentive_normal_000571.jpg,S02,attentive,normal,normal,,1,0.28834,0.46037,0.45652,-28.583,-176.219,-173.883,140.45
S02/normal/attentive/S02_attentive_normal_000572.jpg,S02,attentive,normal,normal,,1,0.28776,0.46354,0.46476,-28.73,-176.235,-173.814,141.01
S02/normal/attentive/S02_attentive_normal_000573.jpg,S02,attentive,normal,normal,,1,0.29152,0.46343,0.45824,-29.686,-175.846,-173.926,141.38
S02/normal/attentive/S02_attentive_normal_000574.jpg,S02,attentive,normal,normal,,1,0.30456,0.46148,0.46094,-30.354,-177.363,-173.497,141.05
S02/normal/attentive/S02_attentive_normal_000575.jpg,S02,attentive,normal,normal,,1,0.29049,0.46201,0.46009,-29.543,-177.538,-173.099,141.17
S02/normal/attentive/S02_attentive_normal_000576.jpg,S02,attentive,normal,normal,,1,0.31412,0.45944,0.45601,-28.776,-175.793,-173.593,141.06
S02/normal/attentive/S02_attentive_normal_000577.jpg,S02,attentive,normal,normal,,1,0.28961,0.46184,0.46197,-29.689,-175.357,-174.311,141.11
S02/normal/drowsy/S02_drowsy_normal_000000.jpg,S02,drowsy,normal,normal,,1,0.28408,0.45063,0.44388,-28.477,175.055,-171.635,128.2
S02/normal/drowsy/S02_drowsy_normal_000001.jpg,S02,drowsy,normal,normal,,1,0.26738,0.45093,0.44176,-28.431,174.866,-171.973,128.56
S02/normal/drowsy/S02_drowsy_normal_000002.jpg,S02,drowsy,normal,normal,,1,0.10617,0.45219,0.44774,-25.195,172.312,-170.625,128.54
S02/normal/drowsy/S02_drowsy_normal_000003.jpg,S02,drowsy,normal,normal,,1,0.08721,0.45228,0.44446,-25.226,171.726,-170.436,128.49
S02/normal/drowsy/S02_drowsy_normal_000004.jpg,S02,drowsy,normal,normal,,1,0.06942,0.45096,0.44428,-24.041,171.438,-170.377,128.44
S02/normal/drowsy/S02_drowsy_normal_000005.jpg,S02,drowsy,normal,normal,,1,0.05555,0.45095,0.44367,-23.868,170.944,-169.904,128.36
S02/normal/drowsy/S02_drowsy_normal_000006.jpg,S02,drowsy,normal,normal,,1,0.07438,0.45068,0.4407,-23.544,170.61,-170.324,128.66
S02/normal/drowsy/S02_drowsy_normal_000007.jpg,S02,drowsy,normal,normal,,1,0.09413,0.45127,0.44009,-24.581,171.384,-170.84,128.47
S02/normal/drowsy/S02_drowsy_normal_000008.jpg,S02,drowsy,normal,normal,,1,0.08015,0.45135,0.43988,-23.451,170.929,-170.361,128.9
S02/normal/drowsy/S02_drowsy_normal_000009.jpg,S02,drowsy,normal,normal,,1,0.04977,0.45159,0.44245,-23.391,171.321,-170.269,129.03
S02/normal/drowsy/S02_drowsy_normal_000010.jpg,S02,drowsy,normal,normal,,1,0.07137,0.45068,0.44243,-24.478,171.857,-170.517,128.88
S02/normal/drowsy/S02_drowsy_normal_000011.jpg,S02,drowsy,normal,normal,,1,0.0656,0.45147,0.43185,-24.905,171.22,-169.89,128.81
S02/normal/drowsy/S02_drowsy_normal_000012.jpg,S02,drowsy,normal,normal,,1,0.0593,0.4499,0.43672,-25.608,170.871,-169.791,128.65
S02/normal/drowsy/S02_drowsy_normal_000013.jpg,S02,drowsy,normal,normal,,1,0.06327,0.45021,0.43929,-23.709,170.977,-169.822,128.92
S02/normal/drowsy/S02_drowsy_normal_000014.jpg,S02,drowsy,normal,normal,,1,0.06864,0.4511,0.43793,-24.766,171.286,-169.78,128.09
S02/normal/drowsy/S02_drowsy_normal_000015.jpg,S02,drowsy,normal,normal,,1,0.08095,0.45152,0.43908,-25.079,171.549,-169.361,129.33
S02/normal/drowsy/S02_drowsy_normal_000016.jpg,S02,drowsy,normal,normal,,1,0.05151,0.45076,0.43997,-23.762,171.364,-169.491,128.45
S02/normal/drowsy/S02_drowsy_normal_000017.jpg,S02,drowsy,normal,normal,,1,0.05895,0.45113,0.43818,-24.64,172.563,-170.188,128.86
S02/normal/drowsy/S02_drowsy_normal_000018.jpg,S02,drowsy,normal,normal,,1,0.05591,0.45031,0.43454,-23.427,170.938,-169.466,128.99
S02/normal/drowsy/S02_drowsy_normal_000019.jpg,S02,drowsy,normal,normal,,1,0.06512,0.4509,0.4319,-24.472,171.509,-169.666,129.15
S02/normal/drowsy/S02_drowsy_normal_000020.jpg,S02,drowsy,normal,normal,,1,0.07816,0.45069,0.43984,-24.675,170.708,-169.4,128.46
S02/normal/drowsy/S02_drowsy_normal_000021.jpg,S02,drowsy,normal,normal,,1,0.07045,0.45004,0.43554,-23.757,171.166,-169.956,128.92
S02/normal/drowsy/S02_drowsy_normal_000022.jpg,S02,drowsy,normal,normal,,1,0.05888,0.45095,0.4313,-24.127,170.937,-169.677,129.11
S02/normal/drowsy/S02_drowsy_normal_000023.jpg,S02,drowsy,normal,normal,,1,0.04269,0.45058,0.43228,-22.731,171.025,-169.973,129.33
S02/normal/drowsy/S02_drowsy_normal_000024.jpg,S02,drowsy,normal,normal,,1,0.04352,0.44973,0.43281,-22.493,171.391,-169.903,129.54
S02/normal/drowsy/S02_drowsy_normal_000025.jpg,S02,drowsy,normal,normal,,1,0.04017,0.45077,0.43214,-22.899,170.29,-169.888,129.12
S02/normal/drowsy/S02_drowsy_normal_000026.jpg,S02,drowsy,normal,normal,,1,0.07383,0.45068,0.42972,-21.849,171.147,-169.738,129.3
S02/normal/drowsy/S02_drowsy_normal_000027.jpg,S02,drowsy,normal,normal,,1,0.05779,0.45107,0.43334,-22.504,171.274,-169.8,129.12
S02/normal/drowsy/S02_drowsy_normal_000028.jpg,S02,drowsy,normal,normal,,1,0.04131,0.45077,0.43189,-23.004,170.934,-169.958,129.14
S02/normal/drowsy/S02_drowsy_normal_000029.jpg,S02,drowsy,normal,normal,,1,0.05461,0.45129,0.43199,-25.176,171.849,-169.784,129.21
S02/normal/drowsy/S02_drowsy_normal_000030.jpg,S02,drowsy,normal,normal,,1,0.05158,0.45023,0.4326,-23.419,170.876,-169.603,129.42
S02/normal/drowsy/S02_drowsy_normal_000031.jpg,S02,drowsy,normal,normal,,1,0.05114,0.45157,0.43201,-24.47,170.891,-169.539,129.35
S02/normal/drowsy/S02_drowsy_normal_000032.jpg,S02,drowsy,normal,normal,,1,0.071,0.45045,0.43085,-23.033,171.908,-170.584,129.27
S02/normal/drowsy/S02_drowsy_normal_000033.jpg,S02,drowsy,normal,normal,,1,0.05545,0.45124,0.42915,-23.817,170.442,-169.556,129.22
S02/normal/drowsy/S02_drowsy_normal_000034.jpg,S02,drowsy,normal,normal,,1,0.05509,0.45223,0.42692,-23.752,170.496,-169.152,129.45
S02/normal/drowsy/S02_drowsy_normal_000035.jpg,S02,drowsy,normal,normal,,1,0.06237,0.45135,0.42835,-24.164,171.069,-169.482,129.44
S02/normal/drowsy/S02_drowsy_normal_000036.jpg,S02,drowsy,normal,normal,,1,0.10263,0.45098,0.42964,-23.537,171.152,-169.697,129.35
S02/normal/drowsy/S02_drowsy_normal_000037.jpg,S02,drowsy,normal,normal,,1,0.22039,0.45123,0.43062,-26.79,173.652,-170.624,129.47
S02/normal/drowsy/S02_drowsy_normal_000038.jpg,S02,drowsy,normal,normal,,1,0.23101,0.45075,0.4308,-27.97,174.732,-171.186,129.48
S02/normal/drowsy/S02_drowsy_normal_000039.jpg,S02,drowsy,normal,normal,,1,0.24035,0.45128,0.4313,-27.739,174.32,-170.808,129.54
S02/normal/drowsy/S02_drowsy_normal_000040.jpg,S02,drowsy,normal,normal,,1,0.23892,0.44963,0.43578,-27.871,174.691,-171.131,129.52
S02/normal/drowsy/S02_drowsy_normal_000041.jpg,S02,drowsy,normal,normal,,1,0.23401,0.45054,0.43363,-27.869,174.564,-170.7,129.45
S02/normal/drowsy/S02_drowsy_normal_000042.jpg,S02,drowsy,normal,normal,,1,0.2423,0.45059,0.43336,-27.519,175.23,-171.104,129.47
S02/normal/drowsy/S02_drowsy_normal_000043.jpg,S02,drowsy,normal,normal,,1,0.05081,0.45075,0.43054,-23.157,170.702,-169.375,129.26
S02/normal/drowsy/S02_drowsy_normal_000044.jpg,S02,drowsy,normal,normal,,1,0.08966,0.4507,0.43074,-24.245,171.411,-169.289,129.43
S02/normal/drowsy/S02_drowsy_normal_000045.jpg,S02,drowsy,normal,normal,,1,0.21609,0.45051,0.43161,-26.621,174.706,-170.817,129.52
S02/normal/drowsy/S02_drowsy_normal_000046.jpg,S02,drowsy,normal,normal,,1,0.25438,0.45042,0.42569,-27.777,174.685,-170.925,129.84
S02/normal/drowsy/S02_drowsy_normal_000047.jpg,S02,drowsy,normal,normal,,1,0.23247,0.44992,0.42956,-26.497,174.905,-170.591,129.77
S02/normal/drowsy/S02_drowsy_normal_000048.jpg,S02,drowsy,normal,normal,,1,0.25475,0.45048,0.43014,-27.365,174.653,-170.43,129.64
S02/normal/drowsy/S02_drowsy_normal_000049.jpg,S02,drowsy,normal,normal,,1,0.2516,0.45194,0.42544,-28.326,175.614,-170.798,129.69
S02/normal/drowsy/S02_drowsy_normal_000050.jpg,S02,drowsy,normal,normal,,1,0.2513,0.45194,0.42675,-27.527,174.375,-170.493,129.76
S02/normal/drowsy/S02_drowsy_normal_000051.jpg,S02,drowsy,normal,normal,,1,0.24215,0.45308,0.42996,-26.907,175.251,-170.616,129.67
S02/normal/drowsy/S02_drowsy_normal_000052.jpg,S02,drowsy,normal,normal,,1,0.06164,0.44984,0.42481,-22.702,171.374,-169.68,129.75
S02/normal/drowsy/S02_drowsy_normal_000053.jpg,S02,drowsy,normal,normal,,1,0.054,0.45058,0.42839,-22.486,172.223,-169.615,129.43
S02/normal/drowsy/S02_drowsy_normal_000054.jpg,S02,drowsy,normal,normal,,1,0.22947,0.45053,0.42455,-27.648,174.344,-170.443,129.48
S02/normal/drowsy/S02_drowsy_normal_000055.jpg,S02,drowsy,normal,normal,,1,0.24857,0.45107,0.42489,-28.606,175.131,-170.874,129.42
S02/normal/drowsy/S02_drowsy_normal_000056.jpg,S02,drowsy,normal,normal,,1,0.25187,0.45152,0.431,-28.166,174.901,-170.323,129.32
S02/normal/drowsy/S02_drowsy_normal_000057.jpg,S02,drowsy,normal,normal,,1,0.25379,0.45086,0.43754,-28.711,175.022,-170.797,129.3
S02/normal/drowsy/S02_drowsy_normal_000058.jpg,S02,drowsy,normal,normal,,1,0.23976,0.4506,0.4387,-28.12,175.347,-170.887,129.23
S02/normal/drowsy/S02_drowsy_normal_000059.jpg,S02,drowsy,normal,normal,,1,0.23453,0.44964,0.43643,-27.713,174.537,-170.602,129.29
S02/normal/drowsy/S02_drowsy_normal_000060.jpg,S02,drowsy,normal,normal,,1,0.24331,0.44913,0.4341,-26.915,174.464,-170.548,129.43
S02/normal/drowsy/S02_drowsy_normal_000061.jpg,S02,drowsy,normal,normal,,1,0.2302,0.45018,0.43571,-27.517,174.613,-170.88,129.35
S02/normal/drowsy/S02_drowsy_normal_000062.jpg,S02,drowsy,normal,normal,,1,0.11827,0.45052,0.42978,-24.913,171.534,-169.144,129.53
S02/normal/drowsy/S02_drowsy_normal_000063.jpg,S02,drowsy,normal,normal,,1,0.08408,0.44863,0.43106,-25.28,170.892,-169.031,129.56
S02/normal/drowsy/S02_drowsy_normal_000064.jpg,S02,drowsy,normal,normal,,1,0.07202,0.45139,0.43177,-22.399,170.643,-169.419,129.55
S02/normal/drowsy/S02_drowsy_normal_000065.jpg,S02,drowsy,normal,normal,,1,0.07141,0.45058,0.42991,-22.64,171.211,-169.495,129.66
S02/normal/drowsy/S02_drowsy_normal_000066.jpg,S02,drowsy,normal,normal,,1,0.08437,0.45174,0.43691,-25.502,171.329,-169.183,129.73
S02/normal/drowsy/S02_drowsy_normal_000067.jpg,S02,drowsy,normal,normal,,1,0.17132,0.45094,0.43047,-25.804,172.262,-169.207,129.56
S02/normal/drowsy/S02_drowsy_normal_000068.jpg,S02,drowsy,normal,normal,,1,0.21998,0.45085,0.4238,-27.543,174.39,-170.483,129.66
S02/normal/drowsy/S02_drowsy_normal_000069.jpg,S02,drowsy,normal,normal,,1,0.24943,0.45077,0.42704,-27.775,175.471,-170.648,129.48
S02/normal/drowsy/S02_drowsy_normal_000070.jpg,S02,drowsy,normal,normal,,1,0.24152,0.45117,0.42573,-27.629,175.183,-170.974,129.56
S02/normal/drowsy/S02_drowsy_normal_000071.jpg,S02,drowsy,normal,normal,,1,0.24106,0.45034,0.42758,-27.617,174.602,-170.639,130.0
S02/normal/drowsy/S02_drowsy_normal_000072.jpg,S02,drowsy,normal,normal,,1,0.25359,0.45055,0.42377,-27.496,174.354,-170.294,129.74
S02/normal/drowsy/S02_drowsy_normal_000073.jpg,S02,drowsy,normal,normal,,1,0.09477,0.44944,0.42228,-23.094,171.361,-169.675,129.86
S02/normal/drowsy/S02_drowsy_normal_000074.jpg,S02,drowsy,normal,normal,,1,0.04924,0.45021,0.42585,-22.381,171.18,-169.228,129.82
S02/normal/drowsy/S02_drowsy_normal_000075.jpg,S02,drowsy,normal,normal,,1,0.06805,0.4499,0.42828,-24.186,170.864,-169.119,129.83
S02/normal/drowsy/S02_drowsy_normal_000076.jpg,S02,drowsy,normal,normal,,1,0.05247,0.44999,0.42391,-23.238,170.638,-169.111,129.75
S02/normal/drowsy/S02_drowsy_normal_000077.jpg,S02,drowsy,normal,normal,,1,0.05237,0.44967,0.42827,-23.353,171.486,-169.629,129.95
S02/normal/drowsy/S02_drowsy_normal_000078.jpg,S02,drowsy,normal,normal,,1,0.06805,0.44975,0.42511,-24.681,170.631,-168.844,130.1
S02/normal/drowsy/S02_drowsy_normal_000079.jpg,S02,drowsy,normal,normal,,1,0.05859,0.45017,0.42297,-21.4,170.334,-169.425,129.92
S02/normal/drowsy/S02_drowsy_normal_000080.jpg,S02,drowsy,normal,normal,,1,0.06142,0.44888,0.42515,-23.07,169.938,-168.961,129.99
S02/normal/drowsy/S02_drowsy_normal_000081.jpg,S02,drowsy,normal,normal,,1,0.05393,0.44952,0.42392,-23.419,170.966,-169.389,129.93
S02/normal/drowsy/S02_drowsy_normal_000082.jpg,S02,drowsy,normal,normal,,1,0.05366,0.4501,0.42728,-23.263,171.011,-169.345,129.96
S02/normal/drowsy/S02_drowsy_normal_000083.jpg,S02,drowsy,normal,normal,,1,0.04431,0.45002,0.42634,-23.769,170.809,-168.96,129.97
S02/normal/drowsy/S02_drowsy_normal_000084.jpg,S02,drowsy,normal,normal,,1,0.06025,0.4491,0.42578,-24.636,170.832,-169.308,129.89
S02/normal/drowsy/S02_drowsy_normal_000085.jpg,S02,drowsy,normal,normal,,1,0.05455,0.45101,0.42561,-24.082,171.582,-169.378,129.78
S02/normal/drowsy/S02_drowsy_normal_000086.jpg,S02,drowsy,normal,normal,,1,0.04266,0.45039,0.42648,-24.093,171.8,-169.409,129.81
S02/normal/drowsy/S02_drowsy_normal_000087.jpg,S02,drowsy,normal,normal,,1,0.05127,0.45121,0.43537,-24.904,171.492,-169.201,129.73
S02/normal/drowsy/S02_drowsy_normal_000088.jpg,S02,drowsy,normal,normal,,1,0.05273,0.45195,0.43396,-23.315,171.893,-168.916,129.99
S02/normal/drowsy/S02_drowsy_normal_000089.jpg,S02,drowsy,normal,normal,,1,0.0543,0.45046,0.43176,-23.29,171.587,-169.729,129.63
S02/normal/drowsy/S02_drowsy_normal_000090.jpg,S02,drowsy,normal,normal,,1,0.05038,0.45084,0.43561,-24.363,171.919,-168.702,129.99
S02/normal/drowsy/S02_drowsy_normal_000091.jpg,S02,drowsy,normal,normal,,1,0.04731,0.45094,0.4313,-24.329,172.043,-169.424,129.71
S02/normal/drowsy/S02_drowsy_normal_000092.jpg,S02,drowsy,normal,normal,,1,0.05514,0.44946,0.43052,-23.7,171.617,-169.442,129.83
S02/normal/drowsy/S02_drowsy_normal_000093.jpg,S02,drowsy,normal,normal,,1,0.05006,0.44994,0.43728,-24.582,172.048,-169.245,129.52
S02/normal/drowsy/S02_drowsy_normal_000094.jpg,S02,drowsy,normal,normal,,1,0.07844,0.45124,0.43129,-23.771,171.351,-169.393,130.19
S02/normal/drowsy/S02_drowsy_normal_000095.jpg,S02,drowsy,normal,normal,,1,0.04584,0.45098,0.43113,-24.729,171.435,-168.651,129.59
S02/normal/drowsy/S02_drowsy_normal_000096.jpg,S02,drowsy,normal,normal,,1,0.05151,0.45001,0.43418,-23.613,172.488,-169.64,129.78
S02/normal/drowsy/S02_drowsy_normal_000097.jpg,S02,drowsy,normal,normal,,1,0.06071,0.44891,0.43419,-23.142,171.488,-169.25,129.92
S02/normal/drowsy/S02_drowsy_normal_000098.jpg,S02,drowsy,normal,normal,,1,0.04564,0.4516,0.43282,-23.954,171.62,-169.025,129.86
S02/normal/drowsy/S02_drowsy_normal_000099.jpg,S02,drowsy,normal,normal,,1,0.06607,0.45046,0.42913,-22.391,171.124,-169.092,130.07
S02/normal/drowsy/S02_drowsy_normal_000100.jpg,S02,drowsy,normal,normal,,1,0.04949,0.45143,0.43442,-23.899,171.282,-168.881,129.89
S02/normal/drowsy/S02_drowsy_normal_000101.jpg,S02,drowsy,normal,normal,,1,0.06353,0.45066,0.42709,-24.247,171.905,-169.434,130.11
S02/normal/drowsy/S02_drowsy_normal_000102.jpg,S02,drowsy,normal,normal,,1,0.06719,0.45122,0.42817,-24.576,171.513,-169.171,129.88
S02/normal/drowsy/S02_drowsy_normal_000103.jpg,S02,drowsy,normal,normal,,1,0.06967,0.45086,0.43048,-23.907,171.199,-169.334,129.75
S02/normal/drowsy/S02_drowsy_normal_000104.jpg,S02,drowsy,normal,normal,,1,0.0551,0.45086,0.4357,-25.284,171.954,-169.358,129.97
S02/normal/drowsy/S02_drowsy_normal_000105.jpg,S02,drowsy,normal,normal,,1,0.05731,0.45142,0.43577,-23.48,172.07,-169.49,129.79
S02/normal/drowsy/S02_drowsy_normal_000106.jpg,S02,drowsy,normal,normal,,1,0.06176,0.45023,0.43635,-24.877,171.925,-168.978,129.79
S02/normal/drowsy/S02_drowsy_normal_000107.jpg,S02,drowsy,normal,normal,,1,0.0576,0.45056,0.43237,-24.405,172.212,-169.298,129.7
S02/normal/drowsy/S02_drowsy_normal_000108.jpg,S02,drowsy,normal,normal,,1,0.0474,0.4501,0.43844,-24.658,171.592,-168.765,129.76
S02/normal/drowsy/S02_drowsy_normal_000109.jpg,S02,drowsy,normal,normal,,1,0.05772,0.44914,0.43569,-24.083,171.495,-169.068,129.72
S02/normal/drowsy/S02_drowsy_normal_000110.jpg,S02,drowsy,normal,normal,,1,0.05759,0.44976,0.43216,-24.574,171.746,-168.992,129.88
S02/normal/drowsy/S02_drowsy_normal_000111.jpg,S02,drowsy,normal,normal,,1,0.05293,0.44979,0.43248,-24.805,171.891,-169.704,129.82
S02/normal/drowsy/S02_drowsy_normal_000112.jpg,S02,drowsy,normal,normal,,1,0.0592,0.45119,0.43181,-24.986,171.914,-169.627,129.86
S02/normal/drowsy/S02_drowsy_normal_000113.jpg,S02,drowsy,normal,normal,,1,0.05777,0.45022,0.43257,-24.203,171.6,-169.198,129.67
S02/normal/drowsy/S02_drowsy_normal_000114.jpg,S02,drowsy,normal,normal,,1,0.04827,0.44959,0.42922,-23.395,171.377,-169.577,129.94
S02/normal/drowsy/S02_drowsy_normal_000115.jpg,S02,drowsy,normal,normal,,1,0.05875,0.44974,0.43117,-23.644,171.3,-169.415,129.91
S02/normal/drowsy/S02_drowsy_normal_000116.jpg,S02,drowsy,normal,normal,,1,0.05446,0.44913,0.43057,-23.114,171.888,-169.597,130.0
S02/normal/drowsy/S02_drowsy_normal_000117.jpg,S02,drowsy,normal,normal,,1,0.05597,0.45054,0.42738,-24.461,172.186,-169.423,129.87
S02/normal/drowsy/S02_drowsy_normal_000118.jpg,S02,drowsy,normal,normal,,1,0.05149,0.4491,0.42825,-24.05,171.163,-169.417,129.84
S02/normal/drowsy/S02_drowsy_normal_000119.jpg,S02,drowsy,normal,normal,,1,0.05739,0.45093,0.42637,-23.359,171.565,-169.032,130.0
S02/normal/drowsy/S02_drowsy_normal_000120.jpg,S02,drowsy,normal,normal,,1,0.05656,0.45066,0.42262,-24.27,171.794,-169.281,130.55
S02/normal/drowsy/S02_drowsy_normal_000121.jpg,S02,drowsy,normal,normal,,1,0.06537,0.45153,0.42311,-24.177,171.0,-169.158,130.53
S02/normal/drowsy/S02_drowsy_normal_000122.jpg,S02,drowsy,normal,normal,,1,0.04693,0.45074,0.42619,-23.903,171.776,-169.158,130.33
S02/normal/drowsy/S02_drowsy_normal_000123.jpg,S02,drowsy,normal,normal,,1,0.06139,0.45082,0.42278,-24.546,171.538,-169.483,130.3
S02/normal/drowsy/S02_drowsy_normal_000124.jpg,S02,drowsy,normal,normal,,1,0.06663,0.45012,0.42349,-23.873,171.847,-169.424,129.98
S02/normal/drowsy/S02_drowsy_normal_000125.jpg,S02,drowsy,normal,normal,,1,0.06365,0.45069,0.42037,-24.528,171.701,-169.554,130.28
S02/normal/drowsy/S02_drowsy_normal_000126.jpg,S02,drowsy,normal,normal,,1,0.0508,0.45038,0.41867,-23.663,171.385,-169.399,130.08
S02/normal/drowsy/S02_drowsy_normal_000127.jpg,S02,drowsy,normal,normal,,1,0.06514,0.45067,0.42166,-23.66,171.406,-168.87,130.36
S02/normal/drowsy/S02_drowsy_normal_000128.jpg,S02,drowsy,normal,normal,,1,0.05147,0.45109,0.42051,-23.803,171.943,-169.052,130.32
S02/normal/drowsy/S02_drowsy_normal_000129.jpg,S02,drowsy,normal,normal,,1,0.04427,0.45062,0.42435,-24.643,172.035,-169.133,130.24
S02/normal/drowsy/S02_drowsy_normal_000130.jpg,S02,drowsy,normal,normal,,1,0.04227,0.45099,0.41824,-22.799,171.07,-169.509,130.69
S02/normal/drowsy/S02_drowsy_normal_000131.jpg,S02,drowsy,normal,normal,,1,0.06193,0.45111,0.428,-22.588,172.427,-169.72,130.67
S02/normal/drowsy/S02_drowsy_normal_000132.jpg,S02,drowsy,normal,normal,,1,0.06248,0.45085,0.4212,-23.602,171.764,-169.372,130.23
S02/normal/drowsy/S02_drowsy_normal_000133.jpg,S02,drowsy,normal,normal,,1,0.06312,0.45127,0.42359,-24.214,171.438,-168.946,130.51
S02/normal/drowsy/S02_drowsy_normal_000134.jpg,S02,drowsy,normal,normal,,1,0.06021,0.45126,0.42236,-23.99,171.293,-168.933,130.28
S02/normal/drowsy/S02_drowsy_normal_000135.jpg,S02,drowsy,normal,normal,,1,0.06159,0.45032,0.42652,-24.498,171.587,-169.011,130.57
S02/normal/drowsy/S02_drowsy_normal_000136.jpg,S02,drowsy,normal,normal,,1,0.0646,0.44932,0.42137,-22.695,171.093,-169.328,130.6
S02/normal/drowsy/S02_drowsy_normal_000137.jpg,S02,drowsy,normal,normal,,1,0.05587,0.44874,0.42668,-22.113,171.104,-169.558,130.77
S02/normal/drowsy/S02_drowsy_normal_000138.jpg,S02,drowsy,normal,normal,,1,0.06239,0.44917,0.42357,-24.431,171.32,-169.087,130.75
S02/normal/drowsy/S02_drowsy_normal_000139.jpg,S02,drowsy,normal,normal,,1,0.06929,0.45126,0.42517,-22.925,171.582,-169.233,130.64
S02/normal/drowsy/S02_drowsy_normal_000140.jpg,S02,drowsy,normal,normal,,1,0.04578,0.45132,0.42656,-23.19,171.116,-169.37,130.47
S02/normal/drowsy/S02_drowsy_normal_000141.jpg,S02,drowsy,normal,normal,,1,0.0583,0.45096,0.42139,-23.519,171.359,-168.986,130.4
S02/normal/drowsy/S02_drowsy_normal_000142.jpg,S02,drowsy,normal,normal,,1,0.06056,0.44986,0.42706,-24.652,171.797,-168.902,130.14
S02/normal/drowsy/S02_drowsy_normal_000143.jpg,S02,drowsy,normal,normal,,1,0.06746,0.4509,0.42165,-23.015,170.589,-169.028,130.36
S02/normal/drowsy/S02_drowsy_normal_000144.jpg,S02,drowsy,normal,normal,,1,0.06556,0.44967,0.42102,-22.578,171.068,-169.144,130.29
S02/normal/drowsy/S02_drowsy_normal_000145.jpg,S02,drowsy,normal,normal,,1,0.04206,0.4503,0.41966,-24.508,171.895,-169.127,130.34
S02/normal/drowsy/S02_drowsy_normal_000146.jpg,S02,drowsy,normal,normal,,1,0.07271,0.45082,0.4203,-24.436,171.298,-169.107,130.13
S02/normal/drowsy/S02_drowsy_normal_000147.jpg,S02,drowsy,normal,normal,,1,0.17665,0.45063,0.42491,-26.684,172.25,-169.338,130.05
S02/normal/drowsy/S02_drowsy_normal_000148.jpg,S02,drowsy,normal,normal,,1,0.20789,0.45104,0.4194,-27.878,174.539,-170.246,130.13
S02/normal/drowsy/S02_drowsy_normal_000149.jpg,S02,drowsy,normal,normal,,1,0.23958,0.4513,0.41988,-28.611,174.798,-170.092,130.51
S02/normal/drowsy/S02_drowsy_normal_000150.jpg,S02,drowsy,normal,normal,,1,0.23182,0.44823,0.42055,-28.422,175.147,-170.094,130.5
S02/normal/drowsy/S02_drowsy_normal_000151.jpg,S02,drowsy,normal,normal,,1,0.24014,0.45133,0.41977,-27.927,175.293,-170.662,130.27
S02/normal/drowsy/S02_drowsy_normal_000152.jpg,S02,drowsy,normal,normal,,1,0.09051,0.45019,0.4236,-24.329,172.14,-169.114,130.29
S02/normal/drowsy/S02_drowsy_normal_000153.jpg,S02,drowsy,normal,normal,,1,0.06839,0.45093,0.42474,-24.404,171.827,-168.906,130.39
S02/normal/drowsy/S02_drowsy_normal_000154.jpg,S02,drowsy,normal,normal,,1,0.06567,0.45069,0.42164,-23.765,171.236,-168.879,130.53
S02/normal/drowsy/S02_drowsy_normal_000155.jpg,S02,drowsy,normal,normal,,1,0.05048,0.45126,0.4287,-24.413,171.269,-169.099,130.36
S02/normal/drowsy/S02_drowsy_normal_000156.jpg,S02,drowsy,normal,normal,,1,0.06261,0.45044,0.42284,-24.676,171.853,-168.966,130.32
S02/normal/drowsy/S02_drowsy_normal_000157.jpg,S02,drowsy,normal,normal,,1,0.07215,0.45049,0.42582,-25.173,171.891,-169.422,130.45
S02/normal/drowsy/S02_drowsy_normal_000158.jpg,S02,drowsy,normal,normal,,1,0.05662,0.4496,0.42334,-23.666,171.023,-169.031,130.73
S02/normal/drowsy/S02_drowsy_normal_000159.jpg,S02,drowsy,normal,normal,,1,0.06454,0.45124,0.42169,-23.662,171.115,-168.954,130.1
S02/normal/drowsy/S02_drowsy_normal_000160.jpg,S02,drowsy,normal,normal,,1,0.0528,0.45065,0.42287,-25.96,170.24,-168.312,130.05
S02/normal/drowsy/S02_drowsy_normal_000161.jpg,S02,drowsy,normal,normal,,1,0.11307,0.44938,0.42372,-24.107,171.259,-168.931,130.25
S02/normal/drowsy/S02_drowsy_normal_000162.jpg,S02,drowsy,normal,normal,,1,0.20965,0.45077,0.42533,-28.636,174.524,-169.803,130.26
S02/normal/drowsy/S02_drowsy_normal_000163.jpg,S02,drowsy,normal,normal,,1,0.21648,0.45045,0.42397,-27.746,174.376,-169.759,130.31
S02/normal/drowsy/S02_drowsy_normal_000164.jpg,S02,drowsy,normal,normal,,1,0.26179,0.45091,0.42739,-28.147,174.674,-169.52,130.33
S02/normal/drowsy/S02_drowsy_normal_000165.jpg,S02,drowsy,normal,normal,,1,0.25305,0.44975,0.42476,-28.732,175.202,-169.885,130.35
S02/normal/drowsy/S02_drowsy_normal_000166.jpg,S02,drowsy,normal,normal,,1,0.15557,0.45108,0.42537,-26.461,173.065,-169.282,130.57
S02/normal/drowsy/S02_drowsy_normal_000167.jpg,S02,drowsy,normal,normal,,1,0.06928,0.45092,0.42996,-24.64,170.955,-168.473,130.7
S02/normal/drowsy/S02_drowsy_normal_000168.jpg,S02,drowsy,normal,normal,,1,0.07138,0.45083,0.42627,-24.634,171.82,-168.769,130.96
S02/normal/drowsy/S02_drowsy_normal_000169.jpg,S02,drowsy,normal,normal,,1,0.06829,0.45168,0.42574,-23.944,172.168,-169.266,130.79
S02/normal/drowsy/S02_drowsy_normal_000170.jpg,S02,drowsy,normal,normal,,1,0.07247,0.45119,0.42404,-25.134,172.424,-168.477,130.79
S02/normal/drowsy/S02_drowsy_normal_000171.jpg,S02,drowsy,normal,normal,,1,0.07301,0.44999,0.41927,-25.398,171.889,-168.731,130.68
S02/normal/drowsy/S02_drowsy_normal_000172.jpg,S02,drowsy,normal,normal,,1,0.06746,0.45017,0.42625,-26.194,172.299,-168.68,130.46
S02/normal/drowsy/S02_drowsy_normal_000173.jpg,S02,drowsy,normal,normal,,1,0.05836,0.45091,0.42699,-26.043,172.634,-168.517,130.93
S02/normal/drowsy/S02_drowsy_normal_000174.jpg,S02,drowsy,normal,normal,,1,0.05792,0.45071,0.42246,-26.369,172.627,-168.436,130.72
S02/normal/drowsy/S02_drowsy_normal_000175.jpg,S02,drowsy,normal,normal,,1,0.05883,0.45097,0.426,-26.677,172.186,-168.452,130.88
S02/normal/drowsy/S02_drowsy_normal_000176.jpg,S02,drowsy,normal,normal,,1,0.0565,0.45174,0.42622,-25.279,171.951,-168.609,130.63
S02/normal/drowsy/S02_drowsy_normal_000177.jpg,S02,drowsy,normal,normal,,1,0.05499,0.45131,0.4308,-24.246,171.056,-168.772,130.26
S02/normal/drowsy/S02_drowsy_normal_000178.jpg,S02,drowsy,normal,normal,,1,0.06132,0.45114,0.42318,-24.199,171.589,-168.697,130.3
S02/normal/drowsy/S02_drowsy_normal_000179.jpg,S02,drowsy,normal,normal,,1,0.04965,0.45106,0.42656,-25.656,172.23,-168.461,130.2
S02/normal/drowsy/S02_drowsy_normal_000180.jpg,S02,drowsy,normal,normal,,1,0.0515,0.4507,0.42639,-25.169,171.831,-168.546,129.94
S02/normal/drowsy/S02_drowsy_normal_000181.jpg,S02,drowsy,normal,normal,,1,0.05604,0.45037,0.42854,-26.199,171.713,-168.194,130.06
S02/normal/drowsy/S02_drowsy_normal_000182.jpg,S02,drowsy,normal,normal,,1,0.07555,0.45033,0.43089,-25.649,170.431,-168.362,129.74
S02/normal/drowsy/S02_drowsy_normal_000183.jpg,S02,drowsy,normal,normal,,1,0.04866,0.44996,0.4317,-25.054,170.89,-168.585,130.03
S02/normal/drowsy/S02_drowsy_normal_000184.jpg,S02,drowsy,normal,normal,,1,0.05098,0.45069,0.42848,-26.301,171.091,-168.29,129.85
S02/normal/drowsy/S02_drowsy_normal_000185.jpg,S02,drowsy,normal,normal,,1,0.03559,0.451,0.43153,-26.988,169.978,-168.097,129.96
S02/normal/drowsy/S02_drowsy_normal_000186.jpg,S02,drowsy,normal,normal,,1,0.05024,0.45184,0.42987,-27.96,170.959,-167.653,129.92
S02/normal/drowsy/S02_drowsy_normal_000187.jpg,S02,drowsy,normal,normal,,1,0.06083,0.45124,0.42796,-27.22,170.882,-167.875,129.91
S02/normal/drowsy/S02_drowsy_normal_000188.jpg,S02,drowsy,normal,normal,,1,0.12343,0.45155,0.42995,-28.39,172.349,-168.272,129.99
S02/normal/drowsy/S02_drowsy_normal_000189.jpg,S02,drowsy,normal,normal,,1,0.21826,0.45106,0.42838,-30.009,173.862,-168.607,129.9
S02/normal/drowsy/S02_drowsy_normal_000190.jpg,S02,drowsy,normal,normal,,1,0.2393,0.45066,0.42455,-29.24,174.38,-169.225,129.99
S02/normal/drowsy/S02_drowsy_normal_000191.jpg,S02,drowsy,normal,normal,,1,0.27032,0.45191,0.42887,-31.056,175.063,-169.43,130.02
S02/normal/drowsy/S02_drowsy_normal_000192.jpg,S02,drowsy,normal,normal,,1,0.23718,0.45156,0.43052,-30.051,174.473,-169.541,129.96
S02/normal/drowsy/S02_drowsy_normal_000193.jpg,S02,drowsy,normal,normal,,1,0.25576,0.45068,0.43358,-31.406,174.797,-169.82,129.9
S02/normal/drowsy/S02_drowsy_normal_000194.jpg,S02,drowsy,normal,normal,,1,0.24381,0.45116,0.43322,-29.833,175.201,-169.986,130.08
S02/normal/drowsy/S02_drowsy_normal_000195.jpg,S02,drowsy,normal,normal,,1,0.24159,0.44927,0.43832,-30.997,175.007,-170.393,130.05
S02/normal/drowsy/S02_drowsy_normal_000196.jpg,S02,drowsy,normal,normal,,1,0.2508,0.45067,0.44131,-30.508,175.859,-170.192,130.04
S02/normal/drowsy/S02_drowsy_normal_000197.jpg,S02,drowsy,normal,normal,,1,0.24711,0.45865,0.43567,-33.801,173.893,-169.468,129.87
S02/normal/drowsy/S02_drowsy_normal_000198.jpg,S02,drowsy,normal,normal,,1,0.29434,0.45421,0.43866,-39.123,170.14,-165.512,129.33
S02/normal/drowsy/S02_drowsy_normal_000199.jpg,S02,drowsy,normal,normal,,1,0.25044,0.46374,0.43828,-43.166,167.2,-163.096,129.18
S02/normal/drowsy/S02_drowsy_normal_000200.jpg,S02,drowsy,normal,normal,,1,0.27818,0.45352,0.43864,-44.809,166.975,-162.719,129.04
S02/normal/drowsy/S02_drowsy_normal_000201.jpg,S02,drowsy,normal,normal,,1,0.16826,0.45373,0.43946,-45.317,162.705,-160.047,129.07
S02/normal/drowsy/S02_drowsy_normal_000202.jpg,S02,drowsy,normal,normal,,1,0.31614,0.45589,0.43786,-44.308,-177.619,7.564,128.52
S02/normal/drowsy/S02_drowsy_normal_000203.jpg,S02,drowsy,normal,normal,,1,0.40268,0.45621,0.44891,-60.605,162.274,-158.189,128.17
S02/normal/drowsy/S02_drowsy_normal_000204.jpg,S02,drowsy,normal,normal,,1,0.43548,0.45543,0.44029,-63.798,159.785,-156.096,128.44
S02/normal/drowsy/S02_drowsy_normal_000205.jpg,S02,drowsy,normal,normal,,1,0.42594,0.46392,0.44879,-49.408,178.57,8.854,128.34
S02/normal/drowsy/S02_drowsy_normal_000206.jpg,S02,drowsy,normal,normal,,1,0.38201,0.44735,0.44316,-49.323,179.857,8.57,128.29
S02/normal/drowsy/S02_drowsy_normal_000207.jpg,S02,drowsy,normal,normal,,1,0.4113,0.45517,0.4399,-49.517,178.833,9.344,128.11
S02/normal/drowsy/S02_drowsy_normal_000208.jpg,S02,drowsy,normal,normal,,1,0.41932,0.4461,0.44188,-48.238,177.976,9.401,128.49
S02/normal/drowsy/S02_drowsy_normal_000209.jpg,S02,drowsy,normal,normal,,1,0.42869,0.4466,0.44399,-64.795,160.855,-157.468,128.31
S02/normal/drowsy/S02_drowsy_normal_000210.jpg,S02,drowsy,normal,normal,,1,0.3775,0.47558,0.44602,-64.992,160.689,-156.597,128.37
S02/normal/drowsy/S02_drowsy_normal_000211.jpg,S02,drowsy,normal,normal,,1,0.43234,0.48684,0.44383,-65.364,163.145,-157.391,128.55
S02/normal/drowsy/S02_drowsy_normal_000212.jpg,S02,drowsy,normal,normal,,1,0.43119,0.49293,0.44919,-65.439,161.118,-155.773,128.1
S02/normal/drowsy/S02_drowsy_normal_000213.jpg,S02,drowsy,normal,normal,,1,0.44435,0.55175,0.44359,-65.254,161.023,-154.911,128.03
S02/normal/drowsy/S02_drowsy_normal_000214.jpg,S02,drowsy,normal,normal,,1,0.42314,0.49862,0.43874,-46.487,179.666,11.27,128.0
S02/normal/drowsy/S02_drowsy_normal_000215.jpg,S02,drowsy,normal,normal,,1,0.37886,0.48726,0.44164,-47.5,-179.848,10.077,127.89
S02/normal/drowsy/S02_drowsy_normal_000216.jpg,S02,drowsy,normal,normal,,1,0.3364,0.45192,0.43887,-61.473,167.316,-158.44,127.77
S02/normal/drowsy/S02_drowsy_normal_000217.jpg,S02,drowsy,normal,normal,,1,0.37128,0.45515,0.44532,-60.674,170.935,-161.534,127.75
S02/normal/drowsy/S02_drowsy_normal_000218.jpg,S02,drowsy,normal,normal,,1,0.33416,0.45391,0.43712,-48.332,-172.704,7.073,127.76
S02/normal/drowsy/S02_drowsy_normal_000219.jpg,S02,drowsy,normal,normal,,1,0.30589,0.45353,0.4384,-58.938,172.369,-161.941,127.75
S02/normal/drowsy/S02_drowsy_normal_000220.jpg,S02,drowsy,normal,normal,,1,0.28629,0.45944,0.42722,-58.105,172.306,-162.153,127.75
S02/normal/drowsy/S02_drowsy_normal_000221.jpg,S02,drowsy,normal,normal,,1,0.33475,0.45072,0.43059,-57.852,171.98,-161.73,127.9
S02/normal/drowsy/S02_drowsy_normal_000222.jpg,S02,drowsy,normal,normal,,1,0.28851,0.44153,0.44265,-46.327,-175.524,8.998,127.88
S02/normal/drowsy/S02_drowsy_normal_000223.jpg,S02,drowsy,normal,normal,,1,0.33593,0.44435,0.43006,-48.21,-172.398,5.863,128.0
S02/normal/drowsy/S02_drowsy_normal_000224.jpg,S02,drowsy,normal,normal,,1,0.35826,0.43291,0.43769,-47.469,-175.169,6.707,128.07
S02/normal/drowsy/S02_drowsy_normal_000225.jpg,S02,drowsy,normal,normal,,1,0.26583,0.4396,0.4349,-46.023,-175.091,6.975,128.32
S02/normal/drowsy/S02_drowsy_normal_000226.jpg,S02,drowsy,normal,normal,,1,0.32909,0.4233,0.43104,-47.116,-174.141,5.398,128.01
S02/normal/drowsy/S02_drowsy_normal_000227.jpg,S02,drowsy,normal,normal,,1,0.32809,0.43929,0.43353,-46.741,-173.912,5.382,127.79
S02/normal/drowsy/S02_drowsy_normal_000228.jpg,S02,drowsy,normal,normal,,1,0.32621,0.45914,0.43459,-47.162,-173.712,4.931,128.0
S02/normal/drowsy/S02_drowsy_normal_000229.jpg,S02,drowsy,normal,normal,,1,0.29725,0.45147,0.43061,-47.612,-173.272,4.987,127.79
S02/normal/drowsy/S02_drowsy_normal_000230.jpg,S02,drowsy,normal,normal,,1,0.30179,0.46445,0.42959,-44.802,-173.183,4.96,127.74
S02/normal/drowsy/S02_drowsy_normal_000231.jpg,S02,drowsy,normal,normal,,1,0.21135,0.43367,0.41295,-45.11,-172.808,6.616,127.76
S02/normal/drowsy/S02_drowsy_normal_000232.jpg,S02,drowsy,normal,normal,,1,0.33545,0.44158,0.42279,-47.233,-171.055,4.504,128.27
S02/normal/drowsy/S02_drowsy_normal_000233.jpg,S02,drowsy,normal,normal,,1,0.25701,0.4363,0.43398,-43.717,-176.917,9.311,127.2
S02/normal/drowsy/S02_drowsy_normal_000234.jpg,S02,drowsy,normal,normal,,1,0.23946,0.4408,0.41779,-42.85,-170.745,5.57,128.67
S02/normal/drowsy/S02_drowsy_normal_000235.jpg,S02,drowsy,normal,normal,,1,0.22311,0.43997,0.42487,-43.421,-175.221,8.999,127.45
S02/normal/drowsy/S02_drowsy_normal_000236.jpg,S02,drowsy,normal,normal,,1,0.25937,0.43296,0.41602,-44.145,-173.211,7.246,128.18
S02/normal/drowsy/S02_drowsy_normal_000237.jpg,S02,drowsy,normal,normal,,1,0.24281,0.44261,0.42142,-43.385,-174.671,9.46,128.28
S02/normal/drowsy/S02_drowsy_normal_000238.jpg,S02,drowsy,normal,normal,,1,0.21088,0.44623,0.418,-43.813,-174.26,8.691,127.4
S02/normal/drowsy/S02_drowsy_normal_000239.jpg,S02,drowsy,normal,normal,,1,0.12437,0.44977,0.40895,-40.161,-174.511,9.684,128.15
S02/normal/drowsy/S02_drowsy_normal_000240.jpg,S02,drowsy,normal,normal,,1,0.10344,0.45421,0.38145,-45.641,173.141,-162.815,127.22
S02/normal/drowsy/S02_drowsy_normal_000241.jpg,S02,drowsy,normal,normal,,1,0.10922,0.45512,0.38782,-38.217,173.231,-166.57,127.73
S02/normal/drowsy/S02_drowsy_normal_000242.jpg,S02,drowsy,normal,normal,,1,0.05802,0.45192,0.39864,-34.624,174.094,-167.518,128.63
S02/normal/drowsy/S02_drowsy_normal_000243.jpg,S02,drowsy,normal,normal,,1,0.0785,0.45252,0.3989,-30.689,172.444,-168.509,126.65
S02/normal/drowsy/S02_drowsy_normal_000244.jpg,S02,drowsy,normal,normal,,1,0.07275,0.45083,0.38312,-28.207,173.341,-169.537,129.14
S02/normal/drowsy/S02_drowsy_normal_000245.jpg,S02,drowsy,normal,normal,,1,0.06468,0.45397,0.36889,-27.558,173.979,-169.578,128.25
S02/normal/drowsy/S02_drowsy_normal_000246.jpg,S02,drowsy,normal,normal,,1,0.07929,0.45194,0.3736,-28.222,173.542,-169.726,128.22
S02/normal/drowsy/S02_drowsy_normal_000247.jpg,S02,drowsy,normal,normal,,1,0.08428,0.45278,0.37318,-28.967,174.517,-169.838,128.42
S02/normal/drowsy/S02_drowsy_normal_000248.jpg,S02,drowsy,normal,normal,,1,0.23512,0.45281,0.3802,-31.77,176.176,-170.182,128.16
S02/normal/drowsy/S02_drowsy_normal_000249.jpg,S02,drowsy,normal,normal,,1,0.25661,0.45272,0.38258,-31.804,175.772,-170.97,128.8
S02/normal/drowsy/S02_drowsy_normal_000250.jpg,S02,drowsy,normal,normal,,1,0.27167,0.45323,0.38008,-33.053,176.463,-170.851,128.43
S02/normal/drowsy/S02_drowsy_normal_000251.jpg,S02,drowsy,normal,normal,,1,0.16853,0.45219,0.38806,-32.867,175.861,-169.091,129.12
S02/normal/drowsy/S02_drowsy_normal_000252.jpg,S02,drowsy,normal,normal,,1,0.07025,0.45268,0.38511,-28.754,173.227,-168.745,128.49
S02/normal/drowsy/S02_drowsy_normal_000253.jpg,S02,drowsy,normal,normal,,1,0.06849,0.45086,0.37875,-26.355,173.675,-169.495,128.94
S02/normal/drowsy/S02_drowsy_normal_000254.jpg,S02,drowsy,normal,normal,,1,0.0667,0.45178,0.38115,-26.908,173.376,-169.313,128.67
S02/normal/drowsy/S02_drowsy_normal_000255.jpg,S02,drowsy,normal,normal,,1,0.06854,0.45181,0.37623,-26.653,173.2,-168.727,128.55
S02/normal/drowsy/S02_drowsy_normal_000256.jpg,S02,drowsy,normal,normal,,1,0.06746,0.44976,0.37648,-27.436,172.934,-168.629,128.8
S02/normal/drowsy/S02_drowsy_normal_000257.jpg,S02,drowsy,normal,normal,,1,0.0674,0.45085,0.38519,-28.007,173.293,-169.242,128.57
S02/normal/drowsy/S02_drowsy_normal_000258.jpg,S02,drowsy,normal,normal,,1,0.08502,0.45118,0.38667,-29.756,172.67,-168.949,129.05
S02/normal/drowsy/S02_drowsy_normal_000259.jpg,S02,drowsy,normal,normal,,1,0.07347,0.45018,0.37844,-27.975,172.79,-168.556,128.83
S02/normal/drowsy/S02_drowsy_normal_000260.jpg,S02,drowsy,normal,normal,,1,0.07286,0.45057,0.37843,-28.729,173.04,-168.567,128.99
S02/normal/drowsy/S02_drowsy_normal_000261.jpg,S02,drowsy,normal,normal,,1,0.06082,0.45026,0.38881,-27.801,172.371,-169.004,128.72
S02/normal/drowsy/S02_drowsy_normal_000262.jpg,S02,drowsy,normal,normal,,1,0.0762,0.45028,0.38568,-29.145,173.497,-169.123,128.81
S02/normal/drowsy/S02_drowsy_normal_000263.jpg,S02,drowsy,normal,normal,,1,0.07143,0.45179,0.38643,-29.271,173.245,-168.821,128.95
S02/normal/drowsy/S02_drowsy_normal_000264.jpg,S02,drowsy,normal,normal,,1,0.07391,0.45136,0.38768,-29.422,172.504,-168.399,129.16
S02/normal/drowsy/S02_drowsy_normal_000265.jpg,S02,drowsy,normal,normal,,1,0.06105,0.45105,0.38876,-29.078,173.528,-168.513,129.29
S02/normal/drowsy/S02_drowsy_normal_000266.jpg,S02,drowsy,normal,normal,,1,0.06517,0.45139,0.39193,-30.435,174.016,-168.589,129.22
S02/normal/drowsy/S02_drowsy_normal_000267.jpg,S02,drowsy,normal,normal,,1,0.06706,0.45347,0.38604,-29.649,173.861,-168.775,129.14
S02/normal/drowsy/S02_drowsy_normal_000268.jpg,S02,drowsy,normal,normal,,1,0.08042,0.45168,0.39761,-29.599,173.056,-168.228,128.88
S02/normal/drowsy/S02_drowsy_normal_000269.jpg,S02,drowsy,normal,normal,,1,0.08906,0.45222,0.39415,-28.541,172.884,-168.339,128.66
S02/normal/drowsy/S02_drowsy_normal_000270.jpg,S02,drowsy,normal,normal,,1,0.0736,0.45211,0.39123,-29.776,172.419,-168.36,128.89
S02/normal/drowsy/S02_drowsy_normal_000271.jpg,S02,drowsy,normal,normal,,1,0.0628,0.45086,0.39367,-27.738,172.959,-169.276,128.98
S02/normal/drowsy/S02_drowsy_normal_000272.jpg,S02,drowsy,normal,normal,,1,0.07876,0.45138,0.39717,-28.662,171.892,-168.483,129.03
S02/normal/drowsy/S02_drowsy_normal_000273.jpg,S02,drowsy,normal,normal,,1,0.06296,0.45248,0.39389,-28.449,172.08,-168.45,129.09
S02/normal/drowsy/S02_drowsy_normal_000274.jpg,S02,drowsy,normal,normal,,1,0.08217,0.4494,0.39932,-27.594,172.697,-168.839,129.33
S02/normal/drowsy/S02_drowsy_normal_000275.jpg,S02,drowsy,normal,normal,,1,0.0808,0.45125,0.39919,-28.38,172.479,-168.715,129.6
S02/normal/drowsy/S02_drowsy_normal_000276.jpg,S02,drowsy,normal,normal,,1,0.08187,0.45079,0.40488,-28.041,172.181,-168.746,129.08
S02/normal/drowsy/S02_drowsy_normal_000277.jpg,S02,drowsy,normal,normal,,1,0.06348,0.45149,0.39645,-27.275,172.013,-168.66,129.45
S02/normal/drowsy/S02_drowsy_normal_000278.jpg,S02,drowsy,normal,normal,,1,0.06424,0.45012,0.3953,-28.117,172.405,-168.412,129.55
S02/normal/drowsy/S02_drowsy_normal_000279.jpg,S02,drowsy,normal,normal,,1,0.07425,0.45071,0.39721,-27.693,172.866,-168.779,129.66
S02/normal/drowsy/S02_drowsy_normal_000280.jpg,S02,drowsy,normal,normal,,1,0.06154,0.45025,0.3893,-26.941,173.017,-168.741,129.81
S02/normal/drowsy/S02_drowsy_normal_000281.jpg,S02,drowsy,normal,normal,,1,0.06967,0.45097,0.39281,-27.129,173.016,-169.522,129.42
S02/normal/drowsy/S02_drowsy_normal_000282.jpg,S02,drowsy,normal,normal,,1,0.06778,0.45005,0.39506,-27.584,172.497,-168.322,129.13
S02/normal/drowsy/S02_drowsy_normal_000283.jpg,S02,drowsy,normal,normal,,1,0.05543,0.45148,0.38961,-27.731,173.001,-169.006,129.53
S02/normal/drowsy/S02_drowsy_normal_000284.jpg,S02,drowsy,normal,normal,,1,0.07402,0.45123,0.38972,-29.671,174.226,-169.04,130.03
S02/normal/drowsy/S02_drowsy_normal_000285.jpg,S02,drowsy,normal,normal,,1,0.05871,0.45048,0.39273,-27.702,173.076,-168.589,129.95
S02/normal/drowsy/S02_drowsy_normal_000286.jpg,S02,drowsy,normal,normal,,1,0.07096,0.45088,0.39269,-29.363,174.333,-169.462,130.64
S02/normal/drowsy/S02_drowsy_normal_000287.jpg,S02,drowsy,normal,normal,,1,0.05742,0.45075,0.39314,-28.865,172.695,-169.011,130.07
S02/normal/drowsy/S02_drowsy_normal_000288.jpg,S02,drowsy,normal,normal,,1,0.06108,0.45143,0.39653,-29.363,172.541,-168.862,130.01
S02/normal/drowsy/S02_drowsy_normal_000289.jpg,S02,drowsy,normal,normal,,1,0.05315,0.44989,0.38831,-28.541,172.386,-168.982,130.06
S02/normal/drowsy/S02_drowsy_normal_000290.jpg,S02,drowsy,normal,normal,,1,0.06971,0.45124,0.39187,-27.874,173.184,-169.321,129.78
S02/normal/drowsy/S02_drowsy_normal_000291.jpg,S02,drowsy,normal,normal,,1,0.07128,0.45138,0.39554,-29.528,173.183,-168.925,129.76
S02/normal/drowsy/S02_drowsy_normal_000292.jpg,S02,drowsy,normal,normal,,1,0.06183,0.45037,0.39418,-29.266,173.983,-169.471,128.78
S02/normal/drowsy/S02_drowsy_normal_000293.jpg,S02,drowsy,normal,normal,,1,0.06165,0.45069,0.39715,-28.763,172.859,-168.964,129.17
S02/normal/drowsy/S02_drowsy_normal_000294.jpg,S02,drowsy,normal,normal,,1,0.05525,0.45059,0.39442,-29.252,173.322,-169.283,129.34
S02/normal/drowsy/S02_drowsy_normal_000295.jpg,S02,drowsy,normal,normal,,1,0.06098,0.45032,0.39627,-29.689,173.107,-169.237,129.38
S02/normal/drowsy/S02_drowsy_normal_000296.jpg,S02,drowsy,normal,normal,,1,0.0486,0.44968,0.39108,-29.007,172.014,-168.864,129.18
S02/normal/drowsy/S02_drowsy_normal_000297.jpg,S02,drowsy,normal,normal,,1,0.06063,0.45081,0.38975,-29.147,172.499,-168.86,129.16
S02/normal/drowsy/S02_drowsy_normal_000298.jpg,S02,drowsy,normal,normal,,1,0.05814,0.45048,0.39348,-29.39,172.837,-168.79,129.39
S02/normal/drowsy/S02_drowsy_normal_000299.jpg,S02,drowsy,normal,normal,,1,0.05495,0.4515,0.39914,-29.564,173.157,-169.144,129.38
S02/normal/drowsy/S02_drowsy_normal_000300.jpg,S02,drowsy,normal,normal,,1,0.06028,0.45106,0.39649,-27.537,173.316,-169.499,129.43
S02/normal/drowsy/S02_drowsy_normal_000301.jpg,S02,drowsy,normal,normal,,1,0.05042,0.4514,0.39223,-28.978,172.256,-168.915,129.42
S02/normal/drowsy/S02_drowsy_normal_000302.jpg,S02,drowsy,normal,normal,,1,0.063,0.45135,0.39335,-28.859,173.145,-168.894,129.6
S02/normal/drowsy/S02_drowsy_normal_000303.jpg,S02,drowsy,normal,normal,,1,0.05152,0.45069,0.39449,-29.138,172.851,-168.816,129.39
S02/normal/drowsy/S02_drowsy_normal_000304.jpg,S02,drowsy,normal,normal,,1,0.05724,0.45095,0.38854,-29.287,173.353,-168.948,129.24
S02/normal/drowsy/S02_drowsy_normal_000305.jpg,S02,drowsy,normal,normal,,1,0.06314,0.45171,0.39706,-30.155,173.835,-169.412,129.29
S02/normal/drowsy/S02_drowsy_normal_000306.jpg,S02,drowsy,normal,normal,,1,0.06077,0.45151,0.39779,-30.555,172.484,-168.743,129.29
S02/normal/drowsy/S02_drowsy_normal_000307.jpg,S02,drowsy,normal,normal,,1,0.06192,0.45134,0.39366,-29.413,173.506,-168.863,129.36
S02/normal/drowsy/S02_drowsy_normal_000308.jpg,S02,drowsy,normal,normal,,1,0.05701,0.45063,0.39678,-28.602,172.761,-168.9,129.4
S02/normal/drowsy/S02_drowsy_normal_000309.jpg,S02,drowsy,normal,normal,,1,0.05763,0.44917,0.39199,-29.072,173.528,-169.808,129.32
S02/normal/drowsy/S02_drowsy_normal_000310.jpg,S02,drowsy,normal,normal,,1,0.05505,0.45034,0.39967,-28.053,172.399,-169.2,129.37
S02/normal/drowsy/S02_drowsy_normal_000311.jpg,S02,drowsy,normal,normal,,1,0.06206,0.45116,0.39973,-27.957,172.6,-168.979,129.32
S02/normal/drowsy/S02_drowsy_normal_000312.jpg,S02,drowsy,normal,normal,,1,0.0674,0.45224,0.40636,-28.794,173.264,-168.52,129.2
S02/normal/drowsy/S02_drowsy_normal_000313.jpg,S02,drowsy,normal,normal,,1,0.15853,0.45066,0.4021,-31.244,177.198,-170.375,129.25
S02/normal/drowsy/S02_drowsy_normal_000314.jpg,S02,drowsy,normal,normal,,1,0.13596,0.45242,0.39976,-30.459,175.27,-169.937,129.27
S02/normal/drowsy/S02_drowsy_normal_000315.jpg,S02,drowsy,normal,normal,,1,0.18483,0.45206,0.39557,-31.697,174.922,-169.481,129.41
S02/normal/drowsy/S02_drowsy_normal_000316.jpg,S02,drowsy,normal,normal,,1,0.26059,0.45246,0.39125,-31.98,177.875,-170.587,129.31
S02/normal/drowsy/S02_drowsy_normal_000317.jpg,S02,drowsy,normal,normal,,1,0.26057,0.45211,0.39564,-31.434,176.257,-170.296,129.22
S02/normal/drowsy/S02_drowsy_normal_000318.jpg,S02,drowsy,normal,normal,,1,0.11153,0.45294,0.39292,-29.611,173.473,-168.655,129.14
S02/normal/drowsy/S02_drowsy_normal_000319.jpg,S02,drowsy,normal,normal,,1,0.07674,0.45274,0.3936,-28.994,173.035,-168.31,129.01
S02/normal/drowsy/S02_drowsy_normal_000320.jpg,S02,drowsy,normal,normal,,1,0.06288,0.4513,0.39028,-29.062,172.89,-168.43,129.23
S02/normal/drowsy/S02_drowsy_normal_000321.jpg,S02,drowsy,normal,normal,,1,0.06212,0.4522,0.39267,-28.362,172.121,-168.217,129.31
S02/normal/drowsy/S02_drowsy_normal_000322.jpg,S02,drowsy,normal,normal,,1,0.05409,0.45282,0.38731,-27.871,170.941,-167.761,129.24
S02/normal/drowsy/S02_drowsy_normal_000323.jpg,S02,drowsy,normal,normal,,1,0.06184,0.45218,0.39328,-28.728,172.065,-167.932,129.06
S02/normal/drowsy/S02_drowsy_normal_000324.jpg,S02,drowsy,normal,normal,,1,0.06099,0.45202,0.3912,-29.464,172.827,-168.125,128.97
S02/normal/drowsy/S02_drowsy_normal_000325.jpg,S02,drowsy,normal,normal,,1,0.05104,0.4518,0.39003,-28.636,172.319,-167.961,129.19
S02/normal/drowsy/S02_drowsy_normal_000326.jpg,S02,drowsy,normal,normal,,1,0.04901,0.45215,0.39243,-27.633,172.304,-167.972,129.19
S02/normal/drowsy/S02_drowsy_normal_000327.jpg,S02,drowsy,normal,normal,,1,0.07918,0.45104,0.39236,-27.657,172.0,-168.342,126.5
S02/normal/drowsy/S02_drowsy_normal_000328.jpg,S02,drowsy,normal,normal,,1,0.08428,0.45084,0.39512,-29.047,171.859,-167.813,131.31
S02/normal/drowsy/S02_drowsy_normal_000329.jpg,S02,drowsy,normal,normal,,1,0.06646,0.45182,0.39329,-26.927,172.32,-168.251,131.56
S02/normal/drowsy/S02_drowsy_normal_000330.jpg,S02,drowsy,normal,normal,,1,0.06399,0.45187,0.39105,-25.86,172.554,-168.998,131.84
S02/normal/drowsy/S02_drowsy_normal_000331.jpg,S02,drowsy,normal,normal,,1,0.13712,0.45292,0.3983,-18.961,175.403,-170.376,132.62
S02/normal/drowsy/S02_drowsy_normal_000332.jpg,S02,drowsy,normal,normal,,1,0.10113,0.45248,0.40471,23.672,163.767,-179.854,133.48
S02/normal/drowsy/S02_drowsy_normal_000333.jpg,S02,drowsy,normal,normal,,1,0.05452,0.4509,0.40179,21.356,162.788,178.187,133.47
S02/normal/drowsy/S02_drowsy_normal_000334.jpg,S02,drowsy,normal,normal,,1,0.04153,0.45252,0.41497,14.058,164.67,-179.546,134.12
S02/normal/drowsy/S02_drowsy_normal_000335.jpg,S02,drowsy,normal,normal,,1,0.05676,0.45399,0.42684,-8.815,171.951,-175.417,134.11
S02/normal/drowsy/S02_drowsy_normal_000336.jpg,S02,drowsy,normal,normal,,1,0.06646,0.45422,0.43516,-5.3,168.947,-174.995,134.6
S02/normal/drowsy/S02_drowsy_normal_000337.jpg,S02,drowsy,normal,normal,,1,0.09044,0.45458,0.43928,-10.676,171.452,-174.098,134.73
S02/normal/drowsy/S02_drowsy_normal_000338.jpg,S02,drowsy,normal,normal,,1,0.07318,0.45229,0.43084,2.173,166.284,-175.752,134.31
S02/normal/drowsy/S02_drowsy_normal_000339.jpg,S02,drowsy,normal,normal,,1,0.05206,0.45411,0.44091,5.805,166.039,-176.425,134.15
S02/normal/drowsy/S02_drowsy_normal_000340.jpg,S02,drowsy,normal,normal,,1,0.04096,0.45224,0.44014,9.632,164.666,-177.261,134.25
S02/normal/drowsy/S02_drowsy_normal_000341.jpg,S02,drowsy,normal,normal,,1,0.07629,0.4499,0.44855,-7.207,169.55,-173.85,134.02
S02/normal/drowsy/S02_drowsy_normal_000342.jpg,S02,drowsy,normal,normal,,1,0.06318,0.45084,0.45139,-8.474,171.329,-173.929,133.98
S02/normal/drowsy/S02_drowsy_normal_000343.jpg,S02,drowsy,normal,normal,,1,0.06375,0.44923,0.43926,-8.775,169.987,-174.078,133.76
S02/normal/drowsy/S02_drowsy_normal_000344.jpg,S02,drowsy,normal,normal,,1,0.05536,0.45114,0.43644,-12.406,171.395,-174.48,133.57
S02/normal/drowsy/S02_drowsy_normal_000345.jpg,S02,drowsy,normal,normal,,1,0.0691,0.45144,0.43291,-12.651,172.078,-174.404,133.89
S02/normal/drowsy/S02_drowsy_normal_000346.jpg,S02,drowsy,normal,normal,,1,0.04793,0.45209,0.43786,-8.935,171.075,-174.457,133.87
S02/normal/drowsy/S02_drowsy_normal_000347.jpg,S02,drowsy,normal,normal,,1,0.04031,0.45081,0.43443,-7.694,171.563,-174.456,133.73
S02/normal/drowsy/S02_drowsy_normal_000348.jpg,S02,drowsy,normal,normal,,1,0.05942,0.45154,0.43598,-3.937,169.49,-174.733,133.84
S02/normal/drowsy/S02_drowsy_normal_000349.jpg,S02,drowsy,normal,normal,,1,0.06414,0.45122,0.43003,-6.617,170.234,-174.747,133.79
S02/normal/drowsy/S02_drowsy_normal_000350.jpg,S02,drowsy,normal,normal,,1,0.04337,0.45211,0.44275,-8.66,172.115,-175.029,133.85
S02/normal/drowsy/S02_drowsy_normal_000351.jpg,S02,drowsy,normal,normal,,1,0.06839,0.45134,0.43919,-9.534,172.8,-174.11,132.04
S02/normal/drowsy/S02_drowsy_normal_000352.jpg,S02,drowsy,normal,normal,,1,0.06546,0.4539,0.44247,-9.245,172.971,-173.599,130.78
S02/normal/drowsy/S02_drowsy_normal_000353.jpg,S02,drowsy,normal,normal,,1,0.06504,0.45262,0.44454,-11.667,173.479,-173.593,130.42
S02/normal/drowsy/S02_drowsy_normal_000354.jpg,S02,drowsy,normal,normal,,1,0.06306,0.45276,0.44948,-15.24,173.931,-172.833,130.61
S02/normal/drowsy/S02_drowsy_normal_000355.jpg,S02,drowsy,normal,normal,,1,0.04147,0.45258,0.4459,-15.569,173.859,-173.115,130.82
S02/normal/drowsy/S02_drowsy_normal_000356.jpg,S02,drowsy,normal,normal,,1,0.07247,0.45314,0.44105,-8.181,173.057,-173.82,130.53
S02/normal/drowsy/S02_drowsy_normal_000357.jpg,S02,drowsy,normal,normal,,1,0.08035,0.45218,0.43618,-10.707,172.361,-173.277,131.2
S02/normal/drowsy/S02_drowsy_normal_000358.jpg,S02,drowsy,normal,normal,,1,0.0548,0.45425,0.44542,-13.944,172.919,-172.319,130.83
S02/normal/drowsy/S02_drowsy_normal_000359.jpg,S02,drowsy,normal,normal,,1,0.04659,0.45114,0.45377,-10.223,172.759,-173.73,130.48
S02/normal/drowsy/S02_drowsy_normal_000360.jpg,S02,drowsy,normal,normal,,1,0.08247,0.4905,0.47529,-15.661,172.775,-172.866,130.7
S02/normal/drowsy/S02_drowsy_normal_000361.jpg,S02,drowsy,normal,normal,,1,0.06353,0.51501,0.47157,-19.185,173.987,-173.636,130.01
S02/normal/drowsy/S02_drowsy_normal_000362.jpg,S02,drowsy,normal,normal,,1,0.09813,0.45239,0.45925,-19.35,173.624,-172.696,130.28
S02/normal/drowsy/S02_drowsy_normal_000363.jpg,S02,drowsy,normal,normal,,1,0.06783,0.45091,0.45116,-19.066,171.51,-172.006,129.52
S02/normal/drowsy/S02_drowsy_normal_000364.jpg,S02,drowsy,normal,normal,,1,0.08542,0.5617,0.46142,-23.615,173.172,-171.735,130.71
S02/normal/drowsy/S02_drowsy_normal_000365.jpg,S02,drowsy,normal,normal,,1,0.1238,0.54369,0.46144,-18.139,172.224,-171.89,130.15
S02/normal/drowsy/S02_drowsy_normal_000366.jpg,S02,drowsy,normal,normal,,1,0.06026,0.54918,0.46246,-18.743,171.257,-171.163,130.12
S02/normal/drowsy/S02_drowsy_normal_000367.jpg,S02,drowsy,normal,normal,,1,0.06807,0.54169,0.47075,-16.262,172.224,-171.504,130.08
S02/normal/drowsy/S02_drowsy_normal_000368.jpg,S02,drowsy,normal,normal,,1,0.05239,0.55006,0.46249,-21.213,172.069,-171.098,129.96
S02/normal/drowsy/S02_drowsy_normal_000369.jpg,S02,drowsy,normal,normal,,1,0.05862,0.51388,0.45931,-20.63,172.176,-171.041,130.08
S02/normal/drowsy/S02_drowsy_normal_000370.jpg,S02,drowsy,normal,normal,,1,0.09187,0.51946,0.45639,-18.448,172.518,-171.766,130.25
S02/normal/drowsy/S02_drowsy_normal_000371.jpg,S02,drowsy,normal,normal,,1,0.04474,0.50938,0.46531,-19.588,172.495,-171.077,130.09
S02/normal/drowsy/S02_drowsy_normal_000372.jpg,S02,drowsy,normal,normal,,1,0.07542,0.45931,0.46345,-19.222,171.996,-171.163,130.13
S02/normal/drowsy/S02_drowsy_normal_000373.jpg,S02,drowsy,normal,normal,,1,0.07366,0.46874,0.45,-21.001,172.528,-171.282,130.34
S02/normal/drowsy/S02_drowsy_normal_000374.jpg,S02,drowsy,normal,normal,,1,0.06548,0.47233,0.45558,-21.289,172.766,-171.133,130.08
S02/normal/drowsy/S02_drowsy_normal_000375.jpg,S02,drowsy,normal,normal,,1,0.06814,0.45274,0.45081,-22.951,173.545,-170.208,130.78
S02/normal/drowsy/S02_drowsy_normal_000376.jpg,S02,drowsy,normal,normal,,1,0.11202,0.45235,0.45623,-25.117,173.335,-170.391,130.59
S02/normal/drowsy/S02_drowsy_normal_000377.jpg,S02,drowsy,normal,normal,,1,0.08834,0.44913,0.4575,-23.464,172.964,-170.064,130.27
S02/normal/drowsy/S02_drowsy_normal_000378.jpg,S02,drowsy,normal,normal,,1,0.11238,0.5031,0.4565,-25.623,173.584,-169.709,130.9
S02/normal/drowsy/S02_drowsy_normal_000379.jpg,S02,drowsy,normal,normal,,1,0.06616,0.52597,0.4585,-24.245,173.756,-170.78,130.1
S02/normal/drowsy/S02_drowsy_normal_000380.jpg,S02,drowsy,normal,normal,,1,0.05491,0.45121,0.45714,-25.717,173.894,-170.379,130.53
S02/normal/drowsy/S02_drowsy_normal_000381.jpg,S02,drowsy,normal,normal,,1,0.07022,0.45068,0.4627,-22.376,172.173,-169.47,130.07
S02/normal/drowsy/S02_drowsy_normal_000382.jpg,S02,drowsy,normal,normal,,1,0.06869,0.49251,0.46741,-23.658,174.109,-170.238,130.65
S02/normal/drowsy/S02_drowsy_normal_000383.jpg,S02,drowsy,normal,normal,,1,0.05962,0.49245,0.47793,-25.673,172.643,-169.705,129.87
S02/normal/drowsy/S02_drowsy_normal_000384.jpg,S02,drowsy,normal,normal,,1,0.1249,0.54013,0.47949,-27.48,172.789,-169.997,129.93
S02/normal/drowsy/S02_drowsy_normal_000385.jpg,S02,drowsy,normal,normal,,1,0.07735,0.54964,0.47147,-26.448,171.623,-169.053,130.84
S02/normal/drowsy/S02_drowsy_normal_000386.jpg,S02,drowsy,normal,normal,,1,0.0579,0.52321,0.47339,-25.019,172.656,-169.585,130.9
S02/normal/drowsy/S02_drowsy_normal_000387.jpg,S02,drowsy,normal,normal,,1,0.07572,0.45133,0.44118,-25.352,173.028,-169.619,130.98
S02/normal/drowsy/S02_drowsy_normal_000388.jpg,S02,drowsy,normal,normal,,1,0.05583,0.4494,0.44664,-25.463,172.804,-169.219,130.59
S02/normal/drowsy/S02_drowsy_normal_000389.jpg,S02,drowsy,normal,normal,,1,0.05532,0.51501,0.45802,-27.605,173.797,-168.241,130.31
S02/normal/drowsy/S02_drowsy_normal_000390.jpg,S02,drowsy,normal,normal,,1,0.07093,0.51347,0.45568,-26.894,172.555,-167.172,129.8
S02/normal/drowsy/S02_drowsy_normal_000391.jpg,S02,drowsy,normal,normal,,1,0.12073,0.45194,0.44274,-29.865,172.959,-167.976,131.21
S02/normal/drowsy/S02_drowsy_normal_000392.jpg,S02,drowsy,normal,normal,,1,0.06599,0.53807,0.43908,-29.887,173.717,-167.897,130.25
S02/normal/drowsy/S02_drowsy_normal_000393.jpg,S02,drowsy,normal,normal,,1,0.05558,0.46726,0.4284,-31.602,172.675,-167.279,130.53
S02/normal/drowsy/S02_drowsy_normal_000394.jpg,S02,drowsy,normal,normal,,1,0.09822,0.50158,0.43878,-33.075,172.604,-167.547,130.36
S02/normal/drowsy/S02_drowsy_normal_000395.jpg,S02,drowsy,normal,normal,,1,0.07545,0.55605,0.4247,-34.217,172.674,-166.703,129.95
S02/normal/drowsy/S02_drowsy_normal_000396.jpg,S02,drowsy,normal,normal,,1,0.06915,0.51369,0.43102,-31.954,173.522,-166.686,129.93
S02/normal/drowsy/S02_drowsy_normal_000397.jpg,S02,drowsy,normal,normal,,1,0.07221,0.51238,0.42991,-33.986,172.216,-165.437,129.91
S02/normal/drowsy/S02_drowsy_normal_000398.jpg,S02,drowsy,normal,normal,,1,0.07116,0.54632,0.43156,-33.771,172.551,-165.871,130.21
S02/normal/drowsy/S02_drowsy_normal_000399.jpg,S02,drowsy,normal,normal,,1,0.11117,0.51538,0.4281,-33.404,172.855,-166.045,130.18
S02/normal/drowsy/S02_drowsy_normal_000400.jpg,S02,drowsy,normal,normal,,1,0.0686,0.45896,0.42867,-32.476,172.867,-166.415,129.98
S02/normal/drowsy/S02_drowsy_normal_000401.jpg,S02,drowsy,normal,normal,,1,0.08802,0.46528,0.42699,-32.508,174.597,-167.422,130.0
S02/normal/drowsy/S02_drowsy_normal_000402.jpg,S02,drowsy,normal,normal,,1,0.07308,0.46804,0.42507,-32.51,174.233,-167.145,129.91
S02/normal/drowsy/S02_drowsy_normal_000403.jpg,S02,drowsy,normal,normal,,1,0.07058,0.46174,0.42589,-33.118,172.759,-166.889,129.9
S02/normal/drowsy/S02_drowsy_normal_000404.jpg,S02,drowsy,normal,normal,,1,0.08151,0.44993,0.42462,-31.964,172.83,-167.145,130.14
S02/normal/drowsy/S02_drowsy_normal_000405.jpg,S02,drowsy,normal,normal,,1,0.08472,0.45175,0.42241,-32.473,172.906,-166.898,130.08
S02/normal/drowsy/S02_drowsy_normal_000406.jpg,S02,drowsy,normal,normal,,1,0.05806,0.45162,0.42199,-32.348,173.083,-167.16,130.4
S02/normal/drowsy/S02_drowsy_normal_000407.jpg,S02,drowsy,normal,normal,,1,0.06562,0.52381,0.43248,-32.612,174.077,-168.462,130.22
S02/normal/drowsy/S02_drowsy_normal_000408.jpg,S02,drowsy,normal,normal,,1,0.06004,0.46977,0.44229,-31.384,174.673,-167.835,130.2
S02/normal/drowsy/S02_drowsy_normal_000409.jpg,S02,drowsy,normal,normal,,1,0.06799,0.45307,0.44428,-32.619,172.606,-167.315,129.7
S02/normal/drowsy/S02_drowsy_normal_000410.jpg,S02,drowsy,normal,normal,,1,0.08139,0.48246,0.44762,-32.489,172.866,-167.643,130.16
S02/normal/drowsy/S02_drowsy_normal_000411.jpg,S02,drowsy,normal,normal,,1,0.11292,0.53719,0.44078,-31.514,173.727,-167.784,130.08
S02/normal/drowsy/S02_drowsy_normal_000412.jpg,S02,drowsy,normal,normal,,1,0.07182,0.54784,0.4429,-31.823,172.439,-166.944,129.94
S02/normal/drowsy/S02_drowsy_normal_000413.jpg,S02,drowsy,normal,normal,,1,0.06708,0.5644,0.43558,-31.231,172.412,-167.447,129.73
S02/normal/drowsy/S02_drowsy_normal_000414.jpg,S02,drowsy,normal,normal,,1,0.07748,0.47869,0.43818,-32.382,171.699,-166.669,129.64
S02/normal/drowsy/S02_drowsy_normal_000415.jpg,S02,drowsy,normal,normal,,1,0.04614,0.56655,0.43794,-33.407,172.085,-166.892,130.07
S02/normal/drowsy/S02_drowsy_normal_000416.jpg,S02,drowsy,normal,normal,,1,0.06774,0.49913,0.43908,-32.033,172.205,-167.382,130.04
S02/normal/drowsy/S02_drowsy_normal_000417.jpg,S02,drowsy,normal,normal,,1,0.05376,0.45723,0.42957,-24.959,-176.802,8.309,130.07
S02/normal/drowsy/S02_drowsy_normal_000418.jpg,S02,drowsy,normal,normal,,1,0.05283,0.53402,0.4486,-33.123,173.513,-167.724,129.94
S02/normal/drowsy/S02_drowsy_normal_000419.jpg,S02,drowsy,normal,normal,,1,0.0705,0.52751,0.43685,-34.342,172.32,-166.312,130.09
S02/normal/drowsy/S02_drowsy_normal_000420.jpg,S02,drowsy,normal,normal,,1,0.10171,0.45294,0.43371,-25.413,-176.758,10.145,129.58
S02/normal/drowsy/S02_drowsy_normal_000421.jpg,S02,drowsy,normal,normal,,1,0.06864,0.50189,0.42512,-35.326,171.986,-165.545,129.5
S02/normal/drowsy/S02_drowsy_normal_000422.jpg,S02,drowsy,normal,normal,,1,0.07836,0.58373,0.43018,-35.351,172.88,-165.85,130.04
S02/normal/drowsy/S02_drowsy_normal_000423.jpg,S02,drowsy,normal,normal,,1,0.05598,0.54794,0.44265,-33.767,172.925,-165.837,129.12
S02/normal/drowsy/S02_drowsy_normal_000424.jpg,S02,drowsy,normal,normal,,1,0.05155,0.57636,0.43988,-34.497,173.037,-166.037,129.87
S02/normal/drowsy/S02_drowsy_normal_000425.jpg,S02,drowsy,normal,normal,,1,0.06055,0.58602,0.43602,-35.074,172.94,-165.548,129.81
S02/normal/drowsy/S02_drowsy_normal_000426.jpg,S02,drowsy,normal,normal,,1,0.05561,0.56421,0.43467,-33.696,173.68,-167.079,130.18
S02/normal/drowsy/S02_drowsy_normal_000427.jpg,S02,drowsy,normal,normal,,1,0.07602,0.53125,0.43879,-32.08,173.263,-166.687,130.15
S02/normal/drowsy/S02_drowsy_normal_000428.jpg,S02,drowsy,normal,normal,,1,0.05994,0.54613,0.43805,-32.071,173.076,-166.769,129.93
S02/normal/drowsy/S02_drowsy_normal_000429.jpg,S02,drowsy,normal,normal,,1,0.05359,0.5421,0.43802,-32.701,173.53,-166.624,129.95
S02/normal/drowsy/S02_drowsy_normal_000430.jpg,S02,drowsy,normal,normal,,1,0.05969,0.50524,0.43499,-31.655,173.575,-167.033,130.53
S02/normal/drowsy/S02_drowsy_normal_000431.jpg,S02,drowsy,normal,normal,,1,0.08402,0.56115,0.44197,-33.235,174.01,-166.426,129.76
S02/normal/drowsy/S02_drowsy_normal_000432.jpg,S02,drowsy,normal,normal,,1,0.0792,0.45487,0.44571,-28.506,173.563,-167.957,130.65
S02/normal/drowsy/S02_drowsy_normal_000433.jpg,S02,drowsy,normal,normal,,1,0.07982,0.48845,0.43781,-33.477,172.967,-167.08,129.66
S02/normal/drowsy/S02_drowsy_normal_000434.jpg,S02,drowsy,normal,normal,,1,0.09101,0.53361,0.4396,-32.761,172.121,-166.972,130.65
S02/normal/drowsy/S02_drowsy_normal_000435.jpg,S02,drowsy,normal,normal,,1,0.08601,0.4583,0.43027,-33.384,172.113,-166.582,130.32
S02/normal/drowsy/S02_drowsy_normal_000436.jpg,S02,drowsy,normal,normal,,1,0.07516,0.49127,0.42777,-31.321,171.791,-166.638,130.44
S02/normal/drowsy/S02_drowsy_normal_000437.jpg,S02,drowsy,normal,normal,,1,0.09518,0.53147,0.42538,-33.065,172.427,-166.742,130.48
S02/normal/drowsy/S02_drowsy_normal_000438.jpg,S02,drowsy,normal,normal,,1,0.07338,0.57449,0.43944,-33.509,172.797,-167.276,130.35
S02/normal/drowsy/S02_drowsy_normal_000439.jpg,S02,drowsy,normal,normal,,1,0.06622,0.46363,0.42026,-33.961,172.281,-166.753,130.5
S02/normal/drowsy/S02_drowsy_normal_000440.jpg,S02,drowsy,normal,normal,,1,0.08506,0.55177,0.43978,-36.387,171.291,-166.616,130.48
S02/normal/drowsy/S02_drowsy_normal_000441.jpg,S02,drowsy,normal,normal,,1,0.07198,0.53607,0.43738,-34.877,173.575,-167.057,130.82
S02/normal/drowsy/S02_drowsy_normal_000442.jpg,S02,drowsy,normal,normal,,1,0.08485,0.46894,0.42856,-32.628,172.494,-166.422,129.86
S02/normal/drowsy/S02_drowsy_normal_000443.jpg,S02,drowsy,normal,normal,,1,0.06286,0.58858,0.44238,-33.375,171.729,-166.25,130.26
S02/normal/drowsy/S02_drowsy_normal_000444.jpg,S02,drowsy,normal,normal,,1,0.06919,0.5842,0.43623,-34.757,172.332,-166.461,130.46
S02/normal/drowsy/S02_drowsy_normal_000445.jpg,S02,drowsy,normal,normal,,1,0.0968,0.58793,0.43519,-35.888,172.4,-166.497,130.05
S02/normal/drowsy/S02_drowsy_normal_000446.jpg,S02,drowsy,normal,normal,,1,0.07416,0.58143,0.44064,-36.904,173.203,-166.307,130.44
S02/normal/drowsy/S02_drowsy_normal_000447.jpg,S02,drowsy,normal,normal,,1,0.07814,0.56802,0.44109,-35.001,171.856,-166.495,130.12
S02/normal/drowsy/S02_drowsy_normal_000448.jpg,S02,drowsy,normal,normal,,1,0.0936,0.51852,0.4333,-34.857,171.321,-166.41,130.3
S02/normal/drowsy/S02_drowsy_normal_000449.jpg,S02,drowsy,normal,normal,,1,0.04793,0.48161,0.42905,-35.262,171.786,-166.714,130.35
S02/normal/drowsy/S02_drowsy_normal_000450.jpg,S02,drowsy,normal,normal,,1,0.0555,0.4695,0.43421,-34.458,171.988,-166.941,130.17
S02/normal/drowsy/S02_drowsy_normal_000451.jpg,S02,drowsy,normal,normal,,1,0.07557,0.45392,0.43294,-27.774,-173.485,6.915,130.18
S02/normal/drowsy/S02_drowsy_normal_000452.jpg,S02,drowsy,normal,normal,,1,0.0574,0.59176,0.44236,-27.811,-177.903,8.302,130.34
S02/normal/drowsy/S02_drowsy_normal_000453.jpg,S02,drowsy,normal,normal,,1,0.05413,0.45287,0.42874,-36.314,169.598,-164.887,130.56
S02/normal/drowsy/S02_drowsy_normal_000454.jpg,S02,drowsy,normal,normal,,1,0.09458,0.55157,0.43595,-35.864,171.734,-165.498,130.79
S02/normal/drowsy/S02_drowsy_normal_000455.jpg,S02,drowsy,normal,normal,,1,0.09552,0.48088,0.43754,-35.654,170.563,-163.896,130.41
S02/normal/drowsy/S02_drowsy_normal_000456.jpg,S02,drowsy,normal,normal,,1,0.0913,0.56525,0.43334,-36.802,173.133,-165.538,130.93
S02/normal/drowsy/S02_drowsy_normal_000457.jpg,S02,drowsy,normal,normal,,1,0.09875,0.51604,0.44183,-36.596,172.529,-165.32,130.4
S02/normal/drowsy/S02_drowsy_normal_000458.jpg,S02,drowsy,normal,normal,,1,0.06436,0.55075,0.44349,-34.607,172.425,-165.134,130.36
S02/normal/drowsy/S02_drowsy_normal_000459.jpg,S02,drowsy,normal,normal,,1,0.05639,0.48829,0.43488,-33.965,172.434,-165.324,131.07
S02/normal/drowsy/S02_drowsy_normal_000460.jpg,S02,drowsy,normal,normal,,1,0.09367,0.45399,0.42884,-36.364,172.716,-165.178,130.17
S02/normal/drowsy/S02_drowsy_normal_000461.jpg,S02,drowsy,normal,normal,,1,0.10612,0.54267,0.42514,-36.516,172.041,-165.304,130.55
S02/normal/drowsy/S02_drowsy_normal_000462.jpg,S02,drowsy,normal,normal,,1,0.05411,0.56237,0.4413,-35.278,171.676,-165.036,130.62
S02/normal/drowsy/S02_drowsy_normal_000463.jpg,S02,drowsy,normal,normal,,1,0.0641,0.55779,0.43863,-35.008,172.662,-165.929,130.59
S02/normal/drowsy/S02_drowsy_normal_000464.jpg,S02,drowsy,normal,normal,,1,0.07075,0.45727,0.43396,-34.93,173.375,-165.812,130.52
S02/normal/drowsy/S02_drowsy_normal_000465.jpg,S02,drowsy,normal,normal,,1,0.08546,0.50211,0.43541,-35.124,173.112,-165.537,130.64
S02/normal/drowsy/S02_drowsy_normal_000466.jpg,S02,drowsy,normal,normal,,1,0.10245,0.51179,0.4288,-35.41,172.454,-165.639,130.84
S02/normal/drowsy/S02_drowsy_normal_000467.jpg,S02,drowsy,normal,normal,,1,0.07897,0.49994,0.43168,-35.583,171.257,-164.858,130.83
S02/normal/drowsy/S02_drowsy_normal_000468.jpg,S02,drowsy,normal,normal,,1,0.05899,0.51914,0.42835,-36.159,169.627,-163.962,130.7
S02/normal/drowsy/S02_drowsy_normal_000469.jpg,S02,drowsy,normal,normal,,1,0.0747,0.50072,0.42157,-36.96,172.272,-164.841,131.04
S02/normal/drowsy/S02_drowsy_normal_000470.jpg,S02,drowsy,normal,normal,,1,0.11954,0.57601,0.44141,-37.507,173.504,-165.406,130.75
S02/normal/drowsy/S02_drowsy_normal_000471.jpg,S02,drowsy,normal,normal,,1,0.12571,0.5864,0.44171,-36.48,172.356,-165.648,131.4
S02/normal/drowsy/S02_drowsy_normal_000472.jpg,S02,drowsy,normal,normal,,1,0.11002,0.56875,0.43645,-36.101,173.389,-166.64,131.26
S02/normal/drowsy/S02_drowsy_normal_000473.jpg,S02,drowsy,normal,normal,,1,0.07267,0.50671,0.4394,-33.13,172.624,-166.275,130.86
S02/normal/drowsy/S02_drowsy_normal_000474.jpg,S02,drowsy,normal,normal,,1,0.0621,0.54136,0.43871,-35.296,172.966,-166.428,131.28
S02/normal/drowsy/S02_drowsy_normal_000475.jpg,S02,drowsy,normal,normal,,1,0.05909,0.51337,0.44461,-33.921,174.069,-166.373,131.25
S02/normal/drowsy/S02_drowsy_normal_000476.jpg,S02,drowsy,normal,normal,,1,0.08584,0.53687,0.44306,-34.112,174.234,-166.425,131.04
S02/normal/drowsy/S02_drowsy_normal_000477.jpg,S02,drowsy,normal,normal,,1,0.07777,0.51825,0.43637,-35.419,172.994,-166.262,131.18
S02/normal/drowsy/S02_drowsy_normal_000478.jpg,S02,drowsy,normal,normal,,1,0.06979,0.5152,0.44455,-34.335,172.587,-166.048,131.61
S02/normal/drowsy/S02_drowsy_normal_000479.jpg,S02,drowsy,normal,normal,,1,0.06249,0.48611,0.44345,-33.873,172.393,-165.638,131.1
S02/normal/drowsy/S02_drowsy_normal_000480.jpg,S02,drowsy,normal,normal,,1,0.07732,0.48712,0.43758,-33.218,172.711,-166.026,131.34
S02/normal/drowsy/S02_drowsy_normal_000481.jpg,S02,drowsy,normal,normal,,1,0.05039,0.48462,0.44103,-33.62,171.232,-165.444,131.38
S02/normal/drowsy/S02_drowsy_normal_000482.jpg,S02,drowsy,normal,normal,,1,0.07077,0.482,0.43952,-33.879,172.502,-165.781,131.2
S02/normal/drowsy/S02_drowsy_normal_000483.jpg,S02,drowsy,normal,normal,,1,0.06254,0.48705,0.43603,-33.509,172.72,-165.955,131.27
S02/normal/drowsy/S02_drowsy_normal_000484.jpg,S02,drowsy,normal,normal,,1,0.06743,0.46645,0.43118,-33.85,172.902,-166.219,131.44
S02/normal/drowsy/S02_drowsy_normal_000485.jpg,S02,drowsy,normal,normal,,1,0.06015,0.47183,0.43697,-33.661,171.784,-165.986,130.54
S02/normal/drowsy/S02_drowsy_normal_000486.jpg,S02,drowsy,normal,normal,,1,0.07487,0.46757,0.43365,-34.333,173.159,-166.191,131.67
S02/normal/drowsy/S02_drowsy_normal_000487.jpg,S02,drowsy,normal,normal,,1,0.09794,0.55856,0.44945,-36.759,171.971,-166.603,131.03
S02/normal/drowsy/S02_drowsy_normal_000488.jpg,S02,drowsy,normal,normal,,1,0.06492,0.55206,0.44256,-33.504,172.794,-166.592,131.99
S02/normal/drowsy/S02_drowsy_normal_000489.jpg,S02,drowsy,normal,normal,,1,0.06484,0.45363,0.43888,-33.422,172.667,-166.135,131.3
S02/normal/drowsy/S02_drowsy_normal_000490.jpg,S02,drowsy,normal,normal,,1,0.06443,0.48223,0.44452,-34.096,172.019,-166.634,132.17
S02/normal/drowsy/S02_drowsy_normal_000491.jpg,S02,drowsy,normal,normal,,1,0.08486,0.4606,0.43541,-33.153,173.409,-167.572,131.97
S02/normal/drowsy/S02_drowsy_normal_000492.jpg,S02,drowsy,normal,normal,,1,0.07812,0.45133,0.4328,-33.032,172.594,-167.583,132.24
S02/normal/drowsy/S02_drowsy_normal_000493.jpg,S02,drowsy,normal,normal,,1,0.07015,0.45011,0.42612,-32.266,172.742,-166.715,132.13
S02/normal/drowsy/S02_drowsy_normal_000494.jpg,S02,drowsy,normal,normal,,1,0.0586,0.45025,0.42955,-32.124,172.213,-166.781,132.09
S02/normal/drowsy/S02_drowsy_normal_000495.jpg,S02,drowsy,normal,normal,,1,0.06012,0.45211,0.42315,-33.182,172.418,-166.584,132.04
S02/normal/drowsy/S02_drowsy_normal_000496.jpg,S02,drowsy,normal,normal,,1,0.06078,0.4517,0.41749,-33.26,171.53,-166.025,131.99
S02/normal/drowsy/S02_drowsy_normal_000497.jpg,S02,drowsy,normal,normal,,1,0.06183,0.45169,0.41828,-32.391,172.537,-166.727,132.01
S02/normal/drowsy/S02_drowsy_normal_000498.jpg,S02,drowsy,normal,normal,,1,0.07473,0.45227,0.41991,-32.081,172.254,-166.466,131.92
S02/normal/drowsy/S02_drowsy_normal_000499.jpg,S02,drowsy,normal,normal,,1,0.07465,0.45029,0.4181,-32.564,171.63,-166.407,132.23
S02/normal/drowsy/S02_drowsy_normal_000500.jpg,S02,drowsy,normal,normal,,1,0.06285,0.45156,0.41799,-31.79,171.639,-166.695,132.19
S02/normal/drowsy/S02_drowsy_normal_000501.jpg,S02,drowsy,normal,normal,,1,0.10677,0.45,0.4189,-32.84,172.44,-166.948,132.67
S02/normal/drowsy/S02_drowsy_normal_000502.jpg,S02,drowsy,normal,normal,,1,0.09593,0.45227,0.42096,-32.213,171.65,-165.971,131.83
S02/normal/drowsy/S02_drowsy_normal_000503.jpg,S02,drowsy,normal,normal,,1,0.08473,0.45149,0.4201,-32.243,172.366,-165.543,132.18
S02/normal/drowsy/S02_drowsy_normal_000504.jpg,S02,drowsy,normal,normal,,1,0.08736,0.45052,0.42367,-32.93,170.844,-165.527,132.16
S02/normal/drowsy/S02_drowsy_normal_000505.jpg,S02,drowsy,normal,normal,,1,0.0965,0.45188,0.41517,-32.41,171.856,-165.789,131.86
S02/normal/drowsy/S02_drowsy_normal_000506.jpg,S02,drowsy,normal,normal,,1,0.11445,0.45096,0.41641,-32.801,173.264,-166.974,132.22
S02/normal/drowsy/S02_drowsy_normal_000507.jpg,S02,drowsy,normal,normal,,1,0.24234,0.44999,0.4185,-34.083,174.343,-167.407,132.07
S02/normal/drowsy/S02_drowsy_normal_000508.jpg,S02,drowsy,normal,normal,,1,0.26069,0.45073,0.41729,-33.03,174.893,-168.612,132.04
S02/normal/drowsy/S02_drowsy_normal_000509.jpg,S02,drowsy,normal,normal,,1,0.28745,0.44878,0.41967,-32.896,174.636,-168.682,132.21
S02/normal/drowsy/S02_drowsy_normal_000510.jpg,S02,drowsy,normal,normal,,1,0.29119,0.4497,0.41669,-32.729,174.778,-169.023,132.23
S02/normal/drowsy/S02_drowsy_normal_000511.jpg,S02,drowsy,normal,normal,,1,0.2364,0.45003,0.44372,-28.701,-179.075,-171.3,144.96
S02/normal/drowsy/S02_drowsy_normal_000512.jpg,S02,drowsy,normal,normal,,1,0.23454,0.4504,0.43724,-28.414,-179.708,-171.33,144.97
S02/normal/drowsy/S02_drowsy_normal_000513.jpg,S02,drowsy,normal,normal,,1,0.23683,0.45062,0.4443,-28.643,-178.884,-171.603,144.93
S02/normal/drowsy/S02_drowsy_normal_000514.jpg,S02,drowsy,normal,normal,,1,0.24647,0.45079,0.44097,-28.419,-178.275,-171.427,144.91
S02/normal/drowsy/S02_drowsy_normal_000515.jpg,S02,drowsy,normal,normal,,1,0.21275,0.45041,0.4444,-27.247,-179.925,-170.87,144.9
S02/normal/drowsy/S02_drowsy_normal_000516.jpg,S02,drowsy,normal,normal,,1,0.23879,0.44976,0.44475,-29.64,-178.498,-171.657,144.65
S02/normal/drowsy/S02_drowsy_normal_000517.jpg,S02,drowsy,normal,normal,,1,0.2655,0.45031,0.43708,-30.354,-179.301,-171.819,144.95
S02/normal/drowsy/S02_drowsy_normal_000518.jpg,S02,drowsy,normal,normal,,1,0.22273,0.45081,0.43938,-27.749,-178.859,-171.732,144.91
S02/normal/drowsy/S02_drowsy_normal_000519.jpg,S02,drowsy,normal,normal,,1,0.23882,0.45163,0.43404,-29.231,-178.268,-172.138,145.04
S02/normal/drowsy/S02_drowsy_normal_000520.jpg,S02,drowsy,normal,normal,,1,0.25252,0.44982,0.43953,-29.928,-178.52,-172.357,144.78
S02/normal/drowsy/S02_drowsy_normal_000521.jpg,S02,drowsy,normal,normal,,1,0.27512,0.45148,0.43621,-29.224,-177.606,-172.525,145.17
S02/normal/drowsy/S02_drowsy_normal_000522.jpg,S02,drowsy,normal,normal,,1,0.30022,0.45047,0.428,-30.35,-178.189,-172.146,145.34
S02/normal/drowsy/S02_drowsy_normal_000523.jpg,S02,drowsy,normal,normal,,1,0.29464,0.45197,0.43131,-28.662,-177.731,-171.971,145.17
S02/normal/drowsy/S02_drowsy_normal_000524.jpg,S02,drowsy,normal,normal,,1,0.30751,0.45139,0.43277,-29.823,-176.265,-173.051,145.45
S02/normal/drowsy/S02_drowsy_normal_000525.jpg,S02,drowsy,normal,normal,,1,0.29815,0.44927,0.43321,-28.825,-178.866,-171.943,145.21
S02/normal/drowsy/S02_drowsy_normal_000526.jpg,S02,drowsy,normal,normal,,1,0.30232,0.45037,0.43708,-29.321,-177.33,-172.447,145.51
S02/normal/drowsy/S02_drowsy_normal_000527.jpg,S02,drowsy,normal,normal,,1,0.27079,0.45166,0.43928,-29.028,-179.165,-171.683,145.3
S02/normal/drowsy/S02_drowsy_normal_000528.jpg,S02,drowsy,normal,normal,,1,0.24171,0.45066,0.43832,-29.263,-179.336,-171.857,145.4
S02/normal/drowsy/S02_drowsy_normal_000529.jpg,S02,drowsy,normal,normal,,1,0.2553,0.44965,0.43581,-30.209,-178.155,-172.623,145.37
S02/normal/drowsy/S02_drowsy_normal_000530.jpg,S02,drowsy,normal,normal,,1,0.23339,0.45155,0.42959,-30.739,-179.348,-171.56,145.41
S02/normal/drowsy/S02_drowsy_normal_000531.jpg,S02,drowsy,normal,normal,,1,0.25184,0.45077,0.43593,-29.866,-178.962,-172.003,145.42
S02/normal/drowsy/S02_drowsy_normal_000532.jpg,S02,drowsy,normal,normal,,1,0.26769,0.45085,0.43514,-29.692,-178.109,-172.091,145.32
S02/normal/drowsy/S02_drowsy_normal_000533.jpg,S02,drowsy,normal,normal,,1,0.2607,0.45008,0.43234,-28.597,-179.683,-171.767,145.43
S02/normal/drowsy/S02_drowsy_normal_000534.jpg,S02,drowsy,normal,normal,,1,0.25016,0.45016,0.43154,-30.131,179.945,-172.1,145.37
S02/normal/drowsy/S02_drowsy_normal_000535.jpg,S02,drowsy,normal,normal,,1,0.24616,0.45252,0.4311,-29.184,-178.32,-172.62,145.35
S02/normal/drowsy/S02_drowsy_normal_000536.jpg,S02,drowsy,normal,normal,,1,0.21564,0.45145,0.43396,-29.021,-179.513,-171.666,145.52
S02/normal/drowsy/S02_drowsy_normal_000537.jpg,S02,drowsy,normal,normal,,1,0.20873,0.45092,0.43494,-29.774,-179.109,-171.903,146.24
S02/normal/drowsy/S02_drowsy_normal_000538.jpg,S02,drowsy,normal,normal,,1,0.24031,0.45174,0.43714,-29.527,-178.481,-172.417,145.9
S02/normal/drowsy/S02_drowsy_normal_000539.jpg,S02,drowsy,normal,normal,,1,0.24625,0.44917,0.43437,-30.017,-178.005,-172.913,145.79
S02/normal/drowsy/S02_drowsy_normal_000540.jpg,S02,drowsy,normal,normal,,1,0.25009,0.45109,0.43983,-28.646,-177.146,-172.775,144.67
S02/normal/drowsy/S02_drowsy_normal_000541.jpg,S02,drowsy,normal,normal,,1,0.24398,0.44992,0.44516,-29.444,-178.355,-172.563,143.23
S02/normal/drowsy/S02_drowsy_normal_000542.jpg,S02,drowsy,normal,normal,,1,0.243,0.45388,0.44453,-29.477,-177.98,-172.602,139.4
S02/normal/drowsy/S02_drowsy_normal_000543.jpg,S02,drowsy,normal,normal,,1,0.22697,0.45179,0.43053,-29.084,-179.508,-171.799,138.09
S02/normal/drowsy/S02_drowsy_normal_000544.jpg,S02,drowsy,normal,normal,,1,0.23276,0.45396,0.42779,-28.376,179.978,-171.615,135.99
S02/normal/drowsy/S02_drowsy_normal_000545.jpg,S02,drowsy,normal,normal,,1,0.25108,0.45262,0.42253,-29.354,-179.96,-171.071,135.35
S02/normal/drowsy/S02_drowsy_normal_000546.jpg,S02,drowsy,normal,normal,,1,0.23637,0.45179,0.43035,-28.359,179.252,-170.631,134.44
S02/normal/drowsy/S02_drowsy_normal_000547.jpg,S02,drowsy,normal,normal,,1,0.23173,0.45187,0.42822,-29.117,178.611,-170.884,133.96
S02/normal/drowsy/S02_drowsy_normal_000548.jpg,S02,drowsy,normal,normal,,1,0.25013,0.45045,0.42475,-29.077,178.593,-171.538,134.29
S02/normal/drowsy/S02_drowsy_normal_000549.jpg,S02,drowsy,normal,normal,,1,0.25034,0.4502,0.41766,-29.224,179.795,-172.453,135.42
S02/normal/drowsy/S02_drowsy_normal_000550.jpg,S02,drowsy,normal,normal,,1,0.25177,0.45156,0.41997,-28.997,-179.969,-172.861,138.28
S02/normal/drowsy/S02_drowsy_normal_000551.jpg,S02,drowsy,normal,normal,,1,0.2619,0.45255,0.42172,-29.195,178.575,-173.343,139.77
S02/normal/drowsy/S02_drowsy_normal_000552.jpg,S02,drowsy,normal,normal,,1,0.22615,0.45423,0.42673,-29.508,178.635,-172.388,140.75
S02/normal/drowsy/S02_drowsy_normal_000553.jpg,S02,drowsy,normal,normal,,1,0.22536,0.45109,0.41975,-27.818,-179.547,-172.261,140.32
S02/normal/drowsy/S02_drowsy_normal_000554.jpg,S02,drowsy,normal,normal,,1,0.24071,0.45334,0.42364,-28.239,-179.218,-172.948,141.37
S02/normal/drowsy/S02_drowsy_normal_000555.jpg,S02,drowsy,normal,normal,,1,0.25536,0.45143,0.4197,-29.105,179.963,-171.457,140.91
S02/normal/drowsy/S02_drowsy_normal_000556.jpg,S02,drowsy,normal,normal,,1,0.26422,0.45218,0.4175,-27.548,-178.202,-171.835,141.83
S02/normal/drowsy/S02_drowsy_normal_000557.jpg,S02,drowsy,normal,normal,,1,0.30015,0.45243,0.41561,-27.585,-177.538,-172.92,140.68
S02/normal/drowsy/S02_drowsy_normal_000558.jpg,S02,drowsy,normal,normal,,1,0.28601,0.45176,0.41814,-28.488,-178.219,-173.064,142.37
S02/normal/drowsy/S02_drowsy_normal_000559.jpg,S02,drowsy,normal,normal,,1,0.30181,0.45175,0.4237,-28.782,-178.057,-172.534,140.78
S02/normal/drowsy/S02_drowsy_normal_000560.jpg,S02,drowsy,normal,normal,,1,0.28656,0.45111,0.42764,-28.585,-178.742,-172.607,141.94
S02/normal/drowsy/S02_drowsy_normal_000561.jpg,S02,drowsy,normal,normal,,1,0.30962,0.4521,0.43747,-28.502,-177.577,-173.177,141.02
S02/normal/drowsy/S02_drowsy_normal_000562.jpg,S02,drowsy,normal,normal,,1,0.32737,0.45178,0.43723,-27.499,-177.832,-172.527,141.73
S02/normal/drowsy/S02_drowsy_normal_000563.jpg,S02,drowsy,normal,normal,,1,0.31967,0.4497,0.43096,-28.943,-177.826,-173.033,141.36
S02/normal/drowsy/S02_drowsy_normal_000564.jpg,S02,drowsy,normal,normal,,1,0.29714,0.45153,0.43194,-26.315,-177.489,-172.325,142.36
S02/normal/drowsy/S02_drowsy_normal_000565.jpg,S02,drowsy,normal,normal,,1,0.27647,0.4501,0.454,-28.161,-177.965,-170.642,141.24
S02/normal/drowsy/S02_drowsy_normal_000566.jpg,S02,drowsy,normal,normal,,1,0.25275,0.52134,0.44759,-28.708,-178.256,-171.359,142.08
S02/normal/drowsy/S02_drowsy_normal_000567.jpg,S02,drowsy,normal,normal,,1,0.14854,0.45297,0.43222,-32.944,-179.729,-169.089,140.73
S02/normal/drowsy/S02_drowsy_normal_000568.jpg,S02,drowsy,normal,normal,,1,0.15105,0.45171,0.43891,-34.185,177.617,-167.131,140.32
S02/normal/drowsy/S02_drowsy_normal_000569.jpg,S02,drowsy,normal,normal,,1,0.22724,0.50611,0.46529,-35.475,178.93,-166.037,140.12
S02/normal/drowsy/S02_drowsy_normal_000570.jpg,S02,drowsy,normal,normal,,1,0.23958,0.55591,0.44903,-36.001,178.288,-165.893,140.97
S02/normal/drowsy/S02_drowsy_normal_000571.jpg,S02,drowsy,normal,normal,,1,0.23735,0.52514,0.45736,-34.397,-179.312,-168.414,141.14
S02/normal/drowsy/S02_drowsy_normal_000572.jpg,S02,drowsy,normal,normal,,1,0.26793,0.54997,0.45112,-30.69,-177.709,-170.161,140.78
S02/normal/drowsy/S02_drowsy_normal_000573.jpg,S02,drowsy,normal,normal,,1,0.26209,0.54525,0.44978,-29.035,-178.16,-170.71,140.58
S02/normal/drowsy/S02_drowsy_normal_000574.jpg,S02,drowsy,normal,normal,,1,0.14997,0.51882,0.44797,-29.646,-179.14,-170.73,140.75
S02/normal/drowsy/S02_drowsy_normal_000575.jpg,S02,drowsy,normal,normal,,1,0.22241,0.46575,0.43011,-29.564,-179.232,-171.689,140.31
S02/normal/drowsy/S02_drowsy_normal_000576.jpg,S02,drowsy,normal,normal,,1,0.19878,0.45353,0.4267,-28.544,-179.454,-171.584,140.98
S02/normal/drowsy/S02_drowsy_normal_000577.jpg,S02,drowsy,normal,normal,,1,0.21966,0.45852,0.44299,-27.264,-179.699,-170.827,140.58
S02/normal/drowsy/S02_drowsy_normal_000578.jpg,S02,drowsy,normal,normal,,1,0.17472,0.51057,0.44359,-29.308,179.823,-171.348,141.48
S02/normal/drowsy/S02_drowsy_normal_000579.jpg,S02,drowsy,normal,normal,,1,0.22133,0.48985,0.44514,-28.219,179.594,-171.209,140.69
S02/normal/drowsy/S02_drowsy_normal_000580.jpg,S02,drowsy,normal,normal,,1,0.18719,0.49041,0.43929,-27.013,179.376,-170.636,140.91
S02/normal/drowsy/S02_drowsy_normal_000581.jpg,S02,drowsy,normal,normal,,1,0.23459,0.45606,0.43605,-28.418,179.785,-171.024,141.08
S02/normal/drowsy/S02_drowsy_normal_000582.jpg,S02,drowsy,normal,normal,,1,0.21635,0.45263,0.43104,-27.324,178.899,-170.684,140.9
S02/normal/drowsy/S02_drowsy_normal_000583.jpg,S02,drowsy,normal,normal,,1,0.19661,0.45098,0.43502,-28.038,178.677,-169.922,140.57
S02/normal/drowsy/S02_drowsy_normal_000584.jpg,S02,drowsy,normal,normal,,1,0.19455,0.45122,0.43205,-28.151,179.643,-170.278,140.48
S02/normal/drowsy/S02_drowsy_normal_000585.jpg,S02,drowsy,normal,normal,,1,0.20667,0.45147,0.43006,-28.24,179.819,-171.041,139.79
S02/normal/drowsy/S02_drowsy_normal_000586.jpg,S02,drowsy,normal,normal,,1,0.19796,0.45152,0.43655,-28.556,-179.335,-171.064,141.23
S02/normal/drowsy/S02_drowsy_normal_000587.jpg,S02,drowsy,normal,normal,,1,0.2024,0.45068,0.43512,-26.954,179.666,-170.637,140.19
S02/normal/drowsy/S02_drowsy_normal_000588.jpg,S02,drowsy,normal,normal,,1,0.22562,0.45109,0.42491,-27.861,-179.807,-170.744,141.05
S02/normal/drowsy/S02_drowsy_normal_000589.jpg,S02,drowsy,normal,normal,,1,0.2886,0.45066,0.43171,-28.984,-177.674,-171.67,140.91
S02/normal/drowsy/S02_drowsy_normal_000590.jpg,S02,drowsy,normal,normal,,1,0.29921,0.45113,0.42935,-25.708,-179.047,-171.271,141.56
S02/normal/drowsy/S02_drowsy_normal_000591.jpg,S02,drowsy,normal,normal,,1,0.30785,0.45124,0.42933,-27.101,-178.252,-171.018,141.17
S02/normal/drowsy/S02_drowsy_normal_000592.jpg,S02,drowsy,normal,normal,,1,0.3147,0.4525,0.44026,-26.742,-178.45,-171.349,140.73
S02/normal/drowsy/S02_drowsy_normal_000593.jpg,S02,drowsy,normal,normal,,1,0.29771,0.45056,0.43014,-27.544,-178.808,-171.143,141.11
S02/normal/drowsy/S02_drowsy_normal_000594.jpg,S02,drowsy,normal,normal,,1,0.30822,0.45219,0.43102,-27.351,-177.808,-171.324,140.93
S02/normal/drowsy/S02_drowsy_normal_000595.jpg,S02,drowsy,normal,normal,,1,0.3014,0.45864,0.43518,-26.768,-178.02,-171.352,141.63
S02/normal/drowsy/S02_drowsy_normal_000596.jpg,S02,drowsy,normal,normal,,1,0.30322,0.45115,0.43509,-28.276,-178.361,-170.827,141.46
S02/normal/drowsy/S02_drowsy_normal_000597.jpg,S02,drowsy,normal,normal,,1,0.20905,0.46284,0.43569,-27.56,179.365,-171.01,142.11
S02/normal/drowsy/S02_drowsy_normal_000598.jpg,S02,drowsy,normal,normal,,1,0.21887,0.4525,0.44226,-24.657,-179.979,-172.282,142.87
S02/normal/drowsy/S02_drowsy_normal_000599.jpg,S02,drowsy,normal,normal,,1,0.27579,0.45831,0.44706,-25.204,-178.168,-171.746,144.29
S02/normal/drowsy/S02_drowsy_normal_000600.jpg,S02,drowsy,normal,normal,,1,0.28007,0.45476,0.45855,-25.056,-178.517,-171.284,145.18
S02/normal/drowsy/S02_drowsy_normal_000601.jpg,S02,drowsy,normal,normal,,1,0.29111,0.46368,0.44792,-24.686,-177.463,-171.833,145.98
S02/normal/drowsy/S02_drowsy_normal_000602.jpg,S02,drowsy,normal,normal,,1,0.27781,0.46595,0.44616,-22.639,-177.973,-171.043,145.64
S02/normal/drowsy/S02_drowsy_normal_000603.jpg,S02,drowsy,normal,normal,,1,0.24074,0.46299,0.43928,-25.539,-178.655,-171.335,145.87
S02/normal/drowsy/S02_drowsy_normal_000604.jpg,S02,drowsy,normal,normal,,1,0.24043,0.47454,0.44912,-25.387,-177.123,-171.742,145.87
S02/normal/drowsy/S02_drowsy_normal_000605.jpg,S02,drowsy,normal,normal,,1,0.27735,0.47639,0.44362,-25.415,-178.863,-172.29,145.69
S02/normal/drowsy/S02_drowsy_normal_000606.jpg,S02,drowsy,normal,normal,,1,0.22536,0.4701,0.43961,-27.257,-176.253,-172.412,145.31
S02/normal/yawning/S02_yawning_normal_000000.jpg,S02,yawning,normal,normal,,1,0.26559,0.4507,0.43211,-22.424,-179.787,-173.406,141.05
S02/normal/yawning/S02_yawning_normal_000001.jpg,S02,yawning,normal,normal,,1,0.25961,0.51428,0.44599,-23.836,-179.363,-173.252,141.14
S02/normal/yawning/S02_yawning_normal_000002.jpg,S02,yawning,normal,normal,,1,0.26995,0.58674,0.45381,-24.392,-178.919,-173.413,141.29
S02/normal/yawning/S02_yawning_normal_000003.jpg,S02,yawning,normal,normal,,1,0.26711,0.58243,0.45421,-24.746,-179.278,-173.788,141.02
S02/normal/yawning/S02_yawning_normal_000004.jpg,S02,yawning,normal,normal,,1,0.28665,0.58954,0.46367,-25.135,-177.97,-174.04,141.09
S02/normal/yawning/S02_yawning_normal_000005.jpg,S02,yawning,normal,normal,,1,0.27839,0.61593,0.46277,-24.391,-177.223,-174.196,141.61
S02/normal/yawning/S02_yawning_normal_000006.jpg,S02,yawning,normal,normal,,1,0.26911,0.61507,0.46555,-25.424,-177.642,-173.767,141.18
S02/normal/yawning/S02_yawning_normal_000007.jpg,S02,yawning,normal,normal,,1,0.13261,0.63946,0.47263,-24.959,179.567,-172.698,141.54
S02/normal/yawning/S02_yawning_normal_000008.jpg,S02,yawning,normal,normal,,1,0.25101,0.64804,0.46967,-27.014,-177.274,-174.129,141.14
S02/normal/yawning/S02_yawning_normal_000009.jpg,S02,yawning,normal,normal,,1,0.26865,0.67403,0.48413,-27.319,-177.149,-174.238,141.32
S02/normal/yawning/S02_yawning_normal_000010.jpg,S02,yawning,normal,normal,,1,0.30149,0.67621,0.4847,-27.08,-176.584,-174.194,141.21
S02/normal/yawning/S02_yawning_normal_000011.jpg,S02,yawning,normal,normal,,1,0.29519,0.67693,0.47763,-27.545,-176.412,-174.304,141.2
S02/normal/yawning/S02_yawning_normal_000012.jpg,S02,yawning,normal,normal,,1,0.29826,0.67601,0.47351,-27.371,-176.904,-174.058,141.26
S02/normal/yawning/S02_yawning_normal_000013.jpg,S02,yawning,normal,normal,,1,0.30776,0.67826,0.48437,-26.215,-176.669,-173.925,141.25
S02/normal/yawning/S02_yawning_normal_000014.jpg,S02,yawning,normal,normal,,1,0.25512,0.69179,0.48291,-27.949,-178.101,-173.713,141.3
S02/normal/yawning/S02_yawning_normal_000015.jpg,S02,yawning,normal,normal,,1,0.2001,0.69649,0.50081,-26.698,-177.38,-173.556,141.11
S02/normal/yawning/S02_yawning_normal_000016.jpg,S02,yawning,normal,normal,,1,0.24402,0.65668,0.5175,-23.591,179.547,-172.946,144.8
S02/normal/yawning/S02_yawning_normal_000017.jpg,S02,yawning,normal,normal,,1,0.25811,0.63348,0.54596,-27.547,179.823,-174.477,144.0
S02/normal/yawning/S02_yawning_normal_000018.jpg,S02,yawning,normal,normal,,1,0.26922,0.50385,0.52122,-22.264,-176.602,-176.781,144.15
S02/normal/yawning/S02_yawning_normal_000019.jpg,S02,yawning,normal,normal,,1,0.17257,0.45912,0.50917,-22.271,-179.083,-173.547,145.24
S02/normal/yawning/S02_yawning_normal_000020.jpg,S02,yawning,normal,normal,,1,0.15499,0.44801,0.49429,-24.561,-174.301,-169.88,145.17
S02/normal/yawning/S02_yawning_normal_000021.jpg,S02,yawning,normal,normal,,1,0.18168,0.45026,0.49458,-24.394,-177.894,-168.986,145.27
S02/normal/yawning/S02_yawning_normal_000022.jpg,S02,yawning,normal,normal,,1,0.21063,0.4593,0.48006,-25.669,-173.16,-168.611,145.54
S02/normal/yawning/S02_yawning_normal_000023.jpg,S02,yawning,normal,normal,,1,0.1392,0.48698,0.49137,-24.487,-176.336,-175.73,143.96
S02/normal/yawning/S02_yawning_normal_000024.jpg,S02,yawning,normal,normal,,1,0.17687,0.45165,0.49232,-23.436,175.943,-172.257,139.39
S02/normal/yawning/S02_yawning_normal_000025.jpg,S02,yawning,normal,normal,,1,0.21608,0.45129,0.47755,-25.762,175.911,-171.798,139.47
S02/normal/yawning/S02_yawning_normal_000026.jpg,S02,yawning,normal,normal,,1,0.17272,0.45245,0.46735,-26.732,176.293,-171.013,139.85
S02/normal/yawning/S02_yawning_normal_000027.jpg,S02,yawning,normal,normal,,1,0.13907,0.45103,0.46111,-25.975,175.913,-168.67,139.97
S02/normal/yawning/S02_yawning_normal_000028.jpg,S02,yawning,normal,normal,,1,0.15982,0.45124,0.44813,-28.245,-179.709,-166.054,140.51
S02/normal/yawning/S02_yawning_normal_000029.jpg,S02,yawning,normal,normal,,1,0.20743,0.45298,0.44699,-29.605,-178.48,-163.152,140.23
S02/normal/yawning/S02_yawning_normal_000030.jpg,S02,yawning,normal,normal,,1,0.213,0.45133,0.43509,-30.585,179.188,-162.053,140.3
S02/normal/yawning/S02_yawning_normal_000031.jpg,S02,yawning,normal,normal,,1,0.20689,0.45275,0.43315,-31.787,179.656,-162.086,140.0
S02/normal/yawning/S02_yawning_normal_000032.jpg,S02,yawning,normal,normal,,1,0.217,0.45242,0.42841,-31.128,-178.929,-161.991,140.32
S02/normal/yawning/S02_yawning_normal_000033.jpg,S02,yawning,normal,normal,,1,0.21877,0.45349,0.43111,-31.157,-179.016,-162.515,140.35
S02/normal/yawning/S02_yawning_normal_000034.jpg,S02,yawning,normal,normal,,1,0.2082,0.45491,0.43478,-29.089,-178.152,-163.155,140.64
S02/normal/yawning/S02_yawning_normal_000035.jpg,S02,yawning,normal,normal,,1,0.20487,0.45285,0.43991,-27.617,-179.071,-165.286,140.49
S02/normal/yawning/S02_yawning_normal_000036.jpg,S02,yawning,normal,normal,,1,0.23115,0.45694,0.45656,-27.56,-179.861,-167.8,140.42
S02/normal/yawning/S02_yawning_normal_000037.jpg,S02,yawning,normal,normal,,1,0.22248,0.46813,0.47412,-26.959,178.59,-170.413,140.27
S02/normal/yawning/S02_yawning_normal_000038.jpg,S02,yawning,normal,normal,,1,0.22877,0.48485,0.49584,-25.427,174.753,-172.937,139.47
S02/normal/yawning/S02_yawning_normal_000039.jpg,S02,yawning,normal,normal,,1,0.23066,0.49535,0.50668,-26.578,175.873,-173.461,139.44
S02/normal/yawning/S02_yawning_normal_000040.jpg,S02,yawning,normal,normal,,1,0.19131,0.58823,0.51542,-27.878,173.497,-171.731,138.4
S02/normal/yawning/S02_yawning_normal_000041.jpg,S02,yawning,normal,normal,,1,0.20708,0.55846,0.50187,-27.59,173.646,-171.212,139.17
S02/normal/yawning/S02_yawning_normal_000042.jpg,S02,yawning,normal,normal,,1,0.20973,0.65617,0.50401,-29.65,176.129,-171.288,137.95
S02/normal/yawning/S02_yawning_normal_000043.jpg,S02,yawning,normal,normal,,1,0.23145,0.69463,0.50146,-32.165,179.206,-171.978,137.44
S02/normal/yawning/S02_yawning_normal_000044.jpg,S02,yawning,normal,normal,,1,0.22099,0.71663,0.50377,-33.334,-178.946,-170.137,137.89
S02/normal/yawning/S02_yawning_normal_000045.jpg,S02,yawning,normal,normal,,1,0.22723,0.72744,0.50247,-31.932,-177.96,-170.508,137.82
S02/normal/yawning/S02_yawning_normal_000046.jpg,S02,yawning,normal,normal,,1,0.20337,0.73438,0.50532,-32.6,-178.335,-171.128,138.29
S02/normal/yawning/S02_yawning_normal_000047.jpg,S02,yawning,normal,normal,,1,0.11197,0.73813,0.5183,-29.709,-177.853,-171.819,137.26
S02/normal/yawning/S02_yawning_normal_000048.jpg,S02,yawning,normal,normal,,1,0.17143,0.75435,0.54078,-28.577,-177.325,-173.314,135.85
S02/normal/yawning/S02_yawning_normal_000049.jpg,S02,yawning,normal,normal,,1,0.22204,0.75059,0.55999,-30.828,-177.73,-174.137,132.62
S02/normal/yawning/S02_yawning_normal_000050.jpg,S02,yawning,normal,normal,,1,0.22233,0.72094,0.54943,-30.661,-179.615,-173.393,135.2
S02/normal/yawning/S02_yawning_normal_000051.jpg,S02,yawning,normal,normal,,1,0.22001,0.72262,0.56557,-30.669,-178.944,-173.174,132.72
S02/normal/yawning/S02_yawning_normal_000052.jpg,S02,yawning,normal,normal,,1,0.22021,0.71813,0.56193,-29.63,-177.972,-172.721,134.57
S02/normal/yawning/S02_yawning_normal_000053.jpg,S02,yawning,normal,normal,,1,0.20857,0.69632,0.55976,-30.177,-178.296,-173.179,134.37
S02/normal/yawning/S02_yawning_normal_000054.jpg,S02,yawning,normal,normal,,1,0.08197,0.72,0.56772,-26.932,179.126,-172.574,134.37
S02/normal/yawning/S02_yawning_normal_000055.jpg,S02,yawning,normal,normal,,1,0.20615,0.70972,0.55885,-30.051,-178.459,-173.366,135.15
S02/normal/yawning/S02_yawning_normal_000056.jpg,S02,yawning,normal,normal,,1,0.22066,0.70283,0.55874,-30.053,-178.59,-173.396,135.04
S02/normal/yawning/S02_yawning_normal_000057.jpg,S02,yawning,normal,normal,,1,0.21838,0.67882,0.5611,-26.483,-178.403,-174.126,134.77
S02/normal/yawning/S02_yawning_normal_000058.jpg,S02,yawning,normal,normal,,1,0.22035,0.65565,0.55009,-26.768,-178.366,-173.606,134.72
S02/normal/yawning/S02_yawning_normal_000059.jpg,S02,yawning,normal,normal,,1,0.22693,0.6432,0.55082,-28.46,-179.713,-173.446,134.64
S02/normal/yawning/S02_yawning_normal_000060.jpg,S02,yawning,normal,normal,,1,0.22779,0.62585,0.54538,-28.667,179.34,-172.79,134.6
S02/normal/yawning/S02_yawning_normal_000061.jpg,S02,yawning,normal,normal,,1,0.22577,0.64512,0.54859,-28.01,-178.429,-173.637,134.7
S02/normal/yawning/S02_yawning_normal_000062.jpg,S02,yawning,normal,normal,,1,0.21594,0.72794,0.57325,-27.437,-178.668,-173.404,134.71
S02/normal/yawning/S02_yawning_normal_000063.jpg,S02,yawning,normal,normal,,1,0.23448,0.80818,0.57145,-30.101,-178.379,-172.978,134.83
S02/normal/yawning/S02_yawning_normal_000064.jpg,S02,yawning,normal,normal,,1,0.2271,0.8276,0.57819,-29.183,-177.959,-173.387,134.82
S02/normal/yawning/S02_yawning_normal_000065.jpg,S02,yawning,normal,normal,,1,0.23113,0.83947,0.57885,-31.342,-177.217,-174.159,134.85
S02/normal/yawning/S02_yawning_normal_000066.jpg,S02,yawning,normal,normal,,1,0.12278,0.86728,0.57636,-27.651,-178.64,-173.077,134.82
S02/normal/yawning/S02_yawning_normal_000067.jpg,S02,yawning,normal,normal,,1,0.18781,0.82589,0.56123,-30.54,-179.171,-174.491,134.45
S02/normal/yawning/S02_yawning_normal_000068.jpg,S02,yawning,normal,normal,,1,0.23997,0.84004,0.52471,-30.597,-177.416,-176.402,134.32
S02/normal/yawning/S02_yawning_normal_000069.jpg,S02,yawning,normal,normal,,1,0.26881,0.8181,0.50976,-29.762,-176.74,-176.414,134.32
S02/normal/yawning/S02_yawning_normal_000070.jpg,S02,yawning,normal,normal,,1,0.28216,0.80976,0.50454,-30.453,-177.261,-176.414,134.17
S02/normal/yawning/S02_yawning_normal_000071.jpg,S02,yawning,normal,normal,,1,0.2775,0.81612,0.50661,-29.146,-176.975,-176.303,134.24
S02/normal/yawning/S02_yawning_normal_000072.jpg,S02,yawning,normal,normal,,1,0.28609,0.81256,0.50239,-29.279,-176.685,-176.123,134.07
S02/normal/yawning/S02_yawning_normal_000073.jpg,S02,yawning,normal,normal,,1,0.28009,0.80068,0.50664,-29.302,-176.276,-176.139,134.26
S02/normal/yawning/S02_yawning_normal_000074.jpg,S02,yawning,normal,normal,,1,0.27653,0.81052,0.50586,-28.349,-176.026,-176.152,134.19
S02/normal/yawning/S02_yawning_normal_000075.jpg,S02,yawning,normal,normal,,1,0.27442,0.79107,0.5122,-28.616,-175.525,-176.141,134.35
S02/normal/yawning/S02_yawning_normal_000076.jpg,S02,yawning,normal,normal,,1,0.28175,0.79067,0.5059,-29.242,-175.39,-175.974,134.18
S02/normal/yawning/S02_yawning_normal_000077.jpg,S02,yawning,normal,normal,,1,0.28297,0.56679,0.48501,-27.33,-175.955,-175.963,134.47
S02/normal/yawning/S02_yawning_normal_000078.jpg,S02,yawning,normal,normal,,1,0.27421,0.45353,0.46959,-25.821,-176.929,-176.015,134.35
S02/normal/yawning/S02_yawning_normal_000079.jpg,S02,yawning,normal,normal,,1,0.25968,0.60651,0.48263,-27.207,-177.758,-175.584,134.49
S02/normal/yawning/S02_yawning_normal_000080.jpg,S02,yawning,normal,normal,,1,0.25056,0.56175,0.47897,-26.971,-177.915,-175.227,134.36
S02/normal/yawning/S02_yawning_normal_000081.jpg,S02,yawning,normal,normal,,1,0.23961,0.47618,0.47553,-25.718,-178.142,-174.358,134.32
S02/normal/yawning/S02_yawning_normal_000082.jpg,S02,yawning,normal,normal,,1,0.22739,0.4957,0.46969,-27.29,-178.808,-174.342,134.48
S02/normal/yawning/S02_yawning_normal_000083.jpg,S02,yawning,normal,normal,,1,0.21739,0.61052,0.50341,-27.199,-177.309,-173.396,134.36
S02/normal/yawning/S02_yawning_normal_000084.jpg,S02,yawning,normal,normal,,1,0.22817,0.60751,0.49824,-28.09,-177.829,-173.553,135.0
S02/normal/yawning/S02_yawning_normal_000085.jpg,S02,yawning,normal,normal,,1,0.23067,0.5939,0.4919,-26.615,-177.049,-173.688,135.09
S02/normal/yawning/S02_yawning_normal_000086.jpg,S02,yawning,normal,normal,,1,0.22534,0.58761,0.49167,-27.162,-176.742,-174.277,135.37
S02/normal/yawning/S02_yawning_normal_000087.jpg,S02,yawning,normal,normal,,1,0.2212,0.59043,0.49645,-25.811,-176.845,-174.204,135.23
S02/normal/yawning/S02_yawning_normal_000088.jpg,S02,yawning,normal,normal,,1,0.21121,0.55666,0.48764,-26.905,-177.641,-173.784,134.95
S02/normal/yawning/S02_yawning_normal_000089.jpg,S02,yawning,normal,normal,,1,0.22405,0.58261,0.49606,-26.357,-176.056,-173.579,135.71
S02/normal/yawning/S02_yawning_normal_000090.jpg,S02,yawning,normal,normal,,1,0.23443,0.59811,0.5059,-27.353,-178.096,-173.216,135.08
S02/normal/yawning/S02_yawning_normal_000091.jpg,S02,yawning,normal,normal,,1,0.22017,0.62277,0.50757,-27.167,-177.948,-173.302,135.42
S02/normal/yawning/S02_yawning_normal_000092.jpg,S02,yawning,normal,normal,,1,0.22234,0.66488,0.51967,-30.095,-177.061,-172.596,134.61
S02/normal/yawning/S02_yawning_normal_000093.jpg,S02,yawning,normal,normal,,1,0.23149,0.73465,0.54436,-30.376,-174.891,-172.868,134.92
S02/normal/yawning/S02_yawning_normal_000094.jpg,S02,yawning,normal,normal,,1,0.20819,0.78117,0.54551,-31.299,-175.541,-173.109,134.32
S02/normal/yawning/S02_yawning_normal_000095.jpg,S02,yawning,normal,normal,,1,0.21398,0.79711,0.55834,-30.468,-176.215,-173.627,134.79
S02/normal/yawning/S02_yawning_normal_000096.jpg,S02,yawning,normal,normal,,1,0.2185,0.81946,0.54005,-32.869,-176.386,-173.856,134.39
S02/normal/yawning/S02_yawning_normal_000097.jpg,S02,yawning,normal,normal,,1,0.18995,0.80977,0.54541,-31.449,-176.905,-173.257,134.73
S02/normal/yawning/S02_yawning_normal_000098.jpg,S02,yawning,normal,normal,,1,0.07437,0.82212,0.54749,-29.802,-179.385,-172.601,134.68
S02/normal/yawning/S02_yawning_normal_000099.jpg,S02,yawning,normal,normal,,1,0.1914,0.82768,0.5485,-31.036,-176.643,-173.302,134.64
S02/normal/yawning/S02_yawning_normal_000100.jpg,S02,yawning,normal,normal,,1,0.20022,0.81273,0.54494,-31.645,-176.693,-173.033,134.38
S02/normal/yawning/S02_yawning_normal_000101.jpg,S02,yawning,normal,normal,,1,0.21221,0.79162,0.55171,-30.397,-176.626,-173.272,134.68
S02/normal/yawning/S02_yawning_normal_000102.jpg,S02,yawning,normal,normal,,1,0.21133,0.76522,0.56093,-29.513,-174.346,-173.62,134.89
S02/normal/yawning/S02_yawning_normal_000103.jpg,S02,yawning,normal,normal,,1,0.22619,0.56334,0.50833,-28.007,-177.961,-173.503,134.83
S02/normal/yawning/S02_yawning_normal_000104.jpg,S02,yawning,normal,normal,,1,0.23167,0.45384,0.48521,-27.959,-179.78,-173.342,135.11
S02/normal/yawning/S02_yawning_normal_000105.jpg,S02,yawning,normal,normal,,1,0.22615,0.4515,0.48449,-25.66,-179.666,-172.89,134.88
S02/normal/yawning/S02_yawning_normal_000106.jpg,S02,yawning,normal,normal,,1,0.21871,0.45135,0.48917,-24.733,179.843,-172.645,134.85
S02/normal/yawning/S02_yawning_normal_000107.jpg,S02,yawning,normal,normal,,1,0.23111,0.45195,0.48929,-25.161,-179.569,-172.889,134.93
S02/normal/yawning/S02_yawning_normal_000108.jpg,S02,yawning,normal,normal,,1,0.22868,0.45223,0.49684,-24.613,-178.38,-173.047,135.05
S02/normal/yawning/S02_yawning_normal_000109.jpg,S02,yawning,normal,normal,,1,0.22508,0.4526,0.49536,-24.514,-179.391,-172.848,134.98
S02/normal/yawning/S02_yawning_normal_000110.jpg,S02,yawning,normal,normal,,1,0.21793,0.44933,0.50224,-24.752,-179.169,-172.573,135.05
S02/normal/yawning/S02_yawning_normal_000111.jpg,S02,yawning,normal,normal,,1,0.21482,0.64987,0.51144,-27.122,-179.121,-173.259,134.92
S02/normal/yawning/S02_yawning_normal_000112.jpg,S02,yawning,normal,normal,,1,0.19997,0.79198,0.53391,-27.865,-179.216,-173.18,134.87
S02/normal/yawning/S02_yawning_normal_000113.jpg,S02,yawning,normal,normal,,1,0.18506,0.81978,0.54974,-29.264,-179.714,-172.778,135.14
S02/normal/yawning/S02_yawning_normal_000114.jpg,S02,yawning,normal,normal,,1,0.19202,0.84613,0.56226,-28.266,-179.69,-172.904,134.57
S02/normal/yawning/S02_yawning_normal_000115.jpg,S02,yawning,normal,normal,,1,0.19542,0.8499,0.5608,-29.218,-178.135,-173.244,135.13
S02/normal/yawning/S02_yawning_normal_000116.jpg,S02,yawning,normal,normal,,1,0.17277,0.84051,0.56638,-28.083,-177.808,-172.999,134.84
S02/normal/yawning/S02_yawning_normal_000117.jpg,S02,yawning,normal,normal,,1,0.20038,0.81001,0.55206,-28.22,-178.32,-173.084,135.2
S02/normal/yawning/S02_yawning_normal_000118.jpg,S02,yawning,normal,normal,,1,0.22424,0.72827,0.53723,-28.205,-178.247,-173.749,135.1
S02/normal/yawning/S02_yawning_normal_000119.jpg,S02,yawning,normal,normal,,1,0.25071,0.44981,0.49974,-25.526,-179.319,-173.541,135.28
S02/normal/yawning/S02_yawning_normal_000120.jpg,S02,yawning,normal,normal,,1,0.23902,0.44798,0.49673,-25.483,-179.25,-173.393,135.24
S02/normal/yawning/S02_yawning_normal_000121.jpg,S02,yawning,normal,normal,,1,0.24262,0.44808,0.50171,-25.369,-178.448,-173.498,135.37
S02/normal/yawning/S02_yawning_normal_000122.jpg,S02,yawning,normal,normal,,1,0.24984,0.44943,0.4961,-25.413,-178.67,-173.21,135.15
S02/normal/yawning/S02_yawning_normal_000123.jpg,S02,yawning,normal,normal,,1,0.2517,0.44904,0.48311,-25.209,-179.568,-173.126,135.49
S02/normal/yawning/S02_yawning_normal_000124.jpg,S02,yawning,normal,normal,,1,0.24732,0.45195,0.49003,-25.065,-179.133,-173.543,135.47
S02/normal/yawning/S02_yawning_normal_000125.jpg,S02,yawning,normal,normal,,1,0.24631,0.63253,0.52081,-26.692,-177.718,-173.304,135.57
S02/normal/yawning/S02_yawning_normal_000126.jpg,S02,yawning,normal,normal,,1,0.2497,0.77114,0.5307,-29.494,-177.404,-173.625,135.67
S02/normal/yawning/S02_yawning_normal_000127.jpg,S02,yawning,normal,normal,,1,0.24512,0.84404,0.55073,-30.19,-178.143,-174.102,135.52
S02/normal/yawning/S02_yawning_normal_000128.jpg,S02,yawning,normal,normal,,1,0.24665,0.87715,0.55548,-29.748,-178.072,-173.947,135.56
S02/normal/yawning/S02_yawning_normal_000129.jpg,S02,yawning,normal,normal,,1,0.0892,0.87836,0.5691,-28.362,-179.424,-172.755,135.67
S02/normal/yawning/S02_yawning_normal_000130.jpg,S02,yawning,normal,normal,,1,0.2229,0.77134,0.55454,-29.78,-178.012,-173.787,135.69
S02/normal/yawning/S02_yawning_normal_000131.jpg,S02,yawning,normal,normal,,1,0.24378,0.63675,0.52723,-27.924,-177.334,-174.114,135.71
S02/normal/yawning/S02_yawning_normal_000132.jpg,S02,yawning,normal,normal,,1,0.23971,0.45171,0.48868,-24.703,-179.755,-173.933,135.83
S02/normal/yawning/S02_yawning_normal_000133.jpg,S02,yawning,normal,normal,,1,0.23642,0.45377,0.47321,-25.827,-178.577,-173.679,135.42
S02/normal/yawning/S02_yawning_normal_000134.jpg,S02,yawning,normal,normal,,1,0.23821,0.56682,0.47441,-25.328,-176.368,-173.948,135.33
S02/normal/yawning/S02_yawning_normal_000135.jpg,S02,yawning,normal,normal,,1,0.22136,0.64083,0.49369,-27.554,-175.679,-174.175,135.41
S02/normal/yawning/S02_yawning_normal_000136.jpg,S02,yawning,normal,normal,,1,0.22806,0.45297,0.47846,-25.448,-178.368,-172.629,135.29
S02/normal/yawning/S02_yawning_normal_000137.jpg,S02,yawning,normal,normal,,1,0.22196,0.53752,0.48022,-25.751,-179.141,-173.427,135.45
S02/normal/yawning/S02_yawning_normal_000138.jpg,S02,yawning,normal,normal,,1,0.22918,0.54254,0.48284,-25.634,-178.443,-173.457,135.28
S02/normal/yawning/S02_yawning_normal_000139.jpg,S02,yawning,normal,normal,,1,0.22317,0.52646,0.48599,-25.166,-178.408,-173.395,135.55
S02/normal/yawning/S02_yawning_normal_000140.jpg,S02,yawning,normal,normal,,1,0.23644,0.608,0.48899,-26.063,-178.001,-173.603,135.62
S02/normal/yawning/S02_yawning_normal_000141.jpg,S02,yawning,normal,normal,,1,0.2218,0.7184,0.51077,-27.231,-179.006,-172.648,135.89
S02/normal/yawning/S02_yawning_normal_000142.jpg,S02,yawning,normal,normal,,1,0.21613,0.76121,0.55912,-27.592,-176.106,-173.323,135.68
S02/normal/yawning/S02_yawning_normal_000143.jpg,S02,yawning,normal,normal,,1,0.20253,0.75374,0.54068,-28.242,-175.725,-173.669,136.15
S02/normal/yawning/S02_yawning_normal_000144.jpg,S02,yawning,normal,normal,,1,0.20914,0.74388,0.55225,-29.62,-175.258,-173.924,135.53
S02/normal/yawning/S02_yawning_normal_000145.jpg,S02,yawning,normal,normal,,1,0.1904,0.74689,0.54719,-30.672,-175.269,-174.147,136.1
S02/normal/yawning/S02_yawning_normal_000146.jpg,S02,yawning,normal,normal,,1,0.21085,0.7425,0.54275,-31.337,-174.107,-174.979,135.99
S02/normal/yawning/S02_yawning_normal_000147.jpg,S02,yawning,normal,normal,,1,0.19991,0.76059,0.53848,-30.923,-175.016,-174.27,136.48
S02/normal/yawning/S02_yawning_normal_000148.jpg,S02,yawning,normal,normal,,1,0.1969,0.75155,0.5351,-31.218,-175.034,-174.625,136.31
S02/normal/yawning/S02_yawning_normal_000149.jpg,S02,yawning,normal,normal,,1,0.19023,0.74004,0.53802,-29.738,-174.175,-175.584,136.31
S02/normal/yawning/S02_yawning_normal_000150.jpg,S02,yawning,normal,normal,,1,0.19527,0.73582,0.53443,-30.366,-175.247,-175.115,136.15
S02/normal/yawning/S02_yawning_normal_000151.jpg,S02,yawning,normal,normal,,1,0.17895,0.70758,0.52878,-29.555,-174.575,-175.47,135.82
S02/normal/yawning/S02_yawning_normal_000152.jpg,S02,yawning,normal,normal,,1,0.17672,0.70547,0.539,-29.5,-173.856,-174.731,135.82
S02/normal/yawning/S02_yawning_normal_000153.jpg,S02,yawning,normal,normal,,1,0.14131,0.68816,0.53908,-29.48,-175.645,-172.025,135.32
S02/normal/yawning/S02_yawning_normal_000154.jpg,S02,yawning,normal,normal,,1,0.17019,0.66814,0.51803,-25.763,-175.621,-173.694,136.23
S02/normal/yawning/S02_yawning_normal_000155.jpg,S02,yawning,normal,normal,,1,0.19864,0.55287,0.50983,-25.569,-177.784,-173.782,135.66
S02/normal/yawning/S02_yawning_normal_000156.jpg,S02,yawning,normal,normal,,1,0.20949,0.45969,0.48131,-24.019,-179.124,-174.936,136.45
S02/normal/yawning/S02_yawning_normal_000157.jpg,S02,yawning,normal,normal,,1,0.19117,0.45024,0.47704,-23.194,-179.28,-175.175,136.06
S02/normal/yawning/S02_yawning_normal_000158.jpg,S02,yawning,normal,normal,,1,0.21145,0.45101,0.48591,-23.447,-179.717,-174.21,136.49
S02/normal/yawning/S02_yawning_normal_000159.jpg,S02,yawning,normal,normal,,1,0.20378,0.45175,0.4837,-25.058,179.703,-174.297,136.49
S02/normal/yawning/S02_yawning_normal_000160.jpg,S02,yawning,normal,normal,,1,0.21801,0.45086,0.48464,-24.497,-179.52,-174.536,136.6
S02/normal/yawning/S02_yawning_normal_000161.jpg,S02,yawning,normal,normal,,1,0.23349,0.45355,0.48209,-24.418,-178.462,-174.97,136.61
S02/normal/yawning/S02_yawning_normal_000162.jpg,S02,yawning,normal,normal,,1,0.23057,0.48927,0.483,-24.867,-178.632,-174.434,136.59
S02/normal/yawning/S02_yawning_normal_000163.jpg,S02,yawning,normal,normal,,1,0.22811,0.57313,0.49519,-25.575,-178.708,-174.591,136.81
S02/normal/yawning/S02_yawning_normal_000164.jpg,S02,yawning,normal,normal,,1,0.21284,0.61405,0.50451,-26.053,-178.469,-174.084,136.72
S02/normal/yawning/S02_yawning_normal_000165.jpg,S02,yawning,normal,normal,,1,0.2162,0.62669,0.50476,-28.178,-177.057,-173.503,136.71
S02/normal/yawning/S02_yawning_normal_000166.jpg,S02,yawning,normal,normal,,1,0.23088,0.67917,0.52008,-27.498,-175.989,-174.061,136.7
S02/normal/yawning/S02_yawning_normal_000167.jpg,S02,yawning,normal,normal,,1,0.19074,0.71551,0.53785,-27.076,-175.321,-174.401,136.6
S02/normal/yawning/S02_yawning_normal_000168.jpg,S02,yawning,normal,normal,,1,0.11896,0.73149,0.53957,-26.83,-176.774,-173.534,136.65
S02/normal/yawning/S02_yawning_normal_000169.jpg,S02,yawning,normal,normal,,1,0.19438,0.7376,0.53922,-28.158,-176.071,-174.681,136.73
S02/normal/yawning/S02_yawning_normal_000170.jpg,S02,yawning,normal,normal,,1,0.18167,0.73967,0.55337,-26.494,-175.48,-174.101,136.48
S02/normal/yawning/S02_yawning_normal_000171.jpg,S02,yawning,normal,normal,,1,0.1957,0.74991,0.5475,-26.305,-176.01,-173.614,136.0
S02/normal/yawning/S02_yawning_normal_000172.jpg,S02,yawning,normal,normal,,1,0.2072,0.73357,0.56335,-27.894,-175.965,-174.185,135.17
S02/normal/yawning/S02_yawning_normal_000173.jpg,S02,yawning,normal,normal,,1,0.19699,0.74394,0.55991,-28.099,-176.143,-173.565,135.07
S02/normal/yawning/S02_yawning_normal_000174.jpg,S02,yawning,normal,normal,,1,0.20502,0.73769,0.54838,-29.454,-176.667,-174.002,135.14
S02/normal/yawning/S02_yawning_normal_000175.jpg,S02,yawning,normal,normal,,1,0.19376,0.7291,0.55659,-29.14,-175.716,-173.612,135.57
S02/normal/yawning/S02_yawning_normal_000176.jpg,S02,yawning,normal,normal,,1,0.19559,0.75819,0.56494,-28.379,-175.872,-173.79,135.35
S02/normal/yawning/S02_yawning_normal_000177.jpg,S02,yawning,normal,normal,,1,0.21532,0.74625,0.564,-29.852,-175.535,-173.733,135.48
S02/normal/yawning/S02_yawning_normal_000178.jpg,S02,yawning,normal,normal,,1,0.18499,0.75403,0.5592,-30.472,-176.485,-173.626,135.46
S02/normal/yawning/S02_yawning_normal_000179.jpg,S02,yawning,normal,normal,,1,0.20034,0.7578,0.56725,-28.881,-176.117,-174.014,135.45
S02/normal/yawning/S02_yawning_normal_000180.jpg,S02,yawning,normal,normal,,1,0.20755,0.79664,0.58186,-27.114,-177.401,-173.34,135.18
S02/normal/yawning/S02_yawning_normal_000181.jpg,S02,yawning,normal,normal,,1,0.17349,0.90083,0.60958,-31.713,178.919,-173.475,134.76
S02/normal/yawning/S02_yawning_normal_000182.jpg,S02,yawning,normal,normal,,1,0.18482,0.8407,0.61701,-33.251,178.491,-172.454,134.36
S02/normal/yawning/S02_yawning_normal_000183.jpg,S02,yawning,normal,normal,,1,0.16989,0.79908,0.59869,-36.763,173.844,-169.675,134.57
S02/normal/yawning/S02_yawning_normal_000184.jpg,S02,yawning,normal,normal,,1,0.20166,0.76551,0.60079,-22.208,166.295,11.778,136.47
S02/normal/yawning/S02_yawning_normal_000185.jpg,S02,yawning,normal,normal,,1,0.17523,0.59483,0.57968,-29.479,158.761,13.266,136.99
S02/normal/yawning/S02_yawning_normal_000186.jpg,S02,yawning,normal,normal,,1,0.25251,0.59515,0.54898,-43.504,155.531,19.475,136.42
S02/normal/yawning/S02_yawning_normal_000187.jpg,S02,yawning,normal,normal,,1,0.46991,0.47973,0.5097,-62.781,150.869,-158.507,137.3
S02/normal/yawning/S02_yawning_normal_000188.jpg,S02,yawning,normal,normal,,1,0.49584,0.55358,0.51736,-56.718,167.129,7.456,136.41
S02/normal/yawning/S02_yawning_normal_000189.jpg,S02,yawning,normal,normal,,1,0.48724,0.47963,0.51841,-58.335,164.935,9.72,136.91
S02/normal/yawning/S02_yawning_normal_000190.jpg,S02,yawning,normal,normal,,1,0.32937,0.58034,0.514,-57.085,155.411,-158.209,135.98
S02/normal/yawning/S02_yawning_normal_000191.jpg,S02,yawning,normal,normal,,1,0.18017,0.54327,0.50072,-46.112,167.488,-166.073,136.17
S02/normal/yawning/S02_yawning_normal_000192.jpg,S02,yawning,normal,normal,,1,0.19735,0.45229,0.50813,-38.424,166.748,-165.807,135.39
S02/normal/yawning/S02_yawning_normal_000193.jpg,S02,yawning,normal,normal,,1,0.20133,0.61646,0.50802,-36.673,171.251,-166.481,135.94
S02/normal/yawning/S02_yawning_normal_000194.jpg,S02,yawning,normal,normal,,1,0.15748,0.54011,0.51465,-34.478,172.608,-167.192,135.92
S02/normal/yawning/S02_yawning_normal_000195.jpg,S02,yawning,normal,normal,,1,0.20038,0.59225,0.50921,-33.343,173.386,-168.662,136.39
S02/normal/yawning/S02_yawning_normal_000196.jpg,S02,yawning,normal,normal,,1,0.28378,0.54752,0.50906,-30.792,175.156,-168.719,136.85
S02/normal/yawning/S02_yawning_normal_000197.jpg,S02,yawning,normal,normal,,1,0.29048,0.47483,0.5113,-29.869,176.006,-170.553,137.16
S02/normal/yawning/S02_yawning_normal_000198.jpg,S02,yawning,normal,normal,,1,0.27468,0.64589,0.5489,-29.924,173.943,-169.224,136.83
S02/normal/yawning/S02_yawning_normal_000199.jpg,S02,yawning,normal,normal,,1,0.29337,0.58951,0.54875,-33.058,179.081,-171.062,136.81
S02/normal/yawning/S02_yawning_normal_000200.jpg,S02,yawning,normal,normal,,1,0.18839,0.74202,0.61636,-32.484,173.432,-171.128,138.09
S02/normal/yawning/S02_yawning_normal_000201.jpg,S02,yawning,normal,normal,,1,0.21941,0.84658,0.56896,-26.11,179.959,-175.242,138.62
S02/normal/yawning/S02_yawning_normal_000202.jpg,S02,yawning,normal,normal,,1,0.22609,0.85277,0.54339,-30.465,177.347,-175.093,137.82
S02/normal/yawning/S02_yawning_normal_000203.jpg,S02,yawning,normal,normal,,1,0.20261,0.82832,0.5606,-30.473,178.301,-174.102,137.32
S02/normal/yawning/S02_yawning_normal_000204.jpg,S02,yawning,normal,normal,,1,0.19286,0.80669,0.5433,-34.649,176.564,-173.939,136.69
S02/normal/yawning/S02_yawning_normal_000205.jpg,S02,yawning,normal,normal,,1,0.20572,0.61699,0.52232,-29.724,176.127,-173.241,135.93
S02/normal/yawning/S02_yawning_normal_000206.jpg,S02,yawning,normal,normal,,1,0.16425,0.54465,0.50652,-27.579,174.276,-171.256,134.79
S02/normal/yawning/S02_yawning_normal_000207.jpg,S02,yawning,normal,normal,,1,0.17741,0.57181,0.51861,-26.907,175.265,-171.817,134.68
S02/normal/yawning/S02_yawning_normal_000208.jpg,S02,yawning,normal,normal,,1,0.19975,0.54623,0.51611,-26.43,174.451,-171.26,135.5
S02/normal/yawning/S02_yawning_normal_000209.jpg,S02,yawning,normal,normal,,1,0.15274,0.70233,0.55746,-29.423,176.293,-170.784,136.0
S02/normal/yawning/S02_yawning_normal_000210.jpg,S02,yawning,normal,normal,,1,0.19119,0.67222,0.57557,-28.663,176.056,-172.205,136.52
S02/normal/yawning/S02_yawning_normal_000211.jpg,S02,yawning,normal,normal,,1,0.17475,0.62397,0.52926,-32.343,174.381,-171.9,136.29
S02/normal/yawning/S02_yawning_normal_000212.jpg,S02,yawning,normal,normal,,1,0.14745,0.58752,0.51741,-30.964,174.384,-172.036,136.11
S02/normal/yawning/S02_yawning_normal_000213.jpg,S02,yawning,normal,normal,,1,0.11833,0.6044,0.51455,-31.116,174.254,-171.671,136.02
S02/normal/yawning/S02_yawning_normal_000214.jpg,S02,yawning,normal,normal,,1,0.12589,0.61969,0.50741,-32.341,176.672,-171.706,136.15
S02/normal/yawning/S02_yawning_normal_000215.jpg,S02,yawning,normal,normal,,1,0.29194,0.5815,0.49129,-32.758,176.895,-171.522,136.22
S02/normal/yawning/S02_yawning_normal_000216.jpg,S02,yawning,normal,normal,,1,0.29739,0.54349,0.51568,-29.737,175.202,-170.646,136.64
S02/normal/yawning/S02_yawning_normal_000217.jpg,S02,yawning,normal,normal,,1,0.29893,0.50855,0.50348,-30.672,175.432,-171.691,136.72
S02/normal/yawning/S02_yawning_normal_000218.jpg,S02,yawning,normal,normal,,1,0.29039,0.71227,0.52501,-32.928,175.854,-170.166,136.54
S02/normal/yawning/S02_yawning_normal_000219.jpg,S02,yawning,normal,normal,,1,0.21461,0.76571,0.54261,-33.131,173.577,-169.937,135.95
S02/normal/yawning/S02_yawning_normal_000220.jpg,S02,yawning,normal,normal,,1,0.21557,0.85669,0.54659,-36.64,175.695,-171.633,135.21
S02/normal/yawning/S02_yawning_normal_000221.jpg,S02,yawning,normal,normal,,1,0.23193,0.83457,0.5248,-34.914,176.746,-171.714,135.2
S02/normal/yawning/S02_yawning_normal_000222.jpg,S02,yawning,normal,normal,,1,0.23404,0.8442,0.53958,-33.292,179.703,-172.461,135.14
S02/normal/yawning/S02_yawning_normal_000223.jpg,S02,yawning,normal,normal,,1,0.2204,0.81821,0.5403,-32.157,179.931,-171.866,135.08
S02/normal/yawning/S02_yawning_normal_000224.jpg,S02,yawning,normal,normal,,1,0.191,0.81147,0.53075,-31.476,179.343,-171.686,135.33
S02/normal/yawning/S02_yawning_normal_000225.jpg,S02,yawning,normal,normal,,1,0.17533,0.79245,0.51501,-30.716,-178.54,-172.659,134.9
S02/normal/yawning/S02_yawning_normal_000226.jpg,S02,yawning,normal,normal,,1,0.237,0.76743,0.51037,-31.899,-178.975,-172.844,135.09
S02/normal/yawning/S02_yawning_normal_000227.jpg,S02,yawning,normal,normal,,1,0.2542,0.76355,0.50871,-32.193,-178.803,-173.223,134.65
S02/normal/yawning/S02_yawning_normal_000228.jpg,S02,yawning,normal,normal,,1,0.24302,0.77284,0.51124,-31.605,-179.067,-172.924,134.76
S02/normal/yawning/S02_yawning_normal_000229.jpg,S02,yawning,normal,normal,,1,0.25112,0.78613,0.51512,-31.55,-178.318,-173.168,134.55
S02/normal/yawning/S02_yawning_normal_000230.jpg,S02,yawning,normal,normal,,1,0.24216,0.79958,0.50623,-30.883,-178.073,-173.754,134.49
S02/normal/yawning/S02_yawning_normal_000231.jpg,S02,yawning,normal,normal,,1,0.2418,0.79977,0.5086,-29.965,-177.994,-173.586,134.42
S02/normal/yawning/S02_yawning_normal_000232.jpg,S02,yawning,normal,normal,,1,0.24488,0.79297,0.51704,-30.624,-177.611,-173.318,134.73
S02/normal/yawning/S02_yawning_normal_000233.jpg,S02,yawning,normal,normal,,1,0.25326,0.81189,0.51457,-30.778,-178.754,-171.945,134.53
S02/normal/yawning/S02_yawning_normal_000234.jpg,S02,yawning,normal,normal,,1,0.23698,0.86164,0.52298,-30.489,-178.495,-172.394,135.0
S02/normal/yawning/S02_yawning_normal_000235.jpg,S02,yawning,normal,normal,,1,0.2142,0.83535,0.4931,-30.975,-178.454,-174.066,135.47
S02/normal/yawning/S02_yawning_normal_000236.jpg,S02,yawning,normal,normal,,1,0.24557,0.75615,0.45481,-30.477,-176.964,-176.805,135.45
S02/normal/yawning/S02_yawning_normal_000237.jpg,S02,yawning,normal,normal,,1,0.23445,0.76791,0.46608,-29.411,-177.783,-175.174,135.53
S02/normal/yawning/S02_yawning_normal_000238.jpg,S02,yawning,normal,normal,,1,0.21811,0.7922,0.47563,-29.494,-177.214,-176.084,135.37
S02/normal/yawning/S02_yawning_normal_000239.jpg,S02,yawning,normal,normal,,1,0.20554,0.6785,0.45298,-26.605,-176.534,-175.087,135.6
S02/normal/yawning/S02_yawning_normal_000240.jpg,S02,yawning,normal,normal,,1,0.15954,0.45558,0.42014,-20.647,179.471,-173.617,135.22
S02/normal/yawning/S02_yawning_normal_000241.jpg,S02,yawning,normal,normal,,1,0.23325,0.56528,0.42177,-25.817,-177.794,-174.058,135.33
S02/normal/yawning/S02_yawning_normal_000242.jpg,S02,yawning,normal,normal,,1,0.26926,0.52141,0.42704,-25.868,-177.129,-174.213,135.16
S02/normal/yawning/S02_yawning_normal_000243.jpg,S02,yawning,normal,normal,,1,0.25398,0.51461,0.4235,-23.54,-177.112,-173.313,135.27
S02/normal/yawning/S02_yawning_normal_000244.jpg,S02,yawning,normal,normal,,1,0.26478,0.56868,0.45776,-27.588,-179.507,-172.246,136.17
S02/normal/yawning/S02_yawning_normal_000245.jpg,S02,yawning,normal,normal,,1,0.25231,0.6263,0.46911,-27.731,-177.954,-171.045,135.85
S02/normal/yawning/S02_yawning_normal_000246.jpg,S02,yawning,normal,normal,,1,0.24437,0.59261,0.46001,-28.82,-176.041,-171.901,136.74
S02/normal/yawning/S02_yawning_normal_000247.jpg,S02,yawning,normal,normal,,1,0.22003,0.64672,0.50704,-27.646,-176.015,-170.565,136.6
S02/normal/yawning/S02_yawning_normal_000248.jpg,S02,yawning,normal,normal,,1,0.22891,0.72031,0.52797,-29.889,-175.772,-171.452,137.0
S02/normal/yawning/S02_yawning_normal_000249.jpg,S02,yawning,normal,normal,,1,0.21047,0.73654,0.52536,-28.661,-176.908,-171.476,136.49
S02/normal/yawning/S02_yawning_normal_000250.jpg,S02,yawning,normal,normal,,1,0.2057,0.76394,0.54883,-29.503,-175.518,-172.095,136.56
S02/normal/yawning/S02_yawning_normal_000251.jpg,S02,yawning,normal,normal,,1,0.19129,0.77153,0.54543,-28.554,-175.662,-171.612,136.28
S02/normal/yawning/S02_yawning_normal_000252.jpg,S02,yawning,normal,normal,,1,0.16973,0.79457,0.54043,-30.001,-175.93,-172.7,137.32
S02/normal/yawning/S02_yawning_normal_000253.jpg,S02,yawning,normal,normal,,1,0.18443,0.77921,0.5365,-30.872,-176.143,-172.2,136.68
S02/normal/yawning/S02_yawning_normal_000254.jpg,S02,yawning,normal,normal,,1,0.19417,0.77789,0.5318,-29.756,-175.865,-172.581,137.26
S02/normal/yawning/S02_yawning_normal_000255.jpg,S02,yawning,normal,normal,,1,0.16801,0.79506,0.54337,-29.135,-178.608,-171.038,136.1
S02/normal/yawning/S02_yawning_normal_000256.jpg,S02,yawning,normal,normal,,1,0.20909,0.78234,0.54698,-32.016,-176.403,-171.518,136.33
S02/normal/yawning/S02_yawning_normal_000257.jpg,S02,yawning,normal,normal,,1,0.21649,0.8223,0.56701,-31.587,-176.24,-170.722,135.77
S02/normal/yawning/S02_yawning_normal_000258.jpg,S02,yawning,normal,normal,,1,0.19302,0.72471,0.5501,-30.205,-177.218,-171.692,136.08
S02/normal/yawning/S02_yawning_normal_000259.jpg,S02,yawning,normal,normal,,1,0.21663,0.67832,0.50402,-30.372,-177.097,-171.185,135.99
S02/normal/yawning/S02_yawning_normal_000260.jpg,S02,yawning,normal,normal,,1,0.23793,0.4519,0.48817,-24.752,179.216,-170.745,135.46
S02/normal/yawning/S02_yawning_normal_000261.jpg,S02,yawning,normal,normal,,1,0.20812,0.46323,0.47359,-25.507,-179.887,-171.074,135.05
S02/normal/yawning/S02_yawning_normal_000262.jpg,S02,yawning,normal,normal,,1,0.19093,0.45448,0.4656,-26.667,179.924,-169.198,135.88
S02/normal/yawning/S02_yawning_normal_000263.jpg,S02,yawning,normal,normal,,1,0.21158,0.53608,0.47933,-30.641,178.787,-169.559,135.78
S02/normal/yawning/S02_yawning_normal_000264.jpg,S02,yawning,normal,normal,,1,0.24821,0.52437,0.4489,-35.871,-179.575,-166.742,134.15
S02/normal/yawning/S02_yawning_normal_000265.jpg,S02,yawning,normal,normal,,1,0.31766,0.57178,0.45366,-39.871,176.819,-162.634,133.69
S02/normal/yawning/S02_yawning_normal_000266.jpg,S02,yawning,normal,normal,,1,0.28032,0.59049,0.45244,-38.047,179.2,-164.798,134.44
S02/normal/yawning/S02_yawning_normal_000267.jpg,S02,yawning,normal,normal,,1,0.11798,0.61867,0.48132,-30.466,179.57,-166.327,134.33
S02/normal/yawning/S02_yawning_normal_000268.jpg,S02,yawning,normal,normal,,1,0.17424,0.55242,0.48679,-22.451,-179.184,-170.287,135.12
S02/normal/yawning/S02_yawning_normal_000269.jpg,S02,yawning,normal,normal,,1,0.1898,0.58881,0.47853,-19.948,178.847,-170.328,134.55
S02/normal/yawning/S02_yawning_normal_000270.jpg,S02,yawning,normal,normal,,1,0.19586,0.506,0.47355,-22.025,179.438,-170.924,135.09
S02/normal/yawning/S02_yawning_normal_000271.jpg,S02,yawning,normal,normal,,1,0.20637,0.45883,0.46805,-22.687,-179.386,-171.562,134.76
S02/normal/yawning/S02_yawning_normal_000272.jpg,S02,yawning,normal,normal,,1,0.22825,0.5552,0.48111,-24.418,179.827,-171.038,134.81
S02/normal/yawning/S02_yawning_normal_000273.jpg,S02,yawning,normal,normal,,1,0.21706,0.65449,0.49787,-27.71,179.818,-170.683,135.34
S02/normal/yawning/S02_yawning_normal_000274.jpg,S02,yawning,normal,normal,,1,0.23081,0.71403,0.5213,-28.819,-179.659,-170.438,135.0
S02/normal/yawning/S02_yawning_normal_000275.jpg,S02,yawning,normal,normal,,1,0.22092,0.74213,0.54201,-28.847,-177.376,-169.931,135.53
S02/normal/yawning/S02_yawning_normal_000276.jpg,S02,yawning,normal,normal,,1,0.21795,0.75536,0.55167,-28.47,-178.021,-170.24,134.98
S02/normal/yawning/S02_yawning_normal_000277.jpg,S02,yawning,normal,normal,,1,0.22517,0.78326,0.54907,-29.925,-177.187,-171.033,134.88
S02/normal/yawning/S02_yawning_normal_000278.jpg,S02,yawning,normal,normal,,1,0.22839,0.77994,0.54558,-30.291,-177.512,-170.312,134.94
S02/normal/yawning/S02_yawning_normal_000279.jpg,S02,yawning,normal,normal,,1,0.21042,0.77325,0.54085,-29.888,-176.718,-170.515,135.08
S02/normal/yawning/S02_yawning_normal_000280.jpg,S02,yawning,normal,normal,,1,0.20711,0.78453,0.54814,-30.07,-177.4,-170.124,135.18
S02/normal/yawning/S02_yawning_normal_000281.jpg,S02,yawning,normal,normal,,1,0.19882,0.78435,0.54566,-31.32,-177.266,-170.696,135.26
S02/normal/yawning/S02_yawning_normal_000282.jpg,S02,yawning,normal,normal,,1,0.21742,0.79259,0.54768,-30.521,-177.223,-170.655,135.47
S02/normal/yawning/S02_yawning_normal_000283.jpg,S02,yawning,normal,normal,,1,0.23832,0.79319,0.53931,-32.282,-178.793,-170.45,135.43
S02/normal/yawning/S02_yawning_normal_000284.jpg,S02,yawning,normal,normal,,1,0.21875,0.79367,0.53875,-31.938,-177.04,-171.339,135.91
S02/normal/yawning/S02_yawning_normal_000285.jpg,S02,yawning,normal,normal,,1,0.20515,0.7927,0.54916,-30.845,-177.181,-171.428,135.49
S02/normal/yawning/S02_yawning_normal_000286.jpg,S02,yawning,normal,normal,,1,0.21724,0.79415,0.55187,-31.052,-176.762,-170.859,135.48
S02/normal/yawning/S02_yawning_normal_000287.jpg,S02,yawning,normal,normal,,1,0.21679,0.79629,0.5374,-30.494,-177.2,-171.15,135.66
S02/normal/yawning/S02_yawning_normal_000288.jpg,S02,yawning,normal,normal,,1,0.22859,0.81429,0.54035,-31.096,-177.611,-171.108,135.6
S02/normal/yawning/S02_yawning_normal_000289.jpg,S02,yawning,normal,normal,,1,0.22865,0.7967,0.54526,-31.363,-176.581,-171.115,135.88
S02/normal/yawning/S02_yawning_normal_000290.jpg,S02,yawning,normal,normal,,1,0.22506,0.80526,0.54064,-31.447,-175.589,-172.454,135.68
S02/normal/yawning/S02_yawning_normal_000291.jpg,S02,yawning,normal,normal,,1,0.1111,0.78471,0.54092,-30.181,-178.022,-170.603,135.78
S02/normal/yawning/S02_yawning_normal_000292.jpg,S02,yawning,normal,normal,,1,0.18075,0.79492,0.54505,-28.485,-177.227,-171.532,135.34
S02/normal/yawning/S02_yawning_normal_000293.jpg,S02,yawning,normal,normal,,1,0.22756,0.80967,0.532,-29.489,-176.41,-172.42,135.13
S02/normal/yawning/S02_yawning_normal_000294.jpg,S02,yawning,normal,normal,,1,0.22321,0.81152,0.53615,-30.431,-176.195,-172.219,135.4
S02/normal/yawning/S02_yawning_normal_000295.jpg,S02,yawning,normal,normal,,1,0.22972,0.79963,0.53444,-30.603,-177.392,-172.501,135.28
S02/normal/yawning/S02_yawning_normal_000296.jpg,S02,yawning,normal,normal,,1,0.23359,0.81958,0.53159,-30.902,-177.009,-172.361,135.11
S02/normal/yawning/S02_yawning_normal_000297.jpg,S02,yawning,normal,normal,,1,0.23478,0.80692,0.53289,-30.318,-177.298,-172.37,135.32
S02/normal/yawning/S02_yawning_normal_000298.jpg,S02,yawning,normal,normal,,1,0.23599,0.81963,0.52586,-30.703,-177.56,-171.821,134.81
S02/normal/yawning/S02_yawning_normal_000299.jpg,S02,yawning,normal,normal,,1,0.23365,0.81261,0.55906,-29.78,-176.503,-171.958,135.04
S02/normal/yawning/S02_yawning_normal_000300.jpg,S02,yawning,normal,normal,,1,0.19967,0.82269,0.55269,-28.008,-178.036,-171.287,135.25
S02/normal/yawning/S02_yawning_normal_000301.jpg,S02,yawning,normal,normal,,1,0.21937,0.81798,0.54117,-29.399,-177.903,-171.637,135.29
S02/normal/yawning/S02_yawning_normal_000302.jpg,S02,yawning,normal,normal,,1,0.22174,0.8214,0.54935,-29.661,-176.567,-172.341,135.64
S02/normal/yawning/S02_yawning_normal_000303.jpg,S02,yawning,normal,normal,,1,0.21069,0.82929,0.55271,-28.954,-176.316,-172.801,135.22
S02/normal/yawning/S02_yawning_normal_000304.jpg,S02,yawning,normal,normal,,1,0.2229,0.83152,0.55994,-30.661,-177.459,-172.078,135.06
S02/normal/yawning/S02_yawning_normal_000305.jpg,S02,yawning,normal,normal,,1,0.23579,0.82948,0.54134,-30.408,-177.112,-171.99,135.13
S02/normal/yawning/S02_yawning_normal_000306.jpg,S02,yawning,normal,normal,,1,0.22119,0.82519,0.53728,-29.256,-176.638,-172.432,135.2
S02/normal/yawning/S02_yawning_normal_000307.jpg,S02,yawning,normal,normal,,1,0.22486,0.82339,0.5442,-29.797,-178.337,-171.807,134.92
S02/normal/yawning/S02_yawning_normal_000308.jpg,S02,yawning,normal,normal,,1,0.23071,0.82561,0.53742,-30.629,-176.772,-171.691,135.1
S02/normal/yawning/S02_yawning_normal_000309.jpg,S02,yawning,normal,normal,,1,0.23714,0.82303,0.55369,-30.294,-176.701,-171.692,135.03
S02/normal/yawning/S02_yawning_normal_000310.jpg,S02,yawning,normal,normal,,1,0.23494,0.81364,0.54229,-30.125,-177.605,-171.696,135.05
S02/normal/yawning/S02_yawning_normal_000311.jpg,S02,yawning,normal,normal,,1,0.23493,0.80711,0.54985,-30.267,-176.832,-172.008,134.86
S02/normal/yawning/S02_yawning_normal_000312.jpg,S02,yawning,normal,normal,,1,0.22871,0.82228,0.55077,-30.932,-176.582,-172.12,133.93
S02/normal/yawning/S02_yawning_normal_000313.jpg,S02,yawning,normal,normal,,1,0.23965,0.80823,0.55132,-30.108,-176.25,-171.994,133.5
S02/normal/yawning/S02_yawning_normal_000314.jpg,S02,yawning,normal,normal,,1,0.24078,0.82469,0.53835,-28.885,-176.084,-172.819,133.31
S02/normal/yawning/S02_yawning_normal_000315.jpg,S02,yawning,normal,normal,,1,0.22359,0.81993,0.55102,-29.933,-176.592,-172.363,133.43
S02/normal/yawning/S02_yawning_normal_000316.jpg,S02,yawning,normal,normal,,1,0.23002,0.81556,0.54994,-30.845,-176.659,-172.387,134.65
S02/normal/yawning/S02_yawning_normal_000317.jpg,S02,yawning,normal,normal,,1,0.23271,0.81516,0.54184,-30.864,-176.61,-172.536,135.53
S02/normal/yawning/S02_yawning_normal_000318.jpg,S02,yawning,normal,normal,,1,0.23015,0.82079,0.54429,-32.094,-177.407,-171.801,135.77
S02/normal/yawning/S02_yawning_normal_000319.jpg,S02,yawning,normal,normal,,1,0.2356,0.82712,0.54415,-30.735,-176.07,-172.74,135.84
S02/normal/yawning/S02_yawning_normal_000320.jpg,S02,yawning,normal,normal,,1,0.23905,0.73144,0.51781,-29.506,-177.826,-172.135,135.91
S02/normal/yawning/S02_yawning_normal_000321.jpg,S02,yawning,normal,normal,,1,0.12947,0.57344,0.49218,-25.312,177.94,-170.907,136.16
S02/normal/yawning/S02_yawning_normal_000322.jpg,S02,yawning,normal,normal,,1,0.23502,0.45086,0.47526,-25.435,-179.561,-171.703,136.17
S02/normal/yawning/S02_yawning_normal_000323.jpg,S02,yawning,normal,normal,,1,0.24511,0.45186,0.47645,-25.767,179.198,-171.667,135.9
S02/normal/yawning/S02_yawning_normal_000324.jpg,S02,yawning,normal,normal,,1,0.23327,0.64236,0.49165,-27.481,-179.23,-171.579,136.28
S02/normal/yawning/S02_yawning_normal_000325.jpg,S02,yawning,normal,normal,,1,0.2292,0.72561,0.51585,-27.499,-178.092,-171.929,136.07
S02/normal/yawning/S02_yawning_normal_000326.jpg,S02,yawning,normal,normal,,1,0.23061,0.79087,0.52254,-28.232,-177.834,-172.456,136.09
S02/normal/yawning/S02_yawning_normal_000327.jpg,S02,yawning,normal,normal,,1,0.23742,0.82791,0.5319,-29.182,-178.876,-171.889,136.24
S02/normal/yawning/S02_yawning_normal_000328.jpg,S02,yawning,normal,normal,,1,0.24307,0.82843,0.52497,-28.803,-177.974,-172.913,135.94
S02/normal/yawning/S02_yawning_normal_000329.jpg,S02,yawning,normal,normal,,1,0.24147,0.81,0.53879,-29.859,-177.844,-172.45,136.71
S02/normal/yawning/S02_yawning_normal_000330.jpg,S02,yawning,normal,normal,,1,0.25599,0.79622,0.52815,-29.218,-177.239,-172.37,135.65
S02/normal/yawning/S02_yawning_normal_000331.jpg,S02,yawning,normal,normal,,1,0.26146,0.80111,0.52227,-30.225,-177.909,-171.9,136.3
S02/normal/yawning/S02_yawning_normal_000332.jpg,S02,yawning,normal,normal,,1,0.25432,0.80631,0.52199,-30.802,-176.492,-172.539,135.83
S02/normal/yawning/S02_yawning_normal_000333.jpg,S02,yawning,normal,normal,,1,0.25689,0.7912,0.5261,-30.622,-175.846,-173.036,136.5
S02/normal/yawning/S02_yawning_normal_000334.jpg,S02,yawning,normal,normal,,1,0.06218,0.7802,0.52821,-28.199,179.393,-169.851,136.36
S02/normal/yawning/S02_yawning_normal_000335.jpg,S02,yawning,normal,normal,,1,0.2247,0.78253,0.5275,-30.797,-178.001,-172.071,136.64
S02/normal/yawning/S02_yawning_normal_000336.jpg,S02,yawning,normal,normal,,1,0.23457,0.78543,0.5233,-31.543,-178.376,-171.811,136.17
S02/normal/yawning/S02_yawning_normal_000337.jpg,S02,yawning,normal,normal,,1,0.24114,0.79215,0.5288,-32.391,-176.305,-172.222,136.51
S02/normal/yawning/S02_yawning_normal_000338.jpg,S02,yawning,normal,normal,,1,0.2512,0.79115,0.52857,-30.343,-176.971,-172.242,136.64
S02/normal/yawning/S02_yawning_normal_000339.jpg,S02,yawning,normal,normal,,1,0.24826,0.79934,0.54737,-30.41,-176.476,-171.555,136.69
S02/normal/yawning/S02_yawning_normal_000340.jpg,S02,yawning,normal,normal,,1,0.24707,0.79227,0.53193,-30.492,-178.169,-171.757,137.03
S02/normal/yawning/S02_yawning_normal_000341.jpg,S02,yawning,normal,normal,,1,0.24085,0.80159,0.53163,-28.628,-177.075,-172.106,136.83
S02/normal/yawning/S02_yawning_normal_000342.jpg,S02,yawning,normal,normal,,1,0.24573,0.78575,0.53862,-29.284,-177.246,-172.214,136.8
S02/normal/yawning/S02_yawning_normal_000343.jpg,S02,yawning,normal,normal,,1,0.25426,0.8013,0.53331,-30.024,-177.202,-172.248,136.82
S02/normal/yawning/S02_yawning_normal_000344.jpg,S02,yawning,normal,normal,,1,0.24577,0.78399,0.53021,-29.553,-177.332,-171.762,136.59
S02/normal/yawning/S02_yawning_normal_000345.jpg,S02,yawning,normal,normal,,1,0.26442,0.79011,0.5341,-29.186,-175.777,-171.856,136.9
S02/normal/yawning/S02_yawning_normal_000346.jpg,S02,yawning,normal,normal,,1,0.2514,0.79667,0.53739,-31.176,-177.567,-172.009,136.57
S02/normal/yawning/S02_yawning_normal_000347.jpg,S02,yawning,normal,normal,,1,0.25569,0.7819,0.53428,-30.004,-176.593,-172.227,136.83
S02/normal/yawning/S02_yawning_normal_000348.jpg,S02,yawning,normal,normal,,1,0.13247,0.78981,0.54492,-28.263,-178.261,-171.236,136.58
S02/normal/yawning/S02_yawning_normal_000349.jpg,S02,yawning,normal,normal,,1,0.21412,0.79536,0.54424,-30.041,-176.693,-172.265,136.53
S02/normal/yawning/S02_yawning_normal_000350.jpg,S02,yawning,normal,normal,,1,0.24257,0.78753,0.52894,-29.808,-176.872,-172.431,136.49
S02/normal/yawning/S02_yawning_normal_000351.jpg,S02,yawning,normal,normal,,1,0.23516,0.78645,0.53664,-29.948,-176.75,-172.059,136.66
S02/normal/yawning/S02_yawning_normal_000352.jpg,S02,yawning,normal,normal,,1,0.24951,0.79315,0.5421,-29.351,-175.837,-172.712,136.66
S02/normal/yawning/S02_yawning_normal_000353.jpg,S02,yawning,normal,normal,,1,0.25997,0.7887,0.54485,-29.727,-175.801,-172.358,136.54
S02/normal/yawning/S02_yawning_normal_000354.jpg,S02,yawning,normal,normal,,1,0.26369,0.78927,0.54362,-29.345,-175.508,-172.358,137.02
S02/normal/yawning/S02_yawning_normal_000355.jpg,S02,yawning,normal,normal,,1,0.24889,0.79882,0.53816,-29.585,-176.406,-172.984,136.92
S02/normal/yawning/S02_yawning_normal_000356.jpg,S02,yawning,normal,normal,,1,0.24415,0.79583,0.54546,-29.484,-175.822,-172.388,136.83
S02/normal/yawning/S02_yawning_normal_000357.jpg,S02,yawning,normal,normal,,1,0.24777,0.78686,0.53389,-30.085,-176.127,-172.74,136.8
S02/normal/yawning/S02_yawning_normal_000358.jpg,S02,yawning,normal,normal,,1,0.23897,0.78575,0.53181,-30.029,-176.511,-171.971,136.83
S02/normal/yawning/S02_yawning_normal_000359.jpg,S02,yawning,normal,normal,,1,0.25283,0.79032,0.54176,-29.409,-176.389,-171.773,136.54
S02/normal/yawning/S02_yawning_normal_000360.jpg,S02,yawning,normal,normal,,1,0.25792,0.79999,0.52905,-30.008,-176.775,-172.256,136.96
S02/normal/yawning/S02_yawning_normal_000361.jpg,S02,yawning,normal,normal,,1,0.24384,0.78993,0.53803,-29.668,-177.657,-171.61,136.84
S02/normal/yawning/S02_yawning_normal_000362.jpg,S02,yawning,normal,normal,,1,0.24848,0.78131,0.53678,-31.272,-176.679,-172.495,137.28
S02/normal/yawning/S02_yawning_normal_000363.jpg,S02,yawning,normal,normal,,1,0.24778,0.76269,0.5486,-28.551,-175.309,-172.109,136.72
S02/normal/yawning/S02_yawning_normal_000364.jpg,S02,yawning,normal,normal,,1,0.24327,0.76698,0.54184,-30.297,-177.164,-171.761,137.16
S02/normal/yawning/S02_yawning_normal_000365.jpg,S02,yawning,normal,normal,,1,0.24871,0.70629,0.52814,-28.401,-177.988,-171.718,136.6
S02/normal/yawning/S02_yawning_normal_000366.jpg,S02,yawning,normal,normal,,1,0.24403,0.65807,0.5147,-26.651,-177.303,-171.082,136.71
S02/normal/yawning/S02_yawning_normal_000367.jpg,S02,yawning,normal,normal,,1,0.24224,0.62569,0.50864,-28.249,-177.313,-171.802,136.89
S02/normal/yawning/S02_yawning_normal_000368.jpg,S02,yawning,normal,normal,,1,0.12659,0.59027,0.50289,-25.67,179.476,-170.974,137.04
S02/normal/yawning/S02_yawning_normal_000369.jpg,S02,yawning,normal,normal,,1,0.22857,0.53464,0.49641,-26.747,-178.196,-171.635,136.86
S02/normal/yawning/S02_yawning_normal_000370.jpg,S02,yawning,normal,normal,,1,0.22875,0.56057,0.49344,-26.456,-178.012,-171.673,136.91
S02/normal/yawning/S02_yawning_normal_000371.jpg,S02,yawning,normal,normal,,1,0.23766,0.69325,0.51338,-27.622,-178.785,-171.088,136.95
S02/normal/yawning/S02_yawning_normal_000372.jpg,S02,yawning,normal,normal,,1,0.23255,0.78744,0.52498,-28.67,-178.314,-171.835,137.07
S02/normal/yawning/S02_yawning_normal_000373.jpg,S02,yawning,normal,normal,,1,0.22747,0.78742,0.52262,-28.832,-177.166,-172.216,136.88
S02/normal/yawning/S02_yawning_normal_000374.jpg,S02,yawning,normal,normal,,1,0.23046,0.80094,0.52215,-30.013,-177.159,-172.528,136.34
S02/normal/yawning/S02_yawning_normal_000375.jpg,S02,yawning,normal,normal,,1,0.2344,0.78866,0.52596,-30.186,-176.795,-171.532,136.83
S02/normal/yawning/S02_yawning_normal_000376.jpg,S02,yawning,normal,normal,,1,0.23792,0.81442,0.53366,-29.979,-176.483,-172.45,136.74
S02/normal/yawning/S02_yawning_normal_000377.jpg,S02,yawning,normal,normal,,1,0.23537,0.81065,0.53291,-29.622,-176.92,-172.117,136.58
S02/normal/yawning/S02_yawning_normal_000378.jpg,S02,yawning,normal,normal,,1,0.2373,0.81467,0.53067,-29.817,-177.663,-171.724,136.69
S02/normal/yawning/S02_yawning_normal_000379.jpg,S02,yawning,normal,normal,,1,0.24854,0.82931,0.53281,-30.873,-177.181,-172.023,136.84
S02/normal/yawning/S02_yawning_normal_000380.jpg,S02,yawning,normal,normal,,1,0.24595,0.83261,0.53898,-30.112,-177.628,-172.031,136.75
S02/normal/yawning/S02_yawning_normal_000381.jpg,S02,yawning,normal,normal,,1,0.23701,0.82703,0.54168,-29.911,-177.479,-172.122,136.82
S02/normal/yawning/S02_yawning_normal_000382.jpg,S02,yawning,normal,normal,,1,0.16938,0.82853,0.53424,-29.938,-179.254,-171.216,136.74
S02/normal/yawning/S02_yawning_normal_000383.jpg,S02,yawning,normal,normal,,1,0.2027,0.81772,0.5339,-30.554,-178.167,-171.418,137.03
S02/normal/yawning/S02_yawning_normal_000384.jpg,S02,yawning,normal,normal,,1,0.2207,0.78814,0.52722,-28.949,-176.876,-171.882,136.64
S02/normal/yawning/S02_yawning_normal_000385.jpg,S02,yawning,normal,normal,,1,0.22663,0.78114,0.54393,-30.562,-174.521,-172.665,137.04
S02/normal/yawning/S02_yawning_normal_000386.jpg,S02,yawning,normal,normal,,1,0.21576,0.7656,0.53468,-31.13,-174.277,-172.569,136.89
S02/normal/yawning/S02_yawning_normal_000387.jpg,S02,yawning,normal,normal,,1,0.19519,0.75489,0.5344,-31.419,-174.49,-172.156,137.13
S02/normal/yawning/S02_yawning_normal_000388.jpg,S02,yawning,normal,normal,,1,0.20617,0.74419,0.52659,-31.571,-175.874,-171.11,136.87
S02/normal/yawning/S02_yawning_normal_000389.jpg,S02,yawning,normal,normal,,1,0.22128,0.75128,0.52416,-30.988,-175.268,-171.717,137.02
S02/normal/yawning/S02_yawning_normal_000390.jpg,S02,yawning,normal,normal,,1,0.21949,0.73518,0.52406,-31.073,-174.407,-171.513,136.79
S02/normal/yawning/S02_yawning_normal_000391.jpg,S02,yawning,normal,normal,,1,0.21328,0.74304,0.52724,-30.499,-174.628,-171.399,136.83
S02/normal/yawning/S02_yawning_normal_000392.jpg,S02,yawning,normal,normal,,1,0.21139,0.73704,0.52555,-30.285,-173.967,-171.962,136.9
S02/normal/yawning/S02_yawning_normal_000393.jpg,S02,yawning,normal,normal,,1,0.22085,0.73501,0.52029,-30.545,-175.386,-171.632,136.86
S02/normal/yawning/S02_yawning_normal_000394.jpg,S02,yawning,normal,normal,,1,0.22268,0.73428,0.52185,-30.838,-175.137,-171.63,136.54
S02/normal/yawning/S02_yawning_normal_000395.jpg,S02,yawning,normal,normal,,1,0.2229,0.74073,0.52268,-30.612,-175.23,-171.376,136.76
S02/normal/yawning/S02_yawning_normal_000396.jpg,S02,yawning,normal,normal,,1,0.20983,0.73692,0.5269,-29.965,-174.845,-171.404,136.83
S02/normal/yawning/S02_yawning_normal_000397.jpg,S02,yawning,normal,normal,,1,0.21022,0.72669,0.51877,-29.784,-175.274,-171.304,136.99
S02/normal/yawning/S02_yawning_normal_000398.jpg,S02,yawning,normal,normal,,1,0.20529,0.67176,0.49969,-29.828,-177.679,-171.132,136.85
S02/normal/yawning/S02_yawning_normal_000399.jpg,S02,yawning,normal,normal,,1,0.22622,0.6177,0.4813,-28.765,-177.743,-171.405,136.9
S02/normal/yawning/S02_yawning_normal_000400.jpg,S02,yawning,normal,normal,,1,0.21033,0.62914,0.4898,-29.083,-177.578,-171.234,136.89
S02/normal/yawning/S02_yawning_normal_000401.jpg,S02,yawning,normal,normal,,1,0.23413,0.56284,0.48452,-26.192,-179.476,-171.373,136.8
S02/normal/yawning/S02_yawning_normal_000402.jpg,S02,yawning,normal,normal,,1,0.14786,0.57022,0.49033,-26.762,177.247,-169.222,136.32
S02/normal/yawning/S02_yawning_normal_000403.jpg,S02,yawning,normal,normal,,1,0.15206,0.61807,0.49534,-39.891,170.975,-166.084,135.97
S02/normal/yawning/S02_yawning_normal_000404.jpg,S02,yawning,normal,normal,,1,0.33531,0.62372,0.50117,-48.511,166.02,-162.382,136.72
S02/normal/yawning/S02_yawning_normal_000405.jpg,S02,yawning,normal,normal,,1,0.33188,0.45488,0.46891,-49.513,165.313,-161.355,136.03
S02/normal/yawning/S02_yawning_normal_000406.jpg,S02,yawning,normal,normal,,1,0.08717,0.48266,0.44074,-35.59,175.901,-167.986,135.35
S02/normal/yawning/S02_yawning_normal_000407.jpg,S02,yawning,normal,normal,,1,0.07291,0.5275,0.44027,-27.58,177.196,-168.793,135.25
S02/normal/yawning/S02_yawning_normal_000408.jpg,S02,yawning,normal,normal,,1,0.06901,0.53559,0.43116,-26.906,178.415,-169.078,135.37
